round,survey_rt,inner-regret,outer-regret,satisficing,disappointment,successful,explore_rt,explore_count,user_chosen_point,global_best,observed_best,final_choice,success,timeout,trial_type,trial_index,plugin_version,time_elapsed,explore_count_right,observed_best_choice,observed_choice_order,observed_point_order,phase_str,sigma01,env_alpha,env_beta,trial_number,user_chosen_point_right,user_unchosen_max_point,user_observed_max_point,regret_choose,regret_explore_total,chosen_true01,observed_best_true01,overall_best_true01,event,idx,click_num,visible_count,value_point,rt,stimulus,proceed,final_idx,finalChoice,global_seen,gini_index,user_id,explore_count_next,explore_count_diff
0,12666,79,67,80,80,75,27857,35,59,86,86,1,,,html-keyboard-response,5,2.1.0,336450,40,0,0_0_0_1_1_2_2_3_4_5_6_7_8_9_10_11_12_13_14_15_16_17_18_19_20_21_22_23_24_25_26_27_28_29_30_31_32_33_34_35,10_17_91_10_100_100_40_52_66_34_10_10_10_10_40_10_17_56_100_10_12_10_78_10_82_30_36_71_100_68_58_10_18_67_10_100_100_88_100_100,ExploreTrial,0.5,2,2,12,0,0,,0,0,0.0,0.0,0.0,observe_click,15,41,20,41,,,true,,,,0.4027251184834123,-OfNoZSLCyq-nPUIVoN4,9,-26
1,10777,77,75,80,76,75,55166,9,13,99,99,9,,,html-keyboard-response,13,2.1.0,426536,40,0,0_1_2_3_4_5_6_7_8_9_0_1_2_3_3_4_5_6_7_8_9_9_8_0_1_2_3_4_5_6_7_7_7_6_5_4_3_2_1_0,31_53_100_100_63_100_100_16_10_52_100_64_10_100_52_74_100_59_100_10_43_92_34_98_10_29_100_62_100_100_100_37_100_45_100_100_100_100_10_100,ExploreTrial,0.5,2,2,12,0,0,,0,0,0.0,0.0,0.0,observe_click,15,41,20,41,,,true,,,,0.3663294797687861,-OfNoZSLCyq-nPUIVoN4,2,-7
2,9540,82,79,77,81,79,126115,2,67,84,67,1,,,html-keyboard-response,21,2.1.0,586513,40,0,0_1_2_0_1_2_0_1_2_0_1_2_0_1_2_0_1_1_2_0_2_0_1_2_0_1_2_0_1_2_0_1_2_0_1_2_0_1_2_0,99_62_59_10_25_10_67_58_10_10_76_10_17_10_10_44_55_91_10_44_10_26_61_10_10_81_10_75_66_98_100_53_22_10_38_55_33_31_10_10,ExploreTrial,0.5,2,2,12,0,0,,0,0,0.0,0.0,0.0,observe_click,15,41,20,41,,,true,,,,0.4583333333333333,-OfNoZSLCyq-nPUIVoN4,4,2
3,24556,92,61,88,81,32,155609,4,47,95,50,1,,,html-keyboard-response,34,2.1.0,794519,40,0,0_1_2_3_4_0_1_2_3_4_0_1_2_3_3_4_0_1_2_4_0_1_2_3_4_0_1_2_3_4_0_1_2_3_4_0_1_1_2_3,99_10_65_23_81_39_62_10_10_10_10_10_10_67_10_18_11_59_10_13_10_100_100_48_34_76_100_49_29_12_10_100_10_100_72_10_40_79_16_100,ExploreTrial,0.5,2,2,12,0,0,,0,0,0.0,0.0,0.0,observe_click,15,41,20,41,,,true,,,,0.4068181818181818,-OfNoZSLCyq-nPUIVoN4,11,7
4,15800,77,26,79,40,90,232854,11,88,89,88,4,,,html-keyboard-response,42,2.1.0,1064706,40,0,0_1_2_3_4_5_6_7_8_9_0_1_2_3_4_5_6_7_8_9_0_1_2_3_4_5_6_7_8_9_1_2_4_5_10_11_11_11_11_11,44_100_40_31_67_24_13_10_50_27_52_64_83_10_100_100_10_25_10_13_76_100_90_60_82_100_100_100_10_10_53_47_100_25_49_95_100_21_63_11,ExploreTrial,0.5,2,2,12,0,0,,0,0,0.0,0.0,0.0,observe_click,15,41,20,41,,,true,,,,0.3757075471698113,-OfNoZSLCyq-nPUIVoN4,15,4
5,12504,44,43,79,38,39,207534,15,84,90,87,10,,,html-keyboard-response,50,2.1.0,1308212,40,0,0_1_2_3_4_5_6_7_8_9_1_2_3_4_6_7_8_9_1_2_3_4_7_9_10_11_12_10_11_12_10_4_10_10_13_14_15_13_14_15,37_70_67_62_88_27_82_51_48_48_53_48_44_71_19_48_14_40_100_62_53_100_65_21_100_72_10_100_10_10_100_35_100_82_71_34_10_40_100_73,ExploreTrial,0.5,2,2,12,0,0,,0,0,0.0,0.0,0.0,observe_click,15,41,20,41,,,true,,,,0.3385593220338983,-OfNoZSLCyq-nPUIVoN4,21,6
6,21964,77,23,21,23,23,208893,21,74,94,94,1,,,html-keyboard-response,58,2.1.0,1545925,40,0,0_1_2_3_4_5_6_7_8_9_1_2_3_6_8_1_3_6_8_10_11_12_13_14_15_16_17_18_18_18_19_20_21_21_21_21_1_1_21_1,10_100_70_64_13_58_100_10_76_45_40_53_100_51_100_98_10_79_34_10_10_48_62_41_46_10_10_100_35_45_10_10_95_85_70_15_10_100_31_73,ExploreTrial,0.5,2,2,12,0,0,,0,0,0.0,0.0,0.0,observe_click,15,41,20,41,,,true,,,,0.42168367346938773,-OfNoZSLCyq-nPUIVoN4,9,-12
7,16187,62,94,19,41,16,92961,9,49,99,49,4,,,html-keyboard-response,66,2.1.0,1672661,40,0,0_1_2_3_4_5_6_7_8_9_0_4_9_0_4_9_9_9_9_9_9_0_1_2_3_4_5_6_7_8_8_4_4_4_4_4_4_4_4_4,34_10_10_10_79_22_10_46_10_76_45_77_68_10_10_78_49_10_10_75_10_19_49_71_89_99_10_10_10_10_10_54_42_100_10_52_69_55_43_10,ExploreTrial,0.5,2,2,12,0,0,,0,0,0.0,0.0,0.0,observe_click,15,41,20,41,,,true,,,,0.3311224489795918,-OfNoZSLCyq-nPUIVoN4,39,30
8,17717,0,0,82,44,72,15120,39,82,96,96,24,,,html-keyboard-response,74,2.1.0,1717751,40,0,0_1_2_3_4_5_6_7_8_9_10_11_12_13_14_15_16_17_18_19_20_21_22_23_24_25_26_27_28_29_30_31_32_33_34_35_36_37_38_39,47_10_100_27_59_69_10_65_87_17_48_33_11_41_100_17_100_10_48_12_41_10_76_63_100_10_10_42_10_99_24_10_57_100_67_11_10_56_10_48,ExploreTrial,0.5,2,2,12,0,0,,0,0,0.0,0.0,0.0,observe_click,15,41,20,41,,,true,,,,0.3416666666666667,-OfNoZSLCyq-nPUIVoN4,19,-20
9,15662,42,23,75,27,80,98202,19,89,96,96,13,,,html-keyboard-response,82,2.1.0,1845862,40,0,0_1_2_3_4_5_6_7_8_9_10_11_12_13_14_15_16_17_18_19_0_1_13_14_19_0_13_13_13_13_13_13_13_13_13_13_13_13_13_13,80_92_67_79_10_34_13_26_47_40_12_66_11_100_85_13_37_70_20_83_100_82_100_68_38_23_100_53_100_87_98_100_100_74_85_36_84_38_100_100,ExploreTrial,0.5,2,2,12,0,0,,0,0,0.0,0.0,0.0,observe_click,15,41,20,41,,,true,,,,0.2775059665871122,-OfNoZSLCyq-nPUIVoN4,19,0
10,15121,0,10,97,0,78,135434,19,95,95,95,7,,,html-keyboard-response,90,2.1.0,2010855,40,0,0_1_2_3_4_5_6_7_8_9_10_11_12_13_14_15_16_17_18_19_2_4_5_7_10_12_16_4_5_7_16_4_5_7_16_5_7_5_7_5,46_26_100_78_100_100_25_100_50_62_100_98_100_75_11_10_84_68_79_46_47_100_100_100_39_10_100_100_100_100_73_72_100_100_100_65_79_98_100_51,ExploreTrial,0.5,2,2,12,0,0,,0,0,0.0,0.0,0.0,observe_click,15,41,20,41,,,true,,,,0.3404867256637168,-OfNoZSLCyq-nPUIVoN4,30,11
11,12439,80,22,18,22,22,93764,30,47,96,96,27,,,html-keyboard-response,98,2.1.0,2126905,40,0,0_1_2_3_4_5_6_7_8_9_10_11_12_13_14_15_16_17_18_19_2_3_17_19_1_2_3_17_19_20_21_22_23_24_25_26_27_28_29_30,10_100_100_100_52_10_10_58_13_79_71_37_10_27_35_12_63_92_13_100_85_55_10_19_33_32_10_10_10_10_66_33_67_20_61_10_80_75_71_100,ExploreTrial,0.5,2,2,12,0,0,,0,0,0.0,0.0,0.0,observe_click,15,41,20,41,,,true,,,,0.37937956204379564,-OfNoZSLCyq-nPUIVoN4,19,-11
12,11092,53,19,71,22,22,40678,19,75,87,87,15,,,html-keyboard-response,106,2.1.0,2188996,40,0,0_1_2_3_4_5_6_7_8_9_10_11_12_13_14_15_16_17_18_19_12_15_17_15_17_15_17_17_15_15_17_17_15_15_17_15_17_15_17_15,29_33_44_67_39_34_17_88_48_10_68_38_100_30_21_100_12_100_17_15_90_100_100_26_100_100_62_35_100_54_100_21_37_35_15_100_100_100_57_41,ExploreTrial,0.5,2,2,13,0,0,,0,0,0.0,0.0,0.0,observe_click,15,41,20,41,,,true,,,,0.21757425742574257,-OfNoZSLCyq-nPUIVoN4,,
0,72639,43,19,89,30,67,299864,23,92,96,96,16,,,html-keyboard-response,5,2.1.0,878587,40,0,0_1_2_3_4_5_6_7_8_9_1_9_3_10_10_11_11_9_11_12_13_13_14_15_16_16_16_17_18_19_20_11_11_16_21_16_22_22_23_22,33_100_45_95_83_67_66_68_56_100_10_100_23_88_35_95_100_53_100_81_100_22_75_63_100_80_52_44_25_22_16_10_10_100_57_98_100_72_28_66,ExploreTrial,0.5,2,2,12,0,0,,0,0,0.0,0.0,0.0,observe_click,18,41,19,97,,,true,,,,0.31062367864693446,-OfNsWNYlfDekm3A5603,23,0
1,35837,59,82,29,76,30,269282,23,69,93,85,2,,,html-keyboard-response,13,2.1.0,1236985,40,0,0_1_2_3_4_5_6_7_8_9_1_2_3_5_6_5_6_2_8_10_11_12_12_13_14_14_15_16_6_2_17_5_18_18_19_20_21_22_23_23,45_100_100_100_56_99_100_68_84_10_57_98_54_100_100_50_74_63_10_34_10_91_10_50_100_41_19_57_58_92_43_37_100_35_72_44_57_10_99_86,ExploreTrial,0.5,2,2,12,0,0,,0,0,0.0,0.0,0.0,observe_click,18,41,19,97,,,true,,,,0.3977157360406091,-OfNsWNYlfDekm3A5603,20,-3
2,30925,3,0,97,0,99,247365,20,96,96,96,0,,,html-keyboard-response,21,2.1.0,1547716,40,0,0_1_2_3_4_5_6_7_8_9_0_5_7_3_7_0_10_11_12_13_14_11_12_0_11_12_0_12_0_12_15_15_15_15_16_17_18_19_20_20,100_10_93_79_21_100_31_100_72_70_62_27_100_78_10_100_30_96_91_53_58_100_100_100_46_97_100_94_100_69_100_85_100_53_43_55_73_10_100_32,ExploreTrial,0.5,2,2,12,0,0,,0,0,0.0,0.0,0.0,observe_click,18,41,19,97,,,true,,,,0.3860354223433243,-OfNsWNYlfDekm3A5603,21,1
3,22660,7,0,96,0,89,230380,21,98,98,98,1,,,html-keyboard-response,34,2.1.0,1862830,40,0,0_1_2_3_4_5_6_7_8_9_1_2_3_1_3_10_11_12_13_13_13_1_1_14_15_16_16_16_16_17_17_18_18_18_19_19_20_20_21_1,29_80_100_100_57_36_17_10_62_10_98_23_48_100_10_75_10_10_80_100_10_75_68_65_75_100_100_19_32_98_25_100_89_44_100_34_100_31_51_100,ExploreTrial,0.5,2,2,12,0,0,,0,0,0.0,0.0,0.0,observe_click,18,41,19,97,,,true,,,,0.38707317073170733,-OfNsWNYlfDekm3A5603,19,-2
4,44009,60,8,20,50,29,201967,19,72,90,90,15,,,html-keyboard-response,42,2.1.0,2105663,40,0,0_1_2_3_4_5_6_7_8_9_2_3_6_7_3_7_6_6_7_6_7_10_11_11_12_13_14_15_15_15_15_15_6_15_16_17_17_18_18_19,61_28_100_94_10_62_100_100_36_30_10_100_70_100_10_67_100_100_95_100_35_62_100_14_10_47_10_74_100_100_100_100_47_61_17_76_41_72_45_45,ExploreTrial,0.5,2,2,12,0,0,,0,0,0.0,0.0,0.0,observe_click,18,41,19,97,,,true,,,,0.3276525198938992,-OfNsWNYlfDekm3A5603,22,3
5,43094,1,89,79,18,81,179816,22,90,99,90,9,,,html-keyboard-response,50,2.1.0,2345862,40,0,0_1_2_3_4_5_6_7_8_9_1_5_9_5_9_9_5_5_9_1_9_5_10_11_12_13_14_15_15_16_16_16_16_17_18_18_19_20_21_22,30_88_27_27_10_98_55_17_52_100_10_100_98_78_11_85_36_54_98_45_100_38_70_68_11_10_19_84_10_100_10_61_10_10_88_10_25_67_47_97,ExploreTrial,0.5,2,2,12,0,0,,0,0,0.0,0.0,0.0,observe_click,18,41,19,97,,,true,,,,0.3480295566502463,-OfNsWNYlfDekm3A5603,23,1
6,26828,78,3,58,60,42,86783,23,88,95,88,23,,,html-keyboard-response,58,2.1.0,2488527,40,0,0_1_2_3_4_5_6_7_8_9_2_2_2_2_10_11_12_12_12_13_14_15_16_17_18_19_20_21_22_22_23_23_23_23_23_23_2_2_23_23,16_10_100_35_43_38_24_10_43_59_100_100_100_91_14_48_99_95_10_74_10_18_10_47_29_56_10_83_91_16_100_100_100_85_100_100_34_10_89_100,ExploreTrial,0.5,2,2,12,0,0,,0,0,0.0,0.0,0.0,observe_click,18,41,19,97,,,true,,,,0.37782828282828285,-OfNsWNYlfDekm3A5603,21,-2
7,23142,91,0,8,78,9,125403,21,62,90,90,10,,,html-keyboard-response,66,2.1.0,2650729,40,0,0_1_2_3_4_5_6_7_8_1_2_5_7_1_2_5_7_9_10_10_10_10_10_11_12_12_12_13_14_15_15_15_16_17_18_18_19_20_21_21,10_100_100_10_56_100_10_83_10_49_86_94_97_35_28_10_10_54_100_49_100_100_84_10_100_70_10_10_55_92_68_28_16_60_80_10_11_10_89_75,ExploreTrial,0.5,2,2,12,0,0,,0,0,0.0,0.0,0.0,observe_click,18,41,19,97,,,true,,,,0.35596446700507617,-OfNsWNYlfDekm3A5603,21,0
8,30745,69,0,40,59,41,114452,21,90,93,90,2,,,html-keyboard-response,74,2.1.0,2798845,40,0,0_1_2_3_4_5_6_7_8_9_2_3_5_7_2_5_3_7_7_2_2_7_2_7_2_7_10_11_12_13_14_15_16_17_18_19_20_21_2_2,10_10_75_77_61_79_71_78_10_43_100_10_100_26_51_10_34_82_100_100_100_58_37_87_81_48_47_29_21_16_10_47_31_24_50_49_50_10_100_46,ExploreTrial,0.5,2,2,12,0,0,,0,0,0.0,0.0,0.0,observe_click,18,41,19,97,,,true,,,,0.42237704918032787,-OfNsWNYlfDekm3A5603,20,-1
9,22412,82,0,22,94,5,117149,20,48,92,92,0,,,html-keyboard-response,82,2.1.0,2956875,40,0,0_1_2_3_4_5_6_7_8_9_0_1_3_7_0_1_3_0_7_10_11_12_13_3_14_15_16_17_17_17_17_0_17_18_19_19_19_20_20_20,100_100_27_97_33_17_10_72_44_30_56_15_10_13_100_59_78_77_35_10_55_10_22_42_57_52_46_100_100_77_10_47_19_10_91_50_62_90_100_10,ExploreTrial,0.5,2,2,12,0,0,,0,0,0.0,0.0,0.0,observe_click,18,41,19,97,,,true,,,,0.4281496062992126,-OfNsWNYlfDekm3A5603,22,2
10,25798,49,61,6,88,35,122088,22,70,97,91,8,,,html-keyboard-response,90,2.1.0,3113263,40,0,0_1_2_3_4_5_6_7_8_4_6_8_3_6_8_3_8_6_6_8_9_10_11_12_12_12_12_13_14_15_15_15_16_17_18_19_20_20_21_22,16_30_54_10_100_10_100_54_100_10_64_100_100_10_75_11_70_100_38_100_22_54_10_100_72_72_10_61_10_100_57_10_10_50_61_57_76_10_64_100,ExploreTrial,0.5,2,2,12,0,0,,0,0,0.0,0.0,0.0,observe_click,18,41,19,97,,,true,,,,0.3346296296296296,-OfNsWNYlfDekm3A5603,16,-6
11,26832,56,3,71,21,78,122266,16,90,93,93,12,,,html-keyboard-response,98,2.1.0,3268430,40,0,0_1_2_3_4_5_6_7_8_9_0_4_5_0_4_5_4_5_10_11_12_12_12_12_12_4_4_12_4_12_12_13_13_14_15_15_15_16_16_16,100_33_10_48_87_100_30_55_41_10_29_100_66_10_10_89_79_54_48_47_100_100_43_88_49_66_80_100_58_100_100_73_46_63_100_79_28_77_90_74,ExploreTrial,0.5,2,2,12,0,0,,0,0,0.0,0.0,0.0,observe_click,18,41,19,97,,,true,,,,0.3429640718562874,-OfNsWNYlfDekm3A5603,18,2
12,20376,58,0,43,45,60,108067,18,82,95,95,1,,,html-keyboard-response,106,2.1.0,3409681,40,0,0_1_2_3_4_5_6_7_8_9_1_8_9_1_8_9_1_8_9_1_8_9_1_9_10_11_11_11_11_12_13_14_15_16_17_1_1_1_18_18,40_83_64_59_55_10_10_10_100_100_60_37_100_100_40_40_100_100_93_100_42_93_100_50_42_100_100_38_34_60_66_10_12_12_51_100_26_100_100_97,ExploreTrial,0.5,2,2,13,0,0,,0,0,0.0,0.0,0.0,observe_click,18,41,19,97,,,true,,,,0.38688925081433223,-OfNsWNYlfDekm3A5603,,
0,44397,24,0,40,79,20,198136,29,72,90,90,21,,,html-keyboard-response,5,2.1.0,904690,40,0,0_1_2_3_4_5_6_7_8_9_10_11_12_13_14_15_16_17_18_19_20_21_22_23_24_25_26_27_28_29_5_18_21_22_0_5_21_5_21_5,78_10_70_37_60_100_64_10_10_52_27_32_10_54_71_17_81_29_100_28_81_100_98_34_10_63_10_12_73_33_72_10_69_62_58_100_100_76_90_59,ExploreTrial,0.5,2,2,12,0,0,,0,0,0.0,0.0,0.0,add_card,34,41,35,54,,,true,,,,0.35663082437275984,-OfOBRlo2ppYNy3N0frQ,19,-10
1,52727,0,40,80,99,10,267019,19,72,95,93,4,,,html-keyboard-response,13,2.1.0,1239621,40,0,0_1_2_3_4_5_6_7_8_9_10_11_12_13_14_15_16_17_18_19_4_12_17_3_11_0_4_19_4_11_7_15_15_7_0_17_11_4_4_4,81_48_65_91_100_53_64_77_72_80_76_10_100_35_66_77_10_100_46_98_100_56_10_57_100_10_100_32_60_26_98_100_32_42_40_100_48_100_50_100,ExploreTrial,0.5,2,2,12,0,0,,0,0,0.0,0.0,0.0,add_card,34,41,35,54,,,true,,,,0.3704038997214485,-OfOBRlo2ppYNy3N0frQ,24,5
2,22543,60,0,21,68,20,338039,24,68,90,90,10,,,html-keyboard-response,21,2.1.0,1675673,40,0,0_1_2_3_4_5_6_7_8_9_10_11_12_13_14_15_16_17_18_19_20_21_22_23_24_10_12_14_18_23_23_23_10_10_22_22_7_9_23_23,17_11_10_26_10_66_51_69_10_75_100_39_100_50_100_57_55_42_100_23_54_69_84_100_62_71_29_42_62_100_100_10_50_70_88_29_10_10_10_40,ExploreTrial,0.5,2,2,12,0,0,,0,0,0.0,0.0,0.0,add_card,34,41,35,54,,,true,,,,0.30013661202185793,-OfOBRlo2ppYNy3N0frQ,24,0
3,49978,22,32,0,98,15,179629,24,65,94,93,15,,,html-keyboard-response,36,2.1.0,1958214,40,0,0_1_2_3_4_5_6_7_8_9_10_11_12_13_14_15_16_17_18_19_20_21_22_23_24_2_15_2_15_0_13_0_2_15_15_1_20_20_15_15,97_77_100_57_67_10_10_10_16_18_62_10_49_91_28_100_28_73_28_10_96_46_10_10_59_100_98_28_26_70_18_49_10_100_10_68_23_54_80_70,ExploreTrial,0.5,2,2,12,0,0,,0,0,0.0,0.0,0.0,add_card,34,41,35,54,,,true,,,,0.3738888888888889,-OfOBRlo2ppYNy3N0frQ,29,5
4,27656,11,0,79,59,78,113852,29,95,95,95,22,,,html-keyboard-response,44,2.1.0,2133826,40,0,0_1_2_3_4_5_6_7_8_9_10_11_12_13_14_15_16_17_18_19_20_21_22_23_24_25_26_27_28_29_8_13_22_24_25_26_17_28_21_22,17_46_10_69_83_16_12_10_100_89_51_37_88_100_10_26_54_97_42_41_28_90_100_10_10_10_10_32_95_75_10_10_74_43_11_10_44_49_80_100,ExploreTrial,0.5,2,2,12,0,0,,0,0,0.0,0.0,0.0,add_card,34,41,35,54,,,true,,,,0.3035491419656786,-OfOBRlo2ppYNy3N0frQ,29,0
5,25731,0,0,69,98,12,133917,29,81,97,97,20,,,html-keyboard-response,52,2.1.0,2306538,40,0,0_1_2_3_4_5_6_7_8_9_10_11_12_13_14_15_16_17_18_19_20_21_22_23_24_25_26_27_28_29_5_7_14_20_20_14_7_7_20_20,10_84_40_74_17_100_30_100_69_61_22_92_46_10_100_84_10_95_80_42_100_68_10_10_94_10_15_46_77_10_48_73_100_100_100_56_100_90_100_93,ExploreTrial,0.5,2,2,12,0,0,,0,0,0.0,0.0,0.0,add_card,34,41,35,54,,,true,,,,0.32746045694200354,-OfOBRlo2ppYNy3N0frQ,29,0
6,36526,60,0,78,90,32,137784,29,70,92,92,25,,,html-keyboard-response,60,2.1.0,2484601,40,0,0_1_2_3_4_5_6_7_8_9_10_11_12_13_14_15_16_17_18_19_20_21_22_23_24_25_26_27_28_29_2_6_7_12_23_25_25_7_7_25,49_89_100_50_21_22_100_100_32_85_29_31_100_87_10_91_10_78_50_69_10_92_14_100_41_100_10_34_99_56_83_58_100_49_89_100_66_46_100_100,ExploreTrial,0.5,2,2,12,0,0,,0,0,0.0,0.0,0.0,add_card,34,41,35,54,,,true,,,,0.34982578397212544,-OfOBRlo2ppYNy3N0frQ,29,0
7,27321,0,0,89,98,31,120807,29,77,93,93,21,,,html-keyboard-response,68,2.1.0,2659799,40,0,0_1_2_3_4_5_6_7_8_9_10_11_12_13_14_15_16_17_18_19_20_21_22_23_24_25_26_27_28_29_0_8_3_19_21_24_3_21_3_21,100_74_10_100_73_58_31_10_100_62_48_37_10_41_57_62_63_10_43_100_68_100_24_69_100_26_63_43_31_49_10_10_71_48_100_38_100_100_77_95,ExploreTrial,0.5,2,2,12,0,0,,0,0,0.0,0.0,0.0,add_card,34,41,35,54,,,true,,,,0.36406810035842296,-OfOBRlo2ppYNy3N0frQ,29,0
8,18383,0,0,98,98,31,117533,29,80,96,96,17,,,html-keyboard-response,76,2.1.0,2823432,40,0,0_1_2_3_4_5_6_7_8_9_10_11_12_13_14_15_16_17_18_19_20_21_22_23_24_25_26_27_28_29_16_17_19_28_21_22_11_17_19_22,34_39_10_81_36_40_69_39_10_97_88_91_27_10_85_66_100_100_52_100_26_100_100_82_10_81_69_69_100_18_71_100_100_77_10_100_83_100_96_10,ExploreTrial,0.5,2,2,12,0,0,,0,0,0.0,0.0,0.0,add_card,34,41,35,54,,,true,,,,0.29421850079744816,-OfOBRlo2ppYNy3N0frQ,29,0
9,32711,13,11,69,94,20,98069,29,71,88,83,21,,,html-keyboard-response,84,2.1.0,2953753,40,0,0_0_1_2_3_4_5_6_7_8_9_10_11_12_13_14_15_16_17_18_19_20_21_22_23_24_25_26_27_28_29_1_10_19_18_21_28_26_22_21,54_10_100_10_53_59_33_41_10_10_34_100_10_42_58_10_67_58_59_96_100_10_100_98_10_10_32_100_10_100_63_77_11_10_96_100_62_10_10_100,ExploreTrial,0.5,2,2,12,0,0,,0,0,0.0,0.0,0.0,add_card,34,41,35,54,,,true,,,,0.33864392678868555,-OfOBRlo2ppYNy3N0frQ,31,2
10,29987,58,21,39,41,51,121254,31,93,97,94,31,,,html-keyboard-response,92,2.1.0,3120084,40,0,0_1_2_3_4_5_6_7_8_9_10_11_12_13_14_15_16_17_18_19_20_21_22_23_24_25_26_27_28_29_0_10_19_10_21_30_31_31_31_31,100_10_71_71_88_71_10_49_10_10_100_48_77_41_18_10_20_44_31_92_61_89_10_70_19_14_17_10_10_28_30_100_27_95_44_90_100_100_95_100,ExploreTrial,0.5,2,2,12,0,0,,0,0,0.0,0.0,0.0,add_card,34,41,35,54,,,true,,,,0.34487673343605546,-OfOBRlo2ppYNy3N0frQ,29,-2
11,33370,12,22,33,78,13,91056,29,74,94,94,24,,,html-keyboard-response,100,2.1.0,3253708,40,0,0_1_2_3_4_5_6_7_8_9_10_11_12_13_14_15_16_17_18_19_20_21_22_23_24_25_26_27_28_29_4_5_9_9_19_22_24_24_5_22,68_76_65_13_100_100_10_10_83_100_74_33_71_26_93_36_40_95_10_100_47_43_100_76_100_84_25_75_30_23_30_91_44_100_67_100_98_91_50_55,ExploreTrial,0.5,2,2,12,0,0,,0,0,0.0,0.0,0.0,add_card,34,41,35,54,,,true,,,,0.3397058823529412,-OfOBRlo2ppYNy3N0frQ,34,5
12,19449,13,0,13,50,0,125585,34,42,96,96,21,,,html-keyboard-response,108,2.1.0,3424173,40,0,0_1_2_3_4_5_6_7_8_9_10_11_12_13_14_15_16_17_18_19_20_21_22_23_24_25_26_27_28_29_16_21_28_30_31_32_21_3_33_34,10_27_53_69_15_63_61_52_43_70_60_54_10_10_10_48_100_10_62_60_66_100_44_10_10_62_31_17_100_28_10_82_28_54_33_10_33_47_52_54,ExploreTrial,0.5,2,2,13,0,0,,0,0,0.0,0.0,0.0,add_card,34,41,35,54,,,true,,,,0.3336988304093567,-OfOBRlo2ppYNy3N0frQ,,
0,61044,20,0,80,60,0,448380,19,63,98,98,13,,,html-keyboard-response,5,2.1.0,1751145,40,0,0_1_2_3_3_4_4_2_1_0_5_6_7_8_9_9_8_7_8_9_10_11_12_13_14_13_13_15_16_17_18_19_15_15_10_13_9_8_9_13,36_15_35_97_10_100_39_10_10_100_62_47_77_86_100_63_100_63_62_100_100_54_72_92_10_100_88_100_10_22_43_43_100_10_10_10_96_24_10_96,ExploreTrial,0.5,2,2,12,0,0,,0,0,0.0,0.0,0.0,observe_click,12,41,21,11,,,true,,,,0.3295961002785515,-OfOFP18LLAANazyO-9G,19,0
1,23048,0,0,100,0,100,302177,19,89,89,89,9,,,html-keyboard-response,13,2.1.0,2140142,40,0,0_1_2_3_4_5_6_7_8_9_10_11_12_13_14_15_16_17_18_19_1_3_5_8_9_10_13_15_18_1_3_5_9_13_15_5_9_15_15_9,10_42_39_71_18_90_10_10_89_100_85_36_10_100_10_100_18_39_100_10_69_100_94_40_100_29_92_100_18_61_10_100_100_48_100_100_94_100_21_100,ExploreTrial,0.5,2,2,12,0,0,,0,0,0.0,0.0,0.0,observe_click,12,41,21,11,,,true,,,,0.3356469002695418,-OfOFP18LLAANazyO-9G,19,0
2,29233,0,0,80,80,0,276452,19,50,92,90,16,,,html-keyboard-response,21,2.1.0,2452005,40,0,0_1_2_3_4_5_6_7_8_9_10_11_12_13_14_15_16_17_18_19_0_2_3_5_6_7_12_16_17_19_2_3_5_7_12_16_19_2_19_16,77_10_99_97_10_100_69_83_46_10_10_10_100_44_52_10_100_73_49_100_10_100_73_98_43_44_65_57_33_48_53_10_38_34_13_100_90_28_54_93,ExploreTrial,0.5,2,2,12,0,0,,0,0,0.0,0.0,0.0,observe_click,12,41,21,11,,,true,,,,0.37632275132275134,-OfOFP18LLAANazyO-9G,9,-10
3,20992,0,0,80,80,0,335421,9,78,93,81,8,,,html-keyboard-response,34,2.1.0,2874019,40,0,0_1_2_3_4_5_6_7_8_9_0_2_3_5_6_7_8_2_3_6_8_0_2_5_7_6_8_3_5_7_0_1_2_3_4_5_6_7_8_9,100_10_86_87_10_100_92_100_100_10_27_69_100_10_100_10_90_83_24_100_100_39_44_66_79_85_100_60_10_63_72_47_36_34_10_100_98_10_91_44,ExploreTrial,0.5,2,2,12,0,0,,0,0,0.0,0.0,0.0,observe_click,12,41,21,11,,,true,,,,0.3389344262295082,-OfOFP18LLAANazyO-9G,4,-5
4,38671,20,100,20,100,0,497821,4,45,97,67,3,,,html-keyboard-response,42,2.1.0,3416005,40,0,0_1_2_3_4_0_1_2_3_4_0_1_2_3_4_0_1_3_0_1_3_2_2_4_4_0_1_3_2_0_1_2_3_0_1_3_3_1_0_3,62_100_10_49_10_10_20_10_39_10_60_52_10_100_10_31_33_41_66_10_49_10_100_10_47_10_58_57_100_74_88_41_100_15_16_100_10_50_74_71,ExploreTrial,0.5,2,2,12,0,0,,0,0,0.0,0.0,0.0,observe_click,12,41,21,11,,,true,,,,0.4195205479452055,-OfOFP18LLAANazyO-9G,19,15
5,23389,0,0,100,0,100,364325,19,92,92,92,6,,,html-keyboard-response,50,2.1.0,3876885,40,0,0_1_2_3_4_5_6_7_8_9_10_11_12_13_14_15_16_17_18_19_1_2_5_6_9_10_11_13_16_17_18_2_5_6_6_2_10_11_11_6,35_46_100_36_10_88_92_10_31_90_100_100_10_56_10_35_58_56_92_10_25_87_64_89_42_35_21_43_30_10_10_68_10_100_13_83_16_100_80_100,ExploreTrial,0.5,2,2,12,0,0,,0,0,0.0,0.0,0.0,observe_click,12,41,21,11,,,true,,,,0.34782913165266105,-OfOFP18LLAANazyO-9G,19,0
6,19006,0,0,100,0,100,322963,19,93,93,93,17,,,html-keyboard-response,58,2.1.0,4243168,40,0,0_1_2_3_4_5_6_7_8_9_10_11_12_13_14_15_16_17_18_19_0_1_15_11_17_9_5_12_18_13_1_5_11_12_13_16_17_1_17_17,100_100_58_40_39_97_46_61_10_100_70_100_96_89_74_100_79_100_91_10_10_90_10_27_77_15_93_43_74_76_100_54_38_100_32_60_100_79_100_64,ExploreTrial,0.5,2,2,12,0,0,,0,0,0.0,0.0,0.0,observe_click,12,41,21,11,,,true,,,,0.33884039900249374,-OfOFP18LLAANazyO-9G,19,0
7,14220,0,0,80,60,0,188964,19,79,93,92,13,,,html-keyboard-response,66,2.1.0,4508421,40,0,0_1_2_3_4_5_6_7_8_9_10_11_12_13_14_15_16_17_18_19_0_2_6_7_15_13_18_19_0_2_6_7_13_15_18_18_19_18_13_7,100_57_98_66_10_47_78_97_49_10_30_10_69_100_67_80_40_10_100_78_42_43_77_100_28_100_10_11_87_66_38_40_65_10_95_95_54_67_81_67,ExploreTrial,0.5,2,2,12,0,0,,0,0,0.0,0.0,0.0,observe_click,12,41,21,11,,,true,,,,0.3518472906403941,-OfOFP18LLAANazyO-9G,19,0
8,16152,0,0,100,0,90,184485,19,86,94,86,1,,,html-keyboard-response,74,2.1.0,4717568,40,0,0_1_2_3_4_5_6_7_8_9_10_11_12_13_14_15_16_17_18_19_1_4_5_6_7_9_14_15_16_17_1_7_6_16_17_1_7_14_14_1,40_74_10_58_76_100_100_100_10_78_51_10_10_22_75_90_100_78_10_10_100_57_10_51_72_63_54_10_43_47_100_60_15_10_16_77_89_100_49_64,ExploreTrial,0.5,2,2,12,0,0,,0,0,0.0,0.0,0.0,observe_click,12,41,21,11,,,true,,,,0.35978260869565215,-OfOFP18LLAANazyO-9G,0,-19
9,19251,0,100,100,60,0,10256,0,43,94,43,0,,,html-keyboard-response,82,2.1.0,4750933,40,0,0_0_0_0_0_0_0_0_0_0_0_0_0_0_0_0_0_0_0_0_0_0_0_0_0_0_0_0_0_0_0_0_0_0_0_0_0_0_0_0,72_10_100_56_33_42_79_88_12_55_52_78_100_100_10_27_10_10_24_81_44_45_10_18_100_46_10_29_10_21_58_94_54_73_56_84_10_61_100_49,ExploreTrial,0.5,2,2,12,0,0,,0,0,0.0,0.0,0.0,observe_click,12,41,21,11,,,true,,,,0.0,-OfOFP18LLAANazyO-9G,39,39
10,18029,0,0,60,0,0,41200,39,62,95,95,29,,,html-keyboard-response,90,2.1.0,4821509,40,0,0_1_2_3_4_5_6_7_8_9_10_11_12_13_14_15_16_17_18_19_20_21_22_23_24_25_26_27_28_29_30_31_32_33_34_35_36_37_38_39,33_10_98_50_15_10_50_100_10_90_20_74_100_25_100_23_100_28_100_79_65_71_63_99_42_100_100_92_10_100_100_72_100_10_10_17_95_71_56_100,ExploreTrial,0.5,2,2,12,0,0,,0,0,0.0,0.0,0.0,observe_click,12,41,21,11,,,true,,,,0.3416666666666667,-OfOFP18LLAANazyO-9G,19,-20
11,12642,0,0,100,0,100,167904,19,85,88,85,12,,,html-keyboard-response,98,2.1.0,5014870,40,0,0_1_2_3_4_5_6_7_8_9_10_11_12_13_14_15_16_17_18_19_0_3_11_12_13_13_19_17_16_13_12_12_0_3_3_13_12_3_3_12,79_10_54_79_53_43_10_10_32_24_10_100_100_100_45_43_76_71_53_83_100_100_23_78_100_89_84_48_55_85_91_83_10_69_82_21_100_100_100_81,ExploreTrial,0.5,2,2,12,0,0,,0,0,0.0,0.0,0.0,observe_click,12,41,21,11,,,true,,,,0.34460526315789475,-OfOFP18LLAANazyO-9G,20,1
12,27628,0,0,80,20,10,159010,20,75,87,87,6,,,html-keyboard-response,106,2.1.0,5196194,40,0,0_1_2_3_4_5_6_7_8_9_10_11_12_13_14_15_16_17_18_19_20_10_12_12_15_6_6_0_0_8_4_3_1_6_12_12_12_6_0_12,98_87_56_78_89_84_100_69_96_50_100_21_100_10_10_80_55_81_48_48_39_15_100_77_70_91_41_88_71_10_22_72_65_98_59_10_65_66_25_11,ExploreTrial,0.5,2,2,13,0,0,,0,0,0.0,0.0,0.0,observe_click,12,41,21,11,,,true,,,,0.37355907780979825,-OfOFP18LLAANazyO-9G,,
0,16183,0,0,100,0,100,45507,28,82,83,83,0,,,html-keyboard-response,5,2.1.0,454242,40,0,0_0_0_1_1_1_2_3_4_5_6_7_6_7_8_9_10_11_12_13_14_15_16_17_18_19_20_21_22_23_8_16_13_15_24_25_26_27_28_0,62_100_95_10_34_42_53_10_33_39_100_100_74_10_100_36_35_10_10_100_35_90_100_10_10_77_10_75_68_42_40_39_64_40_53_10_31_10_49_96,ExploreTrial,0.5,2,2,12,0,0,,0,0,0.0,0.0,0.0,observe_click,13,41,30,77,,,true,,,,0.4148520084566596,-OfScgb8HPvxO1_Tyro_,33,5
1,14122,0,0,100,0,100,32831,33,75,96,96,18,,,html-keyboard-response,13,2.1.0,522413,40,0,0_1_2_3_4_5_6_7_8_9_10_11_12_13_14_15_16_17_18_19_20_21_22_23_24_25_26_27_28_29_0_1_7_21_26_30_31_32_33_30,93_98_65_65_40_10_32_100_32_60_10_10_10_52_82_32_10_53_92_36_32_100_87_10_11_39_100_45_85_67_35_41_10_75_10_100_21_17_10_31,ExploreTrial,0.5,2,2,12,0,0,,0,0,0.0,0.0,0.0,observe_click,13,41,30,77,,,true,,,,0.36424148606811146,-OfScgb8HPvxO1_Tyro_,29,-4
2,22230,0,20,60,20,80,28569,29,62,86,86,27,,,html-keyboard-response,21,2.1.0,580534,40,0,0_0_0_0_1_2_3_4_5_6_7_8_9_10_11_12_13_14_15_16_17_18_19_20_21_22_23_24_25_26_27_28_29_27_29_22_15_22_22_11,100_26_64_46_49_10_14_23_61_67_10_10_75_81_93_10_24_18_100_30_56_10_31_10_10_100_44_51_20_11_100_27_100_87_37_100_53_10_64_54,ExploreTrial,0.5,2,2,12,0,0,,0,0,0.0,0.0,0.0,observe_click,13,41,30,77,,,true,,,,0.3653945111492281,-OfScgb8HPvxO1_Tyro_,25,-4
3,10905,0,0,100,0,0,41088,25,79,89,89,22,,,html-keyboard-response,34,2.1.0,704513,40,0,0_1_2_3_4_5_6_7_8_9_10_11_12_13_14_15_16_17_18_19_20_21_22_23_24_13_21_7_13_21_21_0_21_21_19_22_22_22_25_16,96_10_93_10_100_63_10_100_31_10_86_83_41_100_10_10_100_52_10_96_16_100_100_70_100_100_100_52_74_84_72_66_64_32_10_92_60_79_10_83,ExploreTrial,0.5,2,2,12,0,0,,0,0,0.0,0.0,0.0,observe_click,13,41,30,77,,,true,,,,0.300531914893617,-OfScgb8HPvxO1_Tyro_,21,-4
4,24150,0,80,100,0,40,55364,21,51,89,88,6,,,html-keyboard-response,42,2.1.0,779869,40,0,0_1_2_3_4_5_6_7_8_9_10_11_12_13_14_15_16_17_18_19_17_11_11_11_11_6_6_6_6_6_12_12_12_12_12_12_12_20_21_21,87_87_27_66_17_23_100_96_10_10_59_100_97_57_29_39_32_100_10_58_33_99_10_77_10_100_25_100_70_100_98_100_31_73_86_70_55_70_100_55,ExploreTrial,0.5,2,2,12,0,0,,0,0,0.0,0.0,0.0,observe_click,13,41,30,77,,,true,,,,0.2838992974238876,-OfScgb8HPvxO1_Tyro_,29,8
5,8868,0,0,100,0,100,27893,29,92,92,92,7,,,html-keyboard-response,50,2.1.0,841411,40,0,0_1_2_3_4_5_6_7_8_9_10_11_12_13_14_15_16_17_18_19_20_21_22_23_24_25_26_27_28_29_11_1_26_24_16_29_7_7_7_7,62_100_89_77_10_77_40_100_10_92_43_100_68_40_69_10_100_13_21_20_98_74_10_46_100_64_100_39_10_100_100_56_10_10_38_10_100_100_98_100,ExploreTrial,0.5,2,2,12,0,0,,0,0,0.0,0.0,0.0,observe_click,13,41,30,77,,,true,,,,0.35517543859649126,-OfScgb8HPvxO1_Tyro_,29,0
6,10853,0,0,100,0,100,28557,29,79,91,90,1,,,html-keyboard-response,58,2.1.0,886259,40,0,0_1_2_3_4_5_6_7_8_9_10_11_12_13_14_15_16_17_18_19_20_21_22_23_24_25_26_27_28_29_4_10_8_24_24_24_24_24_28_1,56_82_51_53_95_10_10_10_95_46_100_46_23_10_35_59_46_65_24_15_29_20_57_10_100_30_69_49_96_10_56_48_10_94_100_100_48_100_34_89,ExploreTrial,0.5,2,2,12,0,0,,0,0,0.0,0.0,0.0,observe_click,13,41,30,77,,,true,,,,0.33976897689768976,-OfScgb8HPvxO1_Tyro_,30,1
7,15633,0,0,100,0,100,24344,30,87,92,92,18,,,html-keyboard-response,66,2.1.0,938307,40,0,0_1_2_3_4_5_6_7_8_9_10_11_12_13_14_15_16_17_18_19_20_21_22_23_24_25_26_27_28_29_30_29_26_18_14_11_4_7_5_18,10_56_69_21_100_100_10_100_16_100_10_100_10_86_100_22_47_10_100_68_82_97_59_10_17_72_100_57_33_100_10_84_35_99_28_100_81_46_10_100,ExploreTrial,0.5,2,2,12,0,0,,0,0,0.0,0.0,0.0,observe_click,13,41,30,77,,,true,,,,0.34091289782244555,-OfScgb8HPvxO1_Tyro_,29,-1
8,8884,0,0,100,0,100,30777,29,89,92,92,29,,,html-keyboard-response,74,2.1.0,997475,40,0,0_1_2_3_4_5_6_7_8_9_10_11_12_13_14_15_16_17_18_19_20_21_22_23_24_25_26_27_28_29_27_25_19_1_2_12_22_29_29_29,10_99_97_93_62_10_54_29_83_22_55_15_90_10_35_15_34_43_49_100_10_10_86_74_32_100_52_100_36_79_10_67_73_67_22_10_10_93_76_100,ExploreTrial,0.5,2,2,12,0,0,,0,0,0.0,0.0,0.0,observe_click,13,41,30,77,,,true,,,,0.3418253968253968,-OfScgb8HPvxO1_Tyro_,29,0
9,8790,0,0,100,0,100,30836,29,93,93,93,3,,,html-keyboard-response,82,2.1.0,1049423,40,0,0_1_2_3_4_5_6_7_8_9_10_11_12_13_14_15_16_17_18_19_20_21_22_23_24_25_26_27_28_29_23_10_3_0_27_13_12_3_3_3,100_93_10_100_74_35_80_32_87_92_100_40_98_95_72_10_25_10_56_10_62_53_87_100_10_10_36_99_58_68_51_75_100_52_10_44_52_100_100_100,ExploreTrial,0.5,2,2,12,0,0,,0,0,0.0,0.0,0.0,observe_click,13,41,30,77,,,true,,,,0.3856203007518797,-OfScgb8HPvxO1_Tyro_,29,0
10,9748,0,0,100,0,100,25188,29,82,92,92,14,,,html-keyboard-response,90,2.1.0,1095009,40,0,0_1_2_3_4_5_6_7_8_9_10_11_12_13_14_15_16_17_18_19_20_21_22_23_24_25_26_27_28_29_28_18_10_12_21_21_21_10_14_14,82_78_10_10_39_52_82_33_49_41_100_92_100_10_100_52_50_14_88_10_41_100_10_20_51_62_97_22_100_89_79_23_100_10_100_100_24_26_100_100,ExploreTrial,0.5,2,2,12,0,0,,0,0,0.0,0.0,0.0,observe_click,13,41,30,77,,,true,,,,0.30711920529801323,-OfScgb8HPvxO1_Tyro_,29,0
11,15693,0,0,100,0,100,23342,29,88,96,96,3,,,html-keyboard-response,98,2.1.0,1138863,40,0,0_1_2_3_4_5_6_7_8_9_10_11_12_13_14_15_16_17_18_19_20_21_22_23_24_25_26_27_28_29_26_19_17_15_3_3_3_3_3_13,37_22_34_100_58_75_10_16_40_37_83_10_10_84_75_100_48_100_10_100_90_35_29_20_51_89_100_72_25_25_83_10_64_17_100_100_10_15_100_10,ExploreTrial,0.5,2,2,12,0,0,,0,0,0.0,0.0,0.0,observe_click,13,41,30,77,,,true,,,,0.37037037037037035,-OfScgb8HPvxO1_Tyro_,29,0
12,8302,0,0,100,0,100,22664,29,91,94,94,13,,,html-keyboard-response,106,2.1.0,1189029,40,0,0_1_2_3_4_5_6_7_8_9_10_11_12_13_14_15_16_17_18_19_20_21_22_23_24_25_26_27_28_29_9_17_8_12_13_12_13_13_13_13,98_40_10_59_39_56_77_10_100_100_14_79_100_100_64_47_73_100_61_40_16_29_10_46_53_72_50_10_59_34_70_90_34_100_100_61_100_100_58_77,ExploreTrial,0.5,2,2,13,0,0,,0,0,0.0,0.0,0.0,observe_click,13,41,30,77,,,true,,,,0.31191756272401433,-OfScgb8HPvxO1_Tyro_,,
0,27146,60,40,59,60,40,425707,18,61,92,92,17,,,html-keyboard-response,5,2.1.0,72132443,40,0,0_0_0_0_1_1_2_3_4_3_5_5_5_3_6_6_6_6_7_7_7_8_9_10_11_12_13_14_15_16_17_18_10_12_13_14_17_17_15_3,40_60_22_27_24_10_10_98_10_100_80_46_44_31_71_10_10_100_56_100_10_48_10_46_10_53_100_91_74_10_94_10_10_75_73_47_93_57_11_12,ExploreTrial,0.5,2,2,12,0,0,,0,0,0.0,0.0,0.0,observe_click,13,41,21,40,,,true,,,,0.3957165109034268,-OfSm1kkph_b1iheIKZl,21,3
1,21516,20,0,80,20,80,208310,21,83,87,87,12,,,html-keyboard-response,13,2.1.0,72411736,40,0,0_0_1_1_2_2_3_3_4_4_5_5_6_6_7_7_8_8_9_9_10_10_11_12_12_13_13_14_15_15_16_16_17_18_19_20_21_9_9_12,55_76_27_37_87_10_41_27_100_78_39_28_49_56_36_93_15_61_100_100_100_76_36_100_100_46_20_10_91_50_100_37_10_69_41_100_65_100_54_100,ExploreTrial,0.5,2,2,12,0,0,,0,0,0.0,0.0,0.0,observe_click,13,41,21,40,,,true,,,,0.3565860215053763,-OfSm1kkph_b1iheIKZl,21,0
2,29598,20,40,80,40,60,211822,21,86,99,86,11,,,html-keyboard-response,21,2.1.0,72679536,40,0,0_1_2_3_4_5_6_7_8_9_10_11_12_13_14_15_7_9_11_14_15_14_11_9_7_11_16_17_18_19_20_21_17_18_19_20_20_21_20_20,13_39_18_10_10_45_96_100_66_100_89_100_21_10_100_100_84_81_100_100_50_25_100_76_53_71_57_89_73_80_91_74_89_94_100_100_95_54_100_16,ExploreTrial,0.5,2,2,12,0,0,,0,0,0.0,0.0,0.0,observe_click,13,41,21,40,,,true,,,,0.28036437246963564,-OfSm1kkph_b1iheIKZl,24,3
3,16562,60,60,40,60,20,179474,24,80,98,92,21,,,html-keyboard-response,34,2.1.0,72981005,40,0,0_0_1_2_3_4_5_6_7_8_9_10_11_12_13_14_15_16_17_18_19_20_21_22_23_24_2_9_11_17_19_21_24_24_10_0_0_3_8_19,73_100_58_100_89_49_48_51_27_86_100_90_100_50_10_77_65_10_100_10_100_59_100_10_60_100_57_63_56_28_66_100_22_57_57_10_48_10_10_39,ExploreTrial,0.5,2,2,12,0,0,,0,0,0.0,0.0,0.0,observe_click,13,41,21,40,,,true,,,,0.3844218415417559,-OfSm1kkph_b1iheIKZl,26,2
4,15621,20,20,80,21,79,152588,26,83,94,94,19,,,html-keyboard-response,42,2.1.0,73172493,40,0,0_0_1_2_3_4_5_6_7_8_9_10_11_12_13_14_15_16_17_18_19_20_21_22_23_24_18_18_12_12_25_26_26_16_19_16_19_16_19_19,10_36_10_10_10_21_39_32_61_10_66_10_24_74_54_10_53_100_10_70_100_10_16_12_10_10_48_10_57_27_13_85_65_100_79_100_77_10_91_100,ExploreTrial,0.5,2,2,12,0,0,,0,0,0.0,0.0,0.0,observe_click,13,41,21,40,,,true,,,,0.29745989304812837,-OfSm1kkph_b1iheIKZl,26,0
5,21315,20,60,60,40,40,190529,26,69,88,84,20,,,html-keyboard-response,50,2.1.0,73402232,40,0,0_1_2_3_4_5_6_7_8_9_10_11_12_13_14_15_16_17_18_19_20_21_22_23_5_6_18_20_9_7_4_13_20_7_5_5_20_24_25_26,10_10_61_10_84_100_100_90_26_81_60_47_10_77_58_37_27_65_100_10_100_37_10_10_89_10_18_99_21_100_10_60_100_27_100_10_81_10_52_49,ExploreTrial,0.5,2,2,12,0,0,,0,0,0.0,0.0,0.0,observe_click,13,41,21,40,,,true,,,,0.346734693877551,-OfSm1kkph_b1iheIKZl,26,0
6,29271,61,20,20,77,38,175762,26,65,93,93,0,,,html-keyboard-response,58,2.1.0,73637255,40,0,0_1_2_3_4_5_6_7_8_9_10_11_12_13_14_15_16_17_18_19_20_21_22_23_16_5_24_25_0_2_4_26_21_0_5_21_0_0_21_21,100_69_80_44_81_90_10_59_10_10_51_70_17_10_15_11_93_10_10_32_56_84_16_13_34_58_50_59_100_53_10_54_100_100_10_85_79_10_88_44,ExploreTrial,0.5,2,2,12,0,0,,0,0,0.0,0.0,0.0,observe_click,13,41,21,40,,,true,,,,0.4136509635974304,-OfSm1kkph_b1iheIKZl,23,-3
7,18100,0,0,100,0,100,142531,23,98,98,98,19,,,html-keyboard-response,66,2.1.0,73823042,40,0,0_1_2_3_4_5_6_7_8_9_10_11_12_13_14_15_16_17_18_19_20_21_22_23_16_19_23_10_0_8_9_9_16_20_22_7_7_7_23_19,10_54_30_27_38_18_22_69_10_10_100_31_10_63_10_38_100_35_67_100_72_10_82_91_100_60_100_14_54_100_10_15_10_63_55_40_10_17_10_85,ExploreTrial,0.5,2,2,12,0,0,,0,0,0.0,0.0,0.0,observe_click,13,41,21,40,,,true,,,,0.32632382892057027,-OfSm1kkph_b1iheIKZl,23,0
8,16691,20,0,93,10,90,126307,23,90,94,94,10,,,html-keyboard-response,74,2.1.0,73977956,40,0,0_1_2_3_4_5_6_7_8_9_10_11_12_13_14_15_16_17_18_19_20_21_22_23_17_21_7_6_6_5_16_18_10_2_2_10_6_7_6_10,21_83_100_46_10_100_100_91_68_37_100_17_10_70_37_11_100_76_100_22_10_80_19_100_67_60_100_100_100_19_24_85_100_100_94_98_100_39_48_86,ExploreTrial,0.5,2,2,12,0,0,,0,0,0.0,0.0,0.0,observe_click,13,41,21,40,,,true,,,,0.34994117647058826,-OfSm1kkph_b1iheIKZl,20,-3
9,15665,12,0,91,17,93,145969,20,90,97,97,12,,,html-keyboard-response,82,2.1.0,74147907,40,0,0_1_2_3_4_5_6_7_8_9_10_11_12_13_14_15_3_6_14_13_16_17_18_19_12_20_18_19_6_14_12_13_13_12_12_13_13_12_12_12,10_44_100_80_50_10_97_10_10_44_10_56_100_100_86_34_52_80_100_100_10_10_15_85_100_10_100_35_69_50_73_79_100_100_100_100_14_81_83_18,ExploreTrial,0.5,2,2,12,0,0,,0,0,0.0,0.0,0.0,observe_click,13,41,21,40,,,true,,,,0.2623576309794989,-OfSm1kkph_b1iheIKZl,23,3
10,15453,42,11,38,71,30,132354,23,68,95,95,14,,,html-keyboard-response,90,2.1.0,74302051,40,0,0_1_2_3_4_5_6_7_8_9_10_11_12_13_14_15_16_14_8_17_18_19_20_21_22_23_22_14_8_8_14_2_3_6_7_7_7_13_13_20,79_79_100_100_10_10_100_100_99_10_10_37_70_100_93_100_40_100_34_100_32_60_100_10_95_100_39_100_100_57_21_44_62_64_100_56_39_84_10_61,ExploreTrial,0.5,2,2,12,0,0,,0,0,0.0,0.0,0.0,observe_click,13,41,21,40,,,true,,,,0.33156108597285067,-OfSm1kkph_b1iheIKZl,24,1
11,15297,0,0,100,0,100,117250,24,89,89,89,23,,,html-keyboard-response,98,2.1.0,74445973,40,0,0_1_2_3_4_5_6_7_8_9_10_11_12_13_14_15_8_10_14_1_16_17_18_19_20_17_18_21_21_14_10_18_22_23_24_23_14_18_18_23,10_91_10_10_60_54_17_26_86_43_80_28_47_67_75_10_24_100_100_14_17_86_94_65_10_10_100_92_42_79_37_39_10_100_62_100_19_100_69_74,ExploreTrial,0.5,2,2,12,0,0,,0,0,0.0,0.0,0.0,observe_click,13,41,21,40,,,true,,,,0.29881404174573056,-OfSm1kkph_b1iheIKZl,20,-4
12,18710,20,77,59,27,38,125593,20,68,89,89,2,,,html-keyboard-response,106,2.1.0,74592454,40,0,0_0_1_2_3_4_5_6_7_8_9_10_11_12_13_14_15_12_7_16_17_18_19_20_18_18_2_2_13_13_12_18_2_13_12_18_2_2_12_13,23_10_10_58_10_46_39_39_100_34_15_14_87_98_75_64_35_78_64_51_35_78_10_10_96_66_93_71_99_91_81_100_96_55_10_17_98_100_99_40,ExploreTrial,0.5,2,2,13,0,0,,0,0,0.0,0.0,0.0,observe_click,13,41,21,40,,,true,,,,0.35093984962406016,-OfSm1kkph_b1iheIKZl,,
0,40672,20,22,20,60,0,211351,25,44,86,86,22,,,html-keyboard-response,5,2.1.0,2194009,40,0,0_1_2_3_4_5_6_7_8_9_10_11_12_13_14_15_16_17_18_19_2_3_5_7_3_2_7_20_5_21_22_23_24_25_21_22_22_24_24_3,70_49_94_100_10_98_68_85_48_10_12_10_45_72_10_63_61_63_45_63_31_42_11_32_100_53_78_43_10_100_100_63_93_62_11_41_93_82_18_10,ExploreTrial,0.5,2,2,12,0,0,,0,0,0.0,0.0,0.0,observe_click,0,41,20,85,,,true,,,,0.38942105263157895,-OfSzRs8eoVYsZFxXite,22,-3
1,20753,0,20,62,81,51,180217,22,86,97,86,17,,,html-keyboard-response,13,2.1.0,2440903,40,0,0_1_2_3_4_5_6_7_8_9_10_11_12_13_14_15_16_17_18_19_2_4_14_10_17_16_17_16_14_2_17_16_17_16_16_17_20_21_22_21,10_10_86_67_88_47_10_10_42_54_85_64_10_15_100_61_90_95_10_29_78_39_79_56_100_97_100_100_34_79_58_66_100_100_14_99_10_53_28_79,ExploreTrial,0.5,2,2,12,0,0,,0,0,0.0,0.0,0.0,observe_click,0,41,20,85,,,true,,,,0.2930412371134021,-OfSzRs8eoVYsZFxXite,25,3
2,20785,0,23,79,61,51,119792,25,84,98,84,5,,,html-keyboard-response,21,2.1.0,2594872,40,0,0_1_2_3_4_5_6_7_8_9_10_11_12_13_14_15_16_17_18_19_0_5_12_10_10_0_5_20_21_21_21_21_22_22_5_23_24_24_25_25,96_10_30_10_23_64_48_22_39_37_100_22_70_26_31_51_20_37_10_21_94_100_10_64_56_10_100_10_97_100_22_14_100_10_82_24_81_22_68_10,ExploreTrial,0.5,2,2,12,0,0,,0,0,0.0,0.0,0.0,observe_click,0,41,20,85,,,true,,,,0.36294466403162057,-OfSzRs8eoVYsZFxXite,27,2
3,46393,60,21,49,100,0,111286,27,64,90,85,4,,,html-keyboard-response,38,2.1.0,2877044,40,0,0_1_2_3_4_5_6_7_8_9_10_11_12_13_14_15_16_17_18_19_2_4_12_6_4_12_20_21_22_23_24_21_23_4_25_26_27_27_27_27,10_27_98_10_100_15_100_85_10_10_10_43_100_64_10_84_10_50_10_49_51_97_100_10_100_35_10_100_29_100_85_10_69_100_10_10_100_96_56_77,ExploreTrial,0.5,2,2,12,0,0,,0,0,0.0,0.0,0.0,observe_click,0,41,20,85,,,true,,,,0.3630255941499086,-OfSzRs8eoVYsZFxXite,19,-8
4,78875,80,35,60,45,40,95267,19,84,93,91,2,,,html-keyboard-response,46,2.1.0,3043217,40,0,0_1_2_3_4_5_6_7_8_9_10_11_12_13_14_15_16_17_18_19_4_12_10_2_10_2_4_12_2_4_12_4_2_4_2_4_4_2_4_2,10_10_100_10_100_52_76_73_10_52_95_63_100_10_31_10_78_83_10_10_100_100_100_100_62_100_100_92_100_100_21_100_100_100_63_100_51_100_100_100,ExploreTrial,0.5,2,2,12,0,0,,0,0,0.0,0.0,0.0,observe_click,0,41,20,85,,,true,,,,0.4035958904109589,-OfSzRs8eoVYsZFxXite,24,5
5,76939,90,0,30,65,40,172282,24,83,93,93,23,,,html-keyboard-response,54,2.1.0,3316109,40,0,0_1_2_3_4_5_6_7_8_9_10_11_12_13_14_15_16_17_18_19_3_4_7_13_11_8_20_21_22_23_24_23_24_8_24_3_8_24_3_8,26_10_63_90_90_81_32_100_100_16_56_100_80_91_80_10_50_56_21_84_100_52_10_41_10_100_10_12_33_100_100_63_100_96_100_57_45_36_10_10,ExploreTrial,0.5,2,2,12,0,0,,0,0,0.0,0.0,0.0,observe_click,0,41,20,85,,,true,,,,0.3634288747346072,-OfSzRs8eoVYsZFxXite,19,-5
6,51245,0,5,90,5,85,114837,19,84,85,84,2,,,html-keyboard-response,62,2.1.0,3533452,40,0,0_1_2_3_4_5_6_7_8_9_10_11_12_13_14_15_16_17_18_19_2_0_8_10_18_19_5_0_8_19_2_5_19_2_5_19_5_19_2_2,82_25_100_10_29_93_10_10_100_24_91_10_10_31_57_43_69_31_92_100_100_100_100_41_10_100_85_26_10_100_100_86_100_60_72_65_10_100_100_100,ExploreTrial,0.5,2,2,12,0,0,,0,0,0.0,0.0,0.0,observe_click,0,41,20,85,,,true,,,,0.4155292479108635,-OfSzRs8eoVYsZFxXite,21,2
7,49492,60,60,0,50,0,146205,21,67,94,90,0,,,html-keyboard-response,70,2.1.0,3765284,40,0,0_1_2_3_4_5_6_7_8_9_10_11_12_13_14_15_16_17_18_19_0_3_5_10_18_5_18_0_0_18_5_18_0_18_20_20_21_18_0_18,96_27_69_82_62_86_10_55_65_38_100_10_61_10_10_65_35_52_100_65_59_24_100_10_100_33_29_91_45_100_10_10_100_100_90_51_10_70_100_54,ExploreTrial,0.5,2,2,12,0,0,,0,0,0.0,0.0,0.0,observe_click,0,41,20,85,,,true,,,,0.40401234567901234,-OfSzRs8eoVYsZFxXite,22,1
8,61922,50,0,0,80,0,154653,22,66,91,91,18,,,html-keyboard-response,78,2.1.0,4005517,40,0,0_1_2_3_4_5_6_7_8_9_10_11_12_13_14_15_16_17_18_19_0_3_5_12_18_16_16_0_5_20_0_5_16_21_22_22_5_18_5_18,100_72_10_85_29_100_66_10_26_10_43_68_82_10_56_78_92_62_100_22_100_36_100_42_48_91_78_100_100_71_13_100_67_10_87_74_77_93_40_70,ExploreTrial,0.5,2,2,12,0,0,,0,0,0.0,0.0,0.0,observe_click,0,41,20,85,,,true,,,,0.38375299760191844,-OfSzRs8eoVYsZFxXite,19,-3
9,43658,60,0,20,75,30,203338,19,80,90,90,12,,,html-keyboard-response,86,2.1.0,4297192,40,0,0_1_2_3_4_5_6_7_8_9_10_11_12_13_14_15_16_17_18_19_2_4_15_14_12_11_10_0_2_3_4_7_15_12_11_10_15_2_12_2,55_27_100_68_100_27_10_62_47_10_99_95_100_70_100_100_34_10_14_10_85_62_91_10_76_100_89_10_100_71_10_100_100_100_50_73_79_100_100_10,ExploreTrial,0.5,2,2,12,0,0,,0,0,0.0,0.0,0.0,observe_click,0,41,20,85,,,true,,,,0.35658640226628896,-OfSzRs8eoVYsZFxXite,23,4
10,43241,0,0,85,20,70,116006,23,91,95,91,9,,,html-keyboard-response,94,2.1.0,4473630,40,0,0_1_2_3_4_5_6_7_8_9_10_11_12_13_14_15_16_17_18_19_7_15_13_18_9_17_16_7_17_9_17_9_9_17_20_21_22_23_23_23,22_39_34_38_10_20_10_100_12_97_39_10_11_76_10_97_75_82_100_10_52_49_71_19_94_82_56_10_86_77_100_100_100_77_10_10_10_90_65_16,ExploreTrial,0.5,2,2,12,0,0,,0,0,0.0,0.0,0.0,observe_click,0,41,20,85,,,true,,,,0.29163346613545815,-OfSzRs8eoVYsZFxXite,26,3
11,39047,0,0,100,0,90,149980,26,91,91,91,24,,,html-keyboard-response,102,2.1.0,4693972,40,0,0_1_2_3_4_5_6_7_8_9_10_11_12_13_14_15_16_17_18_19_20_21_22_23_24_25_26_7_15_23_6_16_24_6_7_24_6_16_6_24,42_18_36_10_35_55_100_96_10_54_65_40_38_59_10_73_100_16_35_10_23_10_43_72_81_58_48_100_72_31_100_68_96_58_10_54_61_10_89_100,ExploreTrial,0.5,2,2,12,0,0,,0,0,0.0,0.0,0.0,observe_click,0,41,20,85,,,true,,,,0.3338512241054614,-OfSzRs8eoVYsZFxXite,19,-7
12,46832,20,0,50,50,25,210254,19,72,88,88,6,,,html-keyboard-response,110,2.1.0,4978304,40,0,0_1_2_3_4_5_6_7_8_9_10_11_12_13_14_15_16_17_18_19_0_1_5_6_14_13_11_19_10_9_17_0_6_14_11_13_6_11_0_0,100_92_10_21_34_86_100_17_10_80_100_80_47_57_100_10_32_100_43_87_73_33_46_92_100_95_100_40_10_62_11_73_100_10_100_38_61_17_100_85,ExploreTrial,0.5,2,2,13,0,0,,0,0,0.0,0.0,0.0,observe_click,0,41,20,85,,,true,,,,0.37612359550561797,-OfSzRs8eoVYsZFxXite,,
0,22542,79,44,24,98,0,114564,25,53,96,96,18,,,html-keyboard-response,5,2.1.0,462274,40,0,0_0_1_2_3_4_5_6_7_8_9_10_11_12_13_14_15_16_14_14_14_17_18_19_20_21_22_23_24_25_20_20_20_20_20_5_5_5_5_5,100_10_10_83_19_63_85_23_43_27_79_76_24_81_33_100_74_30_65_13_10_39_100_74_100_35_10_10_10_66_10_10_12_36_100_67_10_27_25_56,ExploreTrial,0.5,2,2,12,0,0,,0,0,0.0,0.0,0.0,observe_click,9,41,18,10,,,true,,,,0.3445121951219512,-OfTFIOBvJDzmlc5l777,18,-7
1,29171,58,26,38,78,62,102956,18,76,93,93,1,,,html-keyboard-response,13,2.1.0,610512,40,0,0_1_2_3_4_5_6_7_8_9_10_11_12_13_14_15_9_9_9_1_1_4_4_6_6_6_7_7_7_15_15_15_15_14_14_14_14_16_17_18,27_100_39_32_100_46_100_100_84_93_10_100_29_88_100_100_55_10_59_84_100_63_49_100_10_10_60_24_10_10_100_100_66_100_25_51_100_10_100_10,ExploreTrial,0.5,2,2,12,0,0,,0,0,0.0,0.0,0.0,observe_click,9,41,18,10,,,true,,,,0.3200413223140496,-OfTFIOBvJDzmlc5l777,16,-2
2,16972,0,40,79,22,62,130162,16,78,93,78,6,,,html-keyboard-response,21,2.1.0,779549,40,0,0_1_2_1_1_1_0_0_3_4_5_4_4_6_6_6_7_7_7_8_8_8_9_9_9_10_10_10_11_11_12_13_14_15_15_16_6_6_9_9,79_100_13_100_10_34_10_10_66_100_52_60_10_100_70_100_100_10_52_91_34_84_100_68_97_100_68_39_100_27_27_52_79_86_10_59_91_81_82_55,ExploreTrial,0.5,2,2,12,0,0,,0,0,0.0,0.0,0.0,observe_click,9,41,18,10,,,true,,,,0.35256183745583036,-OfTFIOBvJDzmlc5l777,23,7
3,13111,59,0,41,80,19,156347,23,84,96,96,17,,,html-keyboard-response,34,2.1.0,1042387,40,0,0_1_2_3_4_5_5_6_7_8_8_9_9_10_10_11_12_13_13_14_14_15_9_10_16_17_17_17_17_18_19_20_9_10_21_21_22_23_23_17,19_10_10_11_17_80_39_37_41_100_32_100_75_100_87_52_45_100_10_98_66_54_100_99_10_100_100_100_70_56_56_67_45_73_100_77_52_100_72_100,ExploreTrial,0.5,2,2,12,0,0,,0,0,0.0,0.0,0.0,observe_click,9,41,18,10,,,true,,,,0.2957216494845361,-OfTFIOBvJDzmlc5l777,21,-2
4,16053,79,0,59,78,21,169755,21,66,87,87,18,,,html-keyboard-response,42,2.1.0,1253498,40,0,0_1_2_3_4_5_5_6_6_7_8_9_9_10_11_12_13_13_14_14_15_6_9_16_17_18_18_19_20_19_20_9_18_19_9_18_19_21_21_21,17_38_56_15_23_100_10_81_100_34_58_84_100_10_48_10_100_41_91_55_63_36_100_50_33_100_88_74_88_100_52_28_100_77_81_79_63_100_100_57,ExploreTrial,0.5,2,2,12,0,0,,0,0,0.0,0.0,0.0,observe_click,9,41,18,10,,,true,,,,0.29710743801652895,-OfTFIOBvJDzmlc5l777,22,1
5,24202,0,30,80,0,30,123964,22,91,91,91,22,,,html-keyboard-response,50,2.1.0,1414576,40,0,0_0_1_1_2_3_4_5_6_7_4_8_9_10_8_5_11_12_13_14_15_16_17_17_0_8_17_18_19_20_20_20_21_22_22_22_20_0_8_22,98_100_100_49_61_25_79_75_10_10_15_76_18_10_100_21_14_66_61_10_37_18_100_73_81_45_66_34_20_100_100_100_52_100_100_85_65_30_100_100,ExploreTrial,0.5,2,2,12,0,0,,0,0,0.0,0.0,0.0,observe_click,9,41,18,10,,,true,,,,0.3862975391498881,-OfTFIOBvJDzmlc5l777,22,0
6,17015,60,23,20,77,41,124359,22,72,93,93,14,,,html-keyboard-response,58,2.1.0,1572365,40,0,0_1_2_3_4_4_5_6_6_7_8_9_10_11_12_12_13_14_15_14_15_6_12_6_12_14_14_16_17_17_18_18_19_19_20_20_21_22_22_14,10_42_28_10_91_31_48_97_96_67_10_10_39_26_89_93_10_77_95_100_64_100_100_48_32_100_100_62_90_34_100_18_100_10_100_52_39_100_47_50,ExploreTrial,0.5,2,2,12,0,0,,0,0,0.0,0.0,0.0,observe_click,9,41,18,10,,,true,,,,0.29414225941422595,-OfTFIOBvJDzmlc5l777,20,-2
7,16691,40,22,22,96,0,152064,20,81,90,90,11,,,html-keyboard-response,66,2.1.0,1751276,40,0,0_1_2_2_3_3_4_5_5_6_7_8_8_9_9_10_11_11_3_5_11_12_13_14_14_14_15_15_3_5_11_14_3_11_16_17_18_18_19_20,45_10_100_10_100_100_71_100_91_10_69_100_10_100_12_10_90_100_100_100_100_52_65_100_94_100_91_13_95_72_100_69_85_100_69_10_98_10_10_91,ExploreTrial,0.5,2,2,12,0,0,,0,0,0.0,0.0,0.0,observe_click,9,41,18,10,,,true,,,,0.3400666666666667,-OfTFIOBvJDzmlc5l777,15,-5
8,15692,76,30,0,90,0,165814,15,58,96,96,8,,,html-keyboard-response,74,2.1.0,1946286,40,0,0_1_2_3_4_4_5_6_6_7_7_4_6_7_4_7_8_8_9_9_10_10_11_11_12_13_14_14_15_15_9_11_15_7_15_15_8_8_7_8,56_10_24_35_100_100_75_100_82_100_68_66_10_100_26_100_100_63_100_74_100_49_100_93_10_61_100_10_100_100_10_75_91_100_68_55_100_96_73_80,ExploreTrial,0.5,2,2,12,0,0,,0,0,0.0,0.0,0.0,observe_click,9,41,18,10,,,true,,,,0.27380597014925373,-OfTFIOBvJDzmlc5l777,24,9
9,15317,0,0,22,58,0,92502,24,75,94,94,0,,,html-keyboard-response,82,2.1.0,2074504,40,0,0_0_1_2_3_4_5_6_7_2_8_8_0_8_9_10_11_11_12_13_13_14_14_15_16_17_18_19_19_0_8_20_21_22_23_23_0_23_24_24,94_100_10_81_32_32_21_35_10_31_100_88_80_95_28_18_100_50_77_100_59_100_10_10_71_10_26_86_22_100_60_35_10_21_100_72_93_15_100_33,ExploreTrial,0.5,2,2,12,0,0,,0,0,0.0,0.0,0.0,observe_click,9,41,18,10,,,true,,,,0.3971854304635762,-OfTFIOBvJDzmlc5l777,22,-2
10,17044,60,12,39,62,0,107683,22,76,91,91,18,,,html-keyboard-response,90,2.1.0,2208381,40,0,0_0_1_1_2_2_3_4_4_5_5_6_7_8_9_9_0_9_10_11_12_13_14_15_15_16_17_18_18_18_9_0_19_20_21_21_21_22_21_21,82_58_100_10_78_10_14_100_35_100_19_66_59_29_75_100_59_25_10_53_10_66_10_86_63_58_56_100_84_65_10_10_10_10_92_100_89_10_34_10,ExploreTrial,0.5,2,2,12,0,0,,0,0,0.0,0.0,0.0,observe_click,9,41,18,10,,,true,,,,0.3956088992974239,-OfTFIOBvJDzmlc5l777,23,1
11,11704,0,0,79,0,71,104071,23,83,83,83,15,,,html-keyboard-response,98,2.1.0,2344398,40,0,0_1_2_3_4_3_4_3_5_6_7_6_8_9_9_10_11_11_12_13_14_14_15_15_3_15_15_16_17_17_17_17_17_18_19_20_21_22_23_3,33_10_41_89_100_100_25_100_17_100_36_52_27_88_28_77_86_26_79_76_89_54_88_100_49_92_68_23_100_100_100_57_33_68_10_12_68_10_93_10,ExploreTrial,0.5,2,2,12,0,0,,0,0,0.0,0.0,0.0,observe_click,9,41,18,10,,,true,,,,0.3348876404494382,-OfTFIOBvJDzmlc5l777,17,-6
12,16286,21,0,41,81,22,121440,17,92,94,94,0,,,html-keyboard-response,106,2.1.0,2487932,40,0,0_0_1_2_2_3_4_5_6_7_6_0_2_8_8_9_9_0_2_9_9_10_11_12_13_13_0_9_13_13_14_15_16_15_15_17_17_17_17_9,100_100_10_100_91_31_10_26_84_10_10_59_79_86_13_79_96_100_10_51_100_48_63_76_92_100_100_77_64_67_39_80_10_91_29_100_95_100_10_10,ExploreTrial,0.5,2,2,13,0,0,,0,0,0.0,0.0,0.0,observe_click,9,41,18,10,,,true,,,,0.38224852071005916,-OfTFIOBvJDzmlc5l777,,
0,67563,21,22,91,10,78,254652,21,79,88,83,16,,,html-keyboard-response,5,2.1.0,155609068,40,0,0_1_2_3_4_5_6_7_8_9_5_5_5_5_5_10_10_10_11_12_13_12_12_12_13_13_14_14_14_14_15_16_16_16_16_17_18_19_20_21,22_60_10_10_51_68_24_32_10_25_96_38_17_100_67_86_93_22_30_80_10_68_93_63_68_10_100_15_85_33_86_100_49_98_61_10_51_40_67_99,ExploreTrial,0.5,2,2,12,0,0,,0,0,0.0,0.0,0.0,observe_click,32,41,33,67,,,true,,,,0.28995327102803736,-OfbiBL3uimkLM4tmyNV,0,-21
1,37940,0,99,100,0,0,22588,0,45,90,45,0,,,html-keyboard-response,13,2.1.0,155736084,40,0,0_0_0_0_0_0_0_0_0_0_0_0_0_0_0_0_0_0_0_0_0_0_0_0_0_0_0_0_0_0_0_0_0_0_0_0_0_0_0_0,46_25_96_84_100_100_38_45_100_100_71_10_42_35_10_82_55_12_100_21_100_11_62_79_42_10_10_10_94_25_72_42_27_55_87_66_10_97_33_10,ExploreTrial,0.5,2,2,12,0,0,,0,0,0.0,0.0,0.0,observe_click,32,41,33,67,,,true,,,,0.0,-OfbiBL3uimkLM4tmyNV,17,17
2,57402,0,20,79,39,31,179423,17,61,94,94,7,,,html-keyboard-response,21,2.1.0,155972065,40,0,0_1_2_3_4_5_6_7_7_7_7_7_8_8_8_8_8_9_10_11_11_11_11_12_13_13_13_13_14_14_14_14_15_16_16_16_16_17_17_17,85_75_50_10_58_49_10_100_100_59_61_100_100_100_28_49_64_31_62_100_10_23_88_71_97_59_60_51_100_82_38_87_10_100_40_25_100_79_100_16,ExploreTrial,0.5,2,2,12,0,0,,0,0,0.0,0.0,0.0,observe_click,32,41,33,67,,,true,,,,0.2573960880195599,-OfbiBL3uimkLM4tmyNV,21,4
3,39697,0,49,89,11,88,186107,21,89,95,89,9,,,html-keyboard-response,34,2.1.0,156288460,40,0,0_1_2_3_4_5_6_7_8_9_9_9_9_9_9_9_8_8_8_10_10_10_11_10_12_13_13_13_14_15_16_16_16_17_18_19_20_20_20_21,21_21_10_54_10_39_10_10_64_100_99_100_100_24_96_65_100_67_46_85_41_100_10_33_10_100_17_10_10_77_82_100_28_19_54_49_91_32_15_50,ExploreTrial,0.5,2,2,12,0,0,,0,0,0.0,0.0,0.0,observe_click,32,41,33,67,,,true,,,,0.27854691075514876,-OfbiBL3uimkLM4tmyNV,20,-1
4,21579,0,12,95,0,93,151232,20,92,93,92,20,,,html-keyboard-response,42,2.1.0,156499047,40,0,0_1_1_1_2_2_3_3_3_4_4_4_5_6_7_8_9_10_11_11_12_13_13_13_14_15_16_16_16_16_17_18_18_18_19_20_20_20_20_20,10_100_63_62_100_17_100_91_65_92_75_97_53_33_51_10_10_69_100_10_65_100_59_93_48_12_100_100_20_84_10_100_100_78_83_100_88_100_64_100,ExploreTrial,0.5,2,2,12,0,0,,0,0,0.0,0.0,0.0,observe_click,32,41,33,67,,,true,,,,0.357983682983683,-OfbiBL3uimkLM4tmyNV,25,5
5,27930,0,0,93,0,98,148226,25,88,88,88,7,,,html-keyboard-response,50,2.1.0,156687818,40,0,0_1_1_1_1_2_3_4_5_6_7_7_7_7_7_7_8_9_9_9_9_9_10_11_12_13_14_15_15_15_16_17_18_19_20_21_22_23_24_25,10_99_100_88_10_10_10_20_10_20_100_100_100_100_100_91_54_100_100_10_83_70_51_13_34_81_51_100_82_49_10_39_77_51_78_19_17_52_10_56,ExploreTrial,0.5,2,2,12,0,0,,0,0,0.0,0.0,0.0,observe_click,32,41,33,67,,,true,,,,0.36917249417249415,-OfbiBL3uimkLM4tmyNV,29,4
6,38347,0,0,78,0,97,92940,29,93,93,93,13,,,html-keyboard-response,58,2.1.0,156821179,40,0,0_0_1_2_3_4_5_6_7_8_8_8_9_9_9_9_10_11_12_13_13_13_13_14_15_16_17_18_19_20_21_22_23_21_24_25_26_27_28_29,97_10_67_28_35_82_10_46_83_90_60_43_100_94_10_63_78_49_47_100_100_43_100_31_77_16_11_83_30_10_87_45_10_29_10_10_74_23_91_100,ExploreTrial,0.5,2,2,12,0,0,,0,0,0.0,0.0,0.0,observe_click,32,41,33,67,,,true,,,,0.3456319702602231,-OfbiBL3uimkLM4tmyNV,28,-1
7,23290,21,12,40,59,20,112267,28,56,97,97,12,,,html-keyboard-response,66,2.1.0,156983343,40,0,0_1_2_3_4_5_4_4_4_6_7_8_9_10_11_12_12_12_12_13_14_15_15_15_15_16_17_18_19_19_20_21_22_22_23_24_25_26_27_28,13_47_76_33_100_84_100_10_88_39_19_75_77_84_57_100_57_100_84_57_10_100_100_41_56_10_81_39_91_14_77_15_100_10_37_20_10_73_10_10,ExploreTrial,0.5,2,2,12,0,0,,0,0,0.0,0.0,0.0,observe_click,32,41,33,67,,,true,,,,0.3313888888888889,-OfbiBL3uimkLM4tmyNV,18,-10
8,18784,59,20,40,31,40,111359,18,56,86,84,15,,,html-keyboard-response,74,2.1.0,157159739,40,0,0_0_0_1_2_3_4_5_6_7_8_9_8_8_8_8_9_9_9_10_10_10_10_11_12_13_13_13_14_14_14_15_15_15_15_16_17_18_18_18,100_52_10_28_69_37_19_10_10_43_100_92_100_28_64_10_33_92_47_100_59_100_37_10_53_100_43_59_94_67_51_100_95_10_100_42_51_95_100_48,ExploreTrial,0.5,2,2,12,0,0,,0,0,0.0,0.0,0.0,observe_click,32,41,33,67,,,true,,,,0.29550632911392405,-OfbiBL3uimkLM4tmyNV,20,2
9,20439,0,0,88,68,59,131803,20,70,93,89,20,,,html-keyboard-response,82,2.1.0,157383415,40,0,0_1_2_3_4_5_6_7_7_7_8_9_10_10_10_10_10_10_11_11_11_12_13_13_13_13_14_15_15_15_16_17_18_19_18_20_20_20_20_20,51_35_30_10_41_10_40_91_43_12_53_62_100_95_100_80_14_100_100_71_10_10_100_72_67_100_10_100_45_65_63_50_100_42_48_100_100_50_100_100,ExploreTrial,0.5,2,2,12,0,0,,0,0,0.0,0.0,0.0,observe_click,32,41,33,67,,,true,,,,0.27294816414686823,-OfbiBL3uimkLM4tmyNV,16,-4
10,14933,0,0,91,78,70,135290,16,77,91,91,6,,,html-keyboard-response,90,2.1.0,157560241,40,0,0_0_1_1_1_1_2_3_3_3_4_4_4_5_5_5_6_7_6_6_8_8_8_8_9_9_9_10_10_10_10_11_12_13_14_15_6_6_6_16,100_10_100_100_46_46_54_100_52_43_86_60_84_100_61_47_87_10_100_94_100_76_100_10_100_54_48_100_97_66_83_44_56_10_13_24_100_100_58_28,ExploreTrial,0.5,2,2,12,0,0,,0,0,0.0,0.0,0.0,observe_click,32,41,33,67,,,true,,,,0.3521698113207547,-OfbiBL3uimkLM4tmyNV,21,5
11,27110,0,22,95,96,8,202091,21,42,86,84,15,,,html-keyboard-response,98,2.1.0,157802372,40,0,0_1_2_3_4_5_6_6_6_7_8_8_8_9_10_11_12_13_13_13_14_14_14_15_15_15_15_16_16_16_17_17_17_18_19_20_21_21_21_21,21_27_47_49_75_63_85_62_100_71_83_100_39_63_76_73_68_100_65_36_100_100_41_93_60_93_38_100_70_25_99_61_43_70_10_49_100_100_25_69,ExploreTrial,0.5,2,2,12,0,0,,0,0,0.0,0.0,0.0,observe_click,32,41,33,67,,,true,,,,0.2766427104722793,-OfbiBL3uimkLM4tmyNV,32,11
12,20510,21,0,72,72,32,107820,32,42,84,84,9,,,html-keyboard-response,106,2.1.0,157975098,40,0,0_1_2_3_4_5_6_7_8_9_10_10_9_9_11_12_13_14_15_16_15_17_18_19_20_21_22_23_24_25_26_27_28_29_30_31_9_32_32_32,10_73_12_30_60_27_10_10_68_74_92_26_100_72_35_10_17_16_96_36_44_10_54_10_65_43_10_61_46_23_50_17_10_25_71_38_58_100_46_67,ExploreTrial,0.5,2,2,13,0,0,,0,0,0.0,0.0,0.0,observe_click,32,41,33,67,,,true,,,,0.34262422360248446,-OfbiBL3uimkLM4tmyNV,,
0,21234,20,20,80,60,60,77752,23,63,95,95,4,,,html-keyboard-response,5,2.1.0,4205288,40,0,0_1_2_3_1_1_2_4_4_5_5_6_7_4_7_7_7_8_9_10_11_12_12_12_11_11_10_10_13_14_15_16_17_18_19_20_21_22_23_23,10_100_98_10_79_36_100_100_100_10_10_55_100_54_100_100_63_10_10_33_45_100_32_78_84_20_52_42_19_100_70_51_15_42_100_100_44_39_100_16,ExploreTrial,0.5,2,2,12,0,0,,0,0,0.0,0.0,0.0,observe_click,17,41,27,100,,,true,,,,0.3717741935483871,-OfcGBVHzIbpiavQp0I9,31,8
1,17265,20,0,80,80,60,77834,31,56,88,85,24,,,html-keyboard-response,13,2.1.0,4323965,40,0,0_1_2_3_4_4_5_6_7_8_9_9_10_11_12_13_14_2_15_16_17_18_19_18_20_21_22_23_24_21_24_25_26_27_28_29_28_30_30_31,38_74_88_10_100_41_50_82_44_50_100_10_34_78_35_24_28_68_10_81_13_86_31_10_86_100_69_76_100_10_100_10_70_53_100_28_82_100_55_61,ExploreTrial,0.5,2,2,12,0,0,,0,0,0.0,0.0,0.0,observe_click,17,41,27,100,,,true,,,,0.34406645569620253,-OfcGBVHzIbpiavQp0I9,29,-2
2,20957,60,60,60,60,60,116655,29,70,91,91,20,,,html-keyboard-response,21,2.1.0,4473663,40,0,0_1_2_1_3_4_5_4_6_7_8_7_9_10_11_11_12_13_14_14_15_16_17_16_18_19_20_20_21_22_23_18_24_25_26_14_27_28_29_18,20_36_10_10_14_86_69_64_10_100_74_43_10_36_40_12_52_10_100_100_14_100_39_32_82_40_100_100_29_25_10_100_69_18_10_66_74_10_43_38,ExploreTrial,0.5,2,2,12,0,0,,0,0,0.0,0.0,0.0,observe_click,17,41,27,100,,,true,,,,0.33602150537634407,-OfcGBVHzIbpiavQp0I9,32,3
3,17706,0,0,100,80,100,122593,32,94,97,97,15,,,html-keyboard-response,34,2.1.0,4657312,40,0,0_1_2_3_4_3_5_6_7_8_9_6_10_11_12_13_14_15_16_17_18_19_15_15_20_21_22_23_24_22_25_26_27_28_29_28_30_31_32_30,18_28_51_100_37_45_10_90_10_10_10_12_24_10_77_73_10_100_10_89_10_67_91_100_75_81_94_88_45_100_50_51_84_100_10_10_100_64_47_100,ExploreTrial,0.5,2,2,12,0,0,,0,0,0.0,0.0,0.0,observe_click,17,41,27,100,,,true,,,,0.33999227202472954,-OfcGBVHzIbpiavQp0I9,31,-1
4,18611,0,20,100,0,80,122887,31,91,98,92,8,,,html-keyboard-response,42,2.1.0,4811562,40,0,0_0_1_2_3_4_5_6_7_8_9_8_10_11_12_13_14_11_15_16_17_18_19_17_20_21_22_23_24_24_25_26_27_28_29_30_31_31_8_17,23_65_85_10_29_64_71_13_67_92_10_100_23_91_38_57_26_77_26_48_100_10_10_88_10_56_10_52_96_39_10_50_10_86_47_90_100_68_100_100,ExploreTrial,0.5,2,2,12,0,0,,0,0,0.0,0.0,0.0,observe_click,17,41,27,100,,,true,,,,0.3481209150326797,-OfcGBVHzIbpiavQp0I9,19,-12
5,24297,0,0,80,40,80,165571,19,91,93,93,19,,,html-keyboard-response,50,2.1.0,5053119,40,0,0_1_2_3_1_4_5_6_7_4_5_6_4_5_6_8_9_10_11_5_6_11_12_13_14_15_15_13_16_17_18_19_19_19_19_15_15_15_6_19,10_96_56_10_22_100_100_100_48_100_100_100_51_65_65_67_77_14_89_20_61_83_10_94_86_100_35_66_10_45_11_100_100_32_98_83_65_10_70_74,ExploreTrial,0.5,2,2,12,0,0,,0,0,0.0,0.0,0.0,observe_click,17,41,27,100,,,true,,,,0.339321608040201,-OfcGBVHzIbpiavQp0I9,27,8
6,18063,0,0,100,0,100,183591,27,85,85,85,20,,,html-keyboard-response,58,2.1.0,5278622,40,0,0_1_2_3_4_5_6_7_3_8_9_10_11_12_13_14_15_10_16_17_18_19_20_21_22_23_20_20_20_24_25_26_27_24_24_3_10_25_20_10,19_10_10_84_36_10_76_40_100_53_76_100_25_63_45_10_34_88_10_43_35_10_100_62_14_29_100_96_100_100_91_15_10_100_62_76_100_52_100_30,ExploreTrial,0.5,2,2,12,0,0,,0,0,0.0,0.0,0.0,observe_click,17,41,27,100,,,true,,,,0.32588183421516753,-OfcGBVHzIbpiavQp0I9,23,-4
7,23875,80,20,40,80,40,110239,23,73,99,99,20,,,html-keyboard-response,66,2.1.0,5420772,40,0,0_0_0_1_2_3_4_5_6_7_8_1_3_3_8_5_9_10_11_12_13_14_15_11_12_13_16_17_18_19_20_21_22_23_20_11_19_20_11_20,10_10_10_100_10_100_72_48_10_10_100_68_100_39_76_31_80_58_100_100_100_65_10_100_62_10_10_46_48_12_100_40_10_19_83_100_13_73_39_100,ExploreTrial,0.5,2,2,12,0,0,,0,0,0.0,0.0,0.0,observe_click,17,41,27,100,,,true,,,,0.3739607390300231,-OfcGBVHzIbpiavQp0I9,24,1
8,19367,60,20,80,80,60,136300,24,68,98,98,15,,,html-keyboard-response,74,2.1.0,5593891,40,0,0_1_2_3_4_1_1_2_3_5_6_7_8_9_6_7_10_11_12_13_14_14_14_15_16_17_18_19_15_17_20_21_22_23_24_24_2_15_17_24,10_100_100_100_15_100_10_50_10_35_100_80_15_29_10_28_53_10_10_44_100_100_11_100_35_100_28_10_100_71_52_78_10_54_81_70_34_96_100_10,ExploreTrial,0.5,2,2,12,0,0,,0,0,0.0,0.0,0.0,observe_click,17,41,27,100,,,true,,,,0.3721861471861472,-OfcGBVHzIbpiavQp0I9,23,-1
9,12299,0,0,100,0,100,118386,23,93,93,93,12,,,html-keyboard-response,82,2.1.0,5745415,40,0,0_1_2_3_4_5_6_7_3_3_6_8_9_10_11_12_13_14_15_10_12_13_15_16_17_18_19_20_21_22_23_6_15_12_10_3_6_15_12_10,28_29_55_99_42_56_98_10_28_100_100_81_41_100_10_100_100_40_100_57_63_10_100_10_36_46_19_67_10_39_10_100_81_100_100_22_77_10_100_38,ExploreTrial,0.5,2,2,12,0,0,,0,0,0.0,0.0,0.0,observe_click,17,41,27,100,,,true,,,,0.32570257611241216,-OfcGBVHzIbpiavQp0I9,26,3
10,7447,100,20,0,100,0,82823,26,95,95,95,2,,,html-keyboard-response,90,2.1.0,5849697,40,0,0_0_0_1_2_3_4_5_6_7_2_7_7_4_4_2_8_9_10_11_12_13_14_15_10_10_16_17_18_19_20_21_22_23_2_10_24_25_26_26,100_43_10_80_100_62_94_74_34_100_100_91_38_10_32_100_10_20_100_29_74_55_10_47_42_82_14_53_10_13_76_67_68_77_83_54_10_88_92_10,ExploreTrial,0.5,2,2,12,0,0,,0,0,0.0,0.0,0.0,observe_click,17,41,27,100,,,true,,,,0.42086206896551726,-OfcGBVHzIbpiavQp0I9,23,-3
11,28695,40,60,60,40,63,108666,23,75,88,77,18,,,html-keyboard-response,98,2.1.0,5980347,40,0,0_1_2_3_4_5_6_7_0_1_2_7_8_9_10_11_12_13_14_15_8_16_17_18_19_20_21_22_23_17_18_19_0_2_8_18_18_2_17_17,100_100_100_20_10_46_62_100_82_47_97_10_85_41_38_10_16_10_11_14_100_18_100_100_82_47_34_10_44_69_100_10_25_58_10_41_98_39_83_37,ExploreTrial,0.5,2,2,12,0,0,,0,0,0.0,0.0,0.0,observe_click,17,41,27,100,,,true,,,,0.3851162790697674,-OfcGBVHzIbpiavQp0I9,26,3
12,16958,0,40,100,20,80,85637,26,97,98,97,17,,,html-keyboard-response,106,2.1.0,6101234,40,0,0_1_2_3_4_5_6_7_3_8_9_10_11_12_13_14_15_9_10_15_16_17_18_19_20_21_22_23_17_17_24_25_26_24_10_17_3_3_10_17,52_61_10_100_38_62_45_10_56_46_100_100_43_10_10_38_100_81_100_33_10_100_10_10_59_10_10_62_100_100_88_22_26_61_46_31_100_34_10_100,ExploreTrial,0.5,2,2,13,0,0,,0,0,0.0,0.0,0.0,observe_click,17,41,27,100,,,true,,,,0.3341897233201581,-OfcGBVHzIbpiavQp0I9,,
0,35265,10,0,90,50,35,224240,39,53,99,99,4,,,html-keyboard-response,5,2.1.0,815765,40,0,0_1_2_3_4_5_6_7_8_9_10_11_12_13_14_15_16_17_18_19_20_21_22_23_24_25_26_27_28_29_30_31_32_33_34_35_36_37_38_39,51_40_10_40_100_85_55_35_92_73_10_49_47_39_27_10_40_74_48_100_35_94_28_60_91_44_19_100_42_73_47_30_100_80_10_10_62_74_10_31,ExploreTrial,0.5,2,2,12,0,0,,0,0,0.0,0.0,0.0,observe_click,9,41,15,34,,,true,,,,0.3416666666666667,-OfcVga_Q-cZWki2bo_L,39,0
1,27881,10,0,90,50,10,177474,39,54,86,86,2,,,html-keyboard-response,13,2.1.0,1053721,40,0,0_1_2_3_4_5_6_7_8_9_10_11_12_13_14_15_16_17_18_19_20_21_22_23_24_25_26_27_28_29_30_31_32_33_34_35_36_37_38_39,49_10_100_73_66_100_10_28_99_10_100_10_100_43_100_100_10_10_57_100_21_18_23_60_42_10_10_23_76_69_38_10_17_100_10_12_100_50_65_64,ExploreTrial,0.5,2,2,12,0,0,,0,0,0.0,0.0,0.0,observe_click,9,41,15,34,,,true,,,,0.3416666666666667,-OfcVga_Q-cZWki2bo_L,27,-12
2,74295,21,30,40,60,60,198993,27,78,93,93,20,,,html-keyboard-response,21,2.1.0,1307058,40,0,0_1_2_3_4_5_6_7_8_9_2_3_6_7_9_10_11_12_13_14_15_16_17_18_19_0_2_10_20_21_22_23_24_25_26_27_20_25_26_22,74_10_100_83_10_60_100_100_50_100_76_15_10_10_24_85_40_10_52_10_63_57_54_10_57_10_44_81_100_24_90_41_89_100_100_10_100_47_10_69,ExploreTrial,0.5,2,2,12,0,0,,0,0,0.0,0.0,0.0,observe_click,9,41,15,34,,,true,,,,0.38362745098039214,-OfcVga_Q-cZWki2bo_L,19,-8
3,15791,59,27,66,43,53,248002,19,75,99,92,4,,,html-keyboard-response,34,2.1.0,1699874,40,0,0_1_2_3_4_5_6_7_8_9_10_11_12_13_14_0_9_10_13_14_15_16_17_18_18_16_19_4_5_19_13_4_18_0_4_13_9_10_13_4,80_14_19_10_60_61_33_39_33_91_90_10_10_77_77_52_46_41_90_10_10_84_10_100_54_36_70_100_11_10_74_98_13_10_98_10_42_25_100_64,ExploreTrial,0.5,2,2,12,0,0,,0,0,0.0,0.0,0.0,observe_click,9,41,15,34,,,true,,,,0.34365284974093263,-OfcVga_Q-cZWki2bo_L,19,0
4,20065,57,25,70,64,26,220753,19,62,92,89,6,,,html-keyboard-response,42,2.1.0,1950672,40,0,0_0_0_1_2_3_4_5_6_7_8_9_10_11_12_13_14_1_4_6_14_11_15_16_17_18_19_18_16_4_11_18_5_4_5_10_6_10_5_6,100_57_26_76_50_10_81_58_98_29_10_41_53_95_10_10_57_38_73_45_55_79_10_88_16_100_10_72_10_75_10_10_98_18_74_98_97_74_67_100,ExploreTrial,0.5,2,2,12,0,0,,0,0,0.0,0.0,0.0,observe_click,9,41,15,34,,,true,,,,0.3767441860465116,-OfcVga_Q-cZWki2bo_L,14,-5
5,18939,60,28,40,59,40,206757,14,67,90,82,6,,,html-keyboard-response,50,2.1.0,2195657,40,0,0_1_2_3_4_5_6_7_8_9_0_1_3_6_7_10_11_12_13_14_12_14_0_6_12_14_9_0_6_14_12_0_6_14_12_6_14_12_0_9,100_61_10_52_14_10_100_62_22_41_77_23_10_100_21_39_22_89_46_72_82_100_33_41_26_27_67_10_96_98_15_56_49_28_70_44_10_10_100_100,ExploreTrial,0.5,2,2,12,0,0,,0,0,0.0,0.0,0.0,observe_click,9,41,15,34,,,true,,,,0.3795918367346939,-OfcVga_Q-cZWki2bo_L,14,0
6,12301,27,15,78,19,72,209479,14,80,87,87,9,,,html-keyboard-response,58,2.1.0,2442801,40,0,0_1_2_3_4_5_6_7_8_9_10_11_12_13_14_0_9_10_3_11_5_6_7_0_9_10_11_3_5_6_7_9_10_3_6_7_9_10_3_6,100_11_10_83_10_84_78_97_31_69_100_80_10_49_49_67_100_54_48_39_60_72_100_40_85_100_10_100_41_100_76_100_32_54_10_100_67_100_73_10,ExploreTrial,0.5,2,2,12,0,0,,0,0,0.0,0.0,0.0,observe_click,9,41,15,34,,,true,,,,0.3088888888888889,-OfcVga_Q-cZWki2bo_L,14,0
7,15578,35,21,59,43,46,220016,14,71,95,92,6,,,html-keyboard-response,66,2.1.0,2689925,40,0,0_1_2_3_4_5_6_7_8_9_10_11_12_13_14_0_1_10_3_11_5_14_14_11_10_0_12_6_11_5_6_14_11_6_14_0_0_6_6_14,81_59_10_69_32_77_54_10_10_10_72_96_55_41_79_10_42_37_19_30_10_60_98_100_45_34_39_97_80_72_100_79_19_82_52_92_48_72_49_10,ExploreTrial,0.5,2,2,12,0,0,,0,0,0.0,0.0,0.0,observe_click,9,41,15,34,,,true,,,,0.3651694915254237,-OfcVga_Q-cZWki2bo_L,14,0
8,17620,42,18,57,45,49,194660,14,64,89,82,6,,,html-keyboard-response,74,2.1.0,2921151,40,0,0_1_2_3_4_5_6_7_8_9_10_11_12_13_14_2_9_3_4_11_14_6_7_11_3_4_6_14_7_9_2_3_11_4_6_14_7_9_11_7,45_46_94_100_100_45_79_87_18_83_10_78_10_16_100_12_10_66_100_100_62_100_49_44_10_10_63_100_50_100_10_53_100_42_75_10_92_10_44_47,ExploreTrial,0.5,2,2,12,0,0,,0,0,0.0,0.0,0.0,observe_click,9,41,15,34,,,true,,,,0.3142733564013841,-OfcVga_Q-cZWki2bo_L,14,0
9,14966,0,0,90,9,90,201926,14,92,96,92,13,,,html-keyboard-response,82,2.1.0,3155152,40,0,0_1_2_3_4_5_6_7_8_9_3_0_7_10_11_12_13_14_11_12_13_3_11_5_13_7_0_2_12_6_3_11_5_13_6_7_13_7_3_13,73_10_50_100_35_10_53_100_45_19_85_10_88_10_100_70_100_29_81_10_100_82_85_26_100_15_12_54_13_100_100_42_46_100_52_87_100_26_96_42,ExploreTrial,0.5,2,2,12,0,0,,0,0,0.0,0.0,0.0,observe_click,9,41,15,34,,,true,,,,0.340979381443299,-OfcVga_Q-cZWki2bo_L,14,0
10,18837,0,0,92,23,90,188188,14,85,92,85,0,,,html-keyboard-response,90,2.1.0,3371679,40,0,0_1_2_3_4_5_6_7_8_9_10_11_12_13_14_0_2_4_6_7_10_14_9_1_6_0_9_10_7_0_6_7_4_8_0_6_7_0_6_7,100_60_72_42_86_10_100_79_46_54_61_10_30_10_54_90_10_32_31_100_66_30_95_22_100_76_47_40_100_100_43_10_61_59_100_92_100_60_21_63,ExploreTrial,0.5,2,2,12,0,0,,0,0,0.0,0.0,0.0,observe_click,9,41,15,34,,,true,,,,0.37852697095435683,-OfcVga_Q-cZWki2bo_L,14,0
11,24055,0,78,63,36,40,207134,14,75,91,75,9,,,html-keyboard-response,98,2.1.0,3612578,40,0,0_1_2_3_4_5_6_7_8_9_10_11_12_13_14_0_8_1_9_3_12_13_14_7_8_9_3_12_13_14_6_7_8_9_11_12_13_14_9_12,79_72_53_72_10_14_59_81_88_84_10_25_94_100_100_10_87_10_93_23_61_54_36_10_26_39_77_75_47_100_56_16_10_78_81_37_10_36_100_100,ExploreTrial,0.5,2,2,12,0,0,,0,0,0.0,0.0,0.0,observe_click,9,41,15,34,,,true,,,,0.28990963855421686,-OfcVga_Q-cZWki2bo_L,14,0
12,20887,13,20,73,55,59,232982,14,70,88,88,3,,,html-keyboard-response,106,2.1.0,3892579,40,0,0_1_2_3_4_5_6_7_8_9_10_11_12_13_14_0_9_10_2_3_6_9_10_2_3_6_0_9_10_2_3_6_10_3_6_9_3_6_10_9,55_10_100_100_10_10_100_10_13_74_87_27_11_17_10_54_94_69_41_71_100_48_31_55_94_60_83_30_100_20_80_84_17_23_19_100_48_49_10_34,ExploreTrial,0.5,2,2,13,0,0,,0,0,0.0,0.0,0.0,observe_click,9,41,15,34,,,true,,,,0.3461155378486056,-OfcVga_Q-cZWki2bo_L,,
0,39051,15,22,76,20,70,243462,22,73,85,85,6,,,html-keyboard-response,5,2.1.0,340891494,40,0,0_1_2_3_4_5_6_7_8_9_10_11_12_13_14_15_0_2_12_9_1_3_3_6_14_15_16_17_18_19_19_20_21_22_6_12_16_6_12_6,100_90_100_60_21_37_77_19_35_100_34_24_100_37_10_10_35_17_85_56_56_10_10_91_10_52_71_10_10_99_42_55_57_37_99_60_66_92_27_55,ExploreTrial,0.5,2,2,12,0,0,,0,0,0.0,0.0,0.0,observe_click,2,41,25,45,,,true,,,,0.36943037974683546,-Ofwzv_2lSBXa2qcKByh,17,-5
1,24888,20,40,78,28,87,231741,17,86,99,87,3,,,html-keyboard-response,13,2.1.0,341195104,40,0,0_1_2_3_4_5_6_7_8_9_10_11_12_13_14_15_12_15_3_10_9_13_3_9_10_12_13_3_10_13_3_13_10_16_17_16_16_16_3_16,34_10_11_89_10_13_10_35_41_55_84_10_100_60_48_100_69_26_100_100_100_82_99_11_79_38_100_100_74_100_100_39_19_100_10_100_100_66_70_43,ExploreTrial,0.5,2,2,12,0,0,,0,0,0.0,0.0,0.0,observe_click,2,41,25,45,,,true,,,,0.2949475065616798,-Ofwzv_2lSBXa2qcKByh,23,6
2,25382,42,33,37,57,33,200863,23,66,96,96,2,,,html-keyboard-response,21,2.1.0,341459893,40,0,0_1_2_3_4_5_6_7_8_9_10_11_2_4_7_0_12_13_14_15_16_17_18_19_12_14_16_20_21_22_2_4_14_16_23_2_14_23_16_2,69_66_100_65_100_10_10_88_39_43_17_10_67_36_46_10_67_13_100_10_67_38_10_29_12_100_100_31_53_48_100_10_80_89_74_42_22_72_11_72,ExploreTrial,0.5,2,2,12,0,0,,0,0,0.0,0.0,0.0,observe_click,2,41,25,45,,,true,,,,0.37818396226415096,-Ofwzv_2lSBXa2qcKByh,20,-3
3,45954,37,34,63,37,59,233010,20,85,92,89,3,,,html-keyboard-response,34,2.1.0,341779609,40,0,0_1_2_3_4_5_6_7_0_1_2_3_4_5_6_7_8_9_10_11_12_13_14_15_1_3_4_10_13_15_16_17_18_17_19_20_19_20_3_20,56_100_42_92_36_83_22_10_10_69_62_64_100_10_10_100_10_40_86_58_10_100_48_87_47_100_77_23_10_10_51_100_46_12_91_98_16_95_93_10,ExploreTrial,0.5,2,2,12,0,0,,0,0,0.0,0.0,0.0,observe_click,2,41,25,45,,,true,,,,0.40929752066115704,-Ofwzv_2lSBXa2qcKByh,23,3
4,33916,44,25,38,44,18,175130,23,74,91,91,12,,,html-keyboard-response,42,2.1.0,342023106,40,0,0_1_2_3_4_5_6_7_8_9_2_3_5_6_8_10_11_12_13_14_15_16_17_18_19_20_21_22_23_14_15_16_19_21_22_15_15_21_12_12,56_51_100_81_55_64_100_10_92_10_59_54_38_42_10_10_36_85_10_100_100_84_32_10_100_36_98_99_45_10_84_41_47_100_35_26_43_100_100_100,ExploreTrial,0.5,2,2,12,0,0,,0,0,0.0,0.0,0.0,observe_click,2,41,25,45,,,true,,,,0.31981327800829873,-Ofwzv_2lSBXa2qcKByh,22,-1
5,25840,13,38,62,57,42,154822,22,80,90,80,9,,,html-keyboard-response,50,2.1.0,342242377,40,0,0_0_0_0_1_2_3_4_5_6_7_8_9_10_11_12_13_9_9_9_4_3_14_15_16_17_18_19_15_9_3_15_5_20_20_21_22_21_5_5,97_100_30_10_10_10_68_85_77_10_22_43_100_10_56_54_58_100_82_100_26_97_10_71_42_17_10_63_90_87_100_27_75_50_36_100_41_10_100_36,ExploreTrial,0.5,2,2,12,0,0,,0,0,0.0,0.0,0.0,observe_click,2,41,25,45,,,true,,,,0.4001948051948052,-Ofwzv_2lSBXa2qcKByh,24,2
6,16986,39,24,34,69,44,168772,24,75,91,91,23,,,html-keyboard-response,58,2.1.0,342453065,40,0,0_1_2_3_4_5_6_7_8_9_10_11_12_13_14_15_16_17_18_19_11_12_19_1_5_4_20_21_22_12_19_2_23_24_23_2_12_23_19_23,22_69_61_52_50_93_36_10_25_10_31_100_100_31_40_36_10_10_58_80_47_100_100_10_10_10_10_10_56_77_77_100_100_30_100_47_53_81_90_79,ExploreTrial,0.5,2,2,12,0,0,,0,0,0.0,0.0,0.0,observe_click,2,41,25,45,,,true,,,,0.35374743326488706,-Ofwzv_2lSBXa2qcKByh,23,-1
7,16783,60,33,23,76,12,162038,23,52,93,93,7,,,html-keyboard-response,66,2.1.0,342653213,40,0,0_1_2_3_4_5_6_7_1_2_3_4_6_7_8_9_10_11_12_13_2_3_4_6_7_9_11_12_14_15_16_17_18_19_20_16_21_22_23_22,10_54_100_41_53_26_77_100_12_100_75_92_64_75_15_53_37_50_74_10_34_11_25_10_95_46_51_10_10_10_100_38_10_12_28_10_10_96_10_10,ExploreTrial,0.5,2,2,12,0,0,,0,0,0.0,0.0,0.0,observe_click,2,41,25,45,,,true,,,,0.3920076726342711,-Ofwzv_2lSBXa2qcKByh,16,-7
8,30594,67,48,43,76,47,181550,16,76,95,82,12,,,html-keyboard-response,74,2.1.0,342866942,40,0,0_1_2_3_4_5_6_7_8_9_10_11_12_13_14_4_3_14_6_10_1_15_16_0_8_16_9_6_7_14_12_11_0_9_10_8_12_12_9_8,100_43_20_87_100_18_10_66_10_95_76_79_98_72_23_10_55_96_100_77_53_76_100_79_100_18_81_41_72_66_74_10_41_100_46_100_100_97_100_10,ExploreTrial,0.5,2,2,12,0,0,,0,0,0.0,0.0,0.0,observe_click,2,41,25,45,,,true,,,,0.3222307692307692,-Ofwzv_2lSBXa2qcKByh,23,7
9,19618,11,29,93,11,80,110505,23,90,90,90,1,,,html-keyboard-response,82,2.1.0,343042441,40,0,0_1_2_3_4_5_6_7_8_9_10_11_12_13_14_15_16_17_18_19_1_1_4_11_9_18_20_21_22_23_20_20_22_22_15_7_6_4_1_1,55_100_43_71_100_52_50_10_58_100_78_100_10_10_24_76_10_53_60_45_84_100_76_10_10_53_70_19_100_10_100_59_100_47_10_17_10_33_100_25,ExploreTrial,0.5,2,2,12,0,0,,0,0,0.0,0.0,0.0,observe_click,2,41,25,45,,,true,,,,0.3863013698630137,-Ofwzv_2lSBXa2qcKByh,21,-2
10,19681,4,9,91,4,97,148326,21,91,91,91,15,,,html-keyboard-response,90,2.1.0,343218759,40,0,0_1_2_3_4_5_6_7_8_9_10_11_12_13_4_6_7_9_11_14_15_16_17_18_19_15_19_11_16_6_7_15_4_20_21_20_21_15_6_15,54_29_10_56_69_30_98_100_19_84_10_100_19_45_100_100_100_72_90_61_97_65_16_23_75_100_32_22_86_65_32_100_53_60_71_43_83_97_61_93,ExploreTrial,0.5,2,2,12,0,0,,0,0,0.0,0.0,0.0,observe_click,2,41,25,45,,,true,,,,0.3141552511415525,-Ofwzv_2lSBXa2qcKByh,22,1
11,12821,39,27,21,30,25,164811,22,84,95,91,1,,,html-keyboard-response,98,2.1.0,343422194,40,0,0_1_2_3_4_5_6_7_8_9_10_11_0_1_2_3_6_10_12_13_14_15_16_17_18_19_16_10_6_2_17_20_21_22_10_6_1_17_10_10,100_100_100_93_48_73_100_50_27_11_100_38_45_91_100_90_100_100_56_10_10_76_100_90_37_55_58_100_99_67_89_65_34_50_78_41_96_43_79_10,ExploreTrial,0.5,2,2,12,0,0,,0,0,0.0,0.0,0.0,observe_click,2,41,25,45,,,true,,,,0.38671052631578945,-Ofwzv_2lSBXa2qcKByh,24,2
12,10011,55,28,27,74,12,145826,24,79,95,95,13,,,html-keyboard-response,106,2.1.0,343602171,40,0,0_1_2_3_4_5_6_7_8_9_10_11_12_13_14_15_2_13_9_16_17_18_13_8_19_20_21_22_13_20_22_13_13_13_23_23_24_24_8_2,10_56_100_24_10_10_45_39_60_100_31_51_20_100_65_48_47_97_52_10_51_64_100_86_10_100_56_100_97_54_62_62_64_89_100_54_71_41_10_45,ExploreTrial,0.5,2,2,13,0,0,,0,0,0.0,0.0,0.0,observe_click,2,41,25,45,,,true,,,,0.3243951612903226,-Ofwzv_2lSBXa2qcKByh,,
0,80559,22,97,79,39,0,274228,26,50,95,87,22,,,html-keyboard-response,5,2.1.0,666872,40,0,0_1_2_3_3_3_4_5_6_7_4_7_8_8_9_10_11_12_13_5_14_15_16_17_17_18_19_20_21_22_22_23_23_24_25_22_22_22_22_26,29_10_32_100_10_48_100_75_57_79_77_31_90_38_10_57_51_18_28_66_22_60_51_82_86_72_78_37_10_94_100_100_73_23_10_100_52_12_10_87,ExploreTrial,0.5,2,2,12,0,0,,0,0,0.0,0.0,0.0,observe_click,15,41,29,33,,,true,,,,0.3452448210922787,-OfxZjiYSdgxjxsAzA5A,29,3
1,38193,0,99,58,77,78,241340,29,71,92,86,18,,,html-keyboard-response,13,2.1.0,1034859,40,0,0_1_2_3_4_5_6_7_8_9_10_11_12_13_14_15_16_17_18_19_20_21_22_23_24_25_26_27_28_29_3_15_18_20_29_20_29_18_18_29,79_10_47_100_10_29_51_81_51_49_10_10_10_23_70_100_75_21_100_50_100_59_75_20_20_24_66_10_77_100_44_11_86_100_91_57_84_100_61_45,ExploreTrial,0.5,2,2,12,0,0,,0,0,0.0,0.0,0.0,observe_click,15,41,29,33,,,true,,,,0.31537854889589906,-OfxZjiYSdgxjxsAzA5A,29,0
2,22078,0,0,98,0,98,152540,29,94,94,94,27,,,html-keyboard-response,21,2.1.0,1277854,40,0,0_1_2_3_4_5_6_7_8_9_10_11_12_13_14_15_16_17_18_19_20_21_22_23_24_25_26_27_28_29_5_8_13_21_23_27_27_23_23_8,10_10_26_37_36_100_10_54_100_75_72_78_62_94_79_53_62_64_87_10_18_100_66_100_79_92_21_100_58_10_10_93_10_34_94_100_46_94_10_46,ExploreTrial,0.5,2,2,12,0,0,,0,0,0.0,0.0,0.0,observe_click,15,41,29,33,,,true,,,,0.32336867862969004,-OfxZjiYSdgxjxsAzA5A,30,1
3,17372,0,0,60,39,21,144054,30,71,92,92,18,,,html-keyboard-response,34,2.1.0,1507399,40,0,0_1_2_3_4_5_6_7_8_9_10_11_12_13_14_15_16_17_18_19_20_21_22_23_24_25_26_27_28_29_30_2_5_22_30_11_15_18_3_18,10_34_100_81_16_100_70_64_44_23_49_100_10_24_33_90_57_56_85_47_53_78_100_10_57_72_68_54_10_17_100_10_73_15_10_58_61_100_12_73,ExploreTrial,0.5,2,2,12,0,0,,0,0,0.0,0.0,0.0,observe_click,15,41,29,33,,,true,,,,0.34995755517826826,-OfxZjiYSdgxjxsAzA5A,29,-1
4,20309,0,0,80,58,22,103355,29,76,94,94,9,,,html-keyboard-response,42,2.1.0,1658918,40,0,0_1_2_3_4_5_6_7_8_9_10_11_12_13_14_15_16_17_18_19_20_21_22_23_24_25_26_27_28_29_3_9_16_20_21_23_25_3_9_25,10_38_10_91_10_10_39_13_33_100_10_81_40_59_85_100_100_70_10_87_100_100_10_100_28_100_36_65_25_80_100_100_21_57_56_36_100_28_100_10,ExploreTrial,0.5,2,2,12,0,0,,0,0,0.0,0.0,0.0,observe_click,15,41,29,33,,,true,,,,0.3351867572156197,-OfxZjiYSdgxjxsAzA5A,29,0
5,17524,0,0,98,42,98,123755,29,86,87,87,7,,,html-keyboard-response,50,2.1.0,1848050,40,0,0_1_2_3_4_5_6_7_8_9_10_11_12_13_14_15_16_17_18_19_20_21_22_23_24_25_26_27_28_29_29_25_20_23_15_6_7_0_7_25,86_36_12_46_27_83_100_83_46_95_57_57_12_10_84_100_37_16_26_62_100_10_66_100_63_94_10_31_10_100_76_85_37_19_49_10_100_10_100_24,ExploreTrial,0.5,2,2,12,0,0,,0,0,0.0,0.0,0.0,observe_click,15,41,29,33,,,true,,,,0.34662162162162163,-OfxZjiYSdgxjxsAzA5A,29,0
6,30262,0,0,89,78,20,84026,29,60,90,90,28,,,html-keyboard-response,58,2.1.0,1972958,40,0,0_1_2_3_4_5_6_7_8_9_10_11_12_13_14_15_16_17_18_19_20_21_22_23_24_25_26_27_28_29_0_7_13_29_28_8_7_7_28_28,97_85_81_62_48_26_10_100_92_66_57_61_29_100_10_10_10_32_42_85_68_10_57_10_51_50_10_10_100_100_10_89_50_81_100_84_100_100_100_43,ExploreTrial,0.5,2,2,12,0,0,,0,0,0.0,0.0,0.0,observe_click,15,41,29,33,,,true,,,,0.36033898305084744,-OfxZjiYSdgxjxsAzA5A,29,0
7,14461,0,0,61,62,33,65781,29,68,95,95,26,,,html-keyboard-response,66,2.1.0,2100172,40,0,0_0_1_2_3_4_5_6_7_8_9_10_11_12_13_14_15_16_17_18_19_20_21_22_23_24_25_26_27_28_29_9_15_18_26_25_25_26_18_18,42_66_10_73_10_10_60_10_22_10_100_10_10_17_68_10_86_61_42_86_10_15_58_26_52_10_100_100_42_52_68_10_35_100_100_85_69_81_100_41,ExploreTrial,0.5,2,2,12,0,0,,0,0,0.0,0.0,0.0,observe_click,15,41,29,33,,,true,,,,0.3223170731707317,-OfxZjiYSdgxjxsAzA5A,29,0
8,13274,0,0,98,0,98,55275,29,88,93,88,12,,,html-keyboard-response,74,2.1.0,2216479,40,0,0_1_2_3_4_5_6_7_8_9_10_11_12_13_14_15_16_17_18_19_20_21_22_23_24_25_26_27_28_29_1_3_5_14_15_24_29_20_12_14,56_100_94_100_29_100_75_64_49_84_35_66_100_10_100_100_80_38_72_67_90_12_10_49_100_63_84_10_10_100_40_11_67_100_10_34_70_33_99_50,ExploreTrial,0.5,2,2,12,0,0,,0,0,0.0,0.0,0.0,observe_click,15,41,29,33,,,true,,,,0.34825174825174826,-OfxZjiYSdgxjxsAzA5A,29,0
9,29110,0,0,0,79,22,34297,29,59,93,93,14,,,html-keyboard-response,82,2.1.0,2276169,40,0,0_1_2_3_4_5_6_7_8_9_10_11_12_13_14_15_16_17_18_19_20_21_22_23_24_25_26_27_28_29_2_3_13_14_15_21_17_27_13_14,39_10_100_100_10_99_64_10_73_10_84_27_59_100_100_100_10_100_10_89_42_100_91_10_10_26_32_100_100_28_43_20_100_95_30_100_83_20_67_100,ExploreTrial,0.5,2,2,12,0,0,,0,0,0.0,0.0,0.0,observe_click,15,41,29,33,,,true,,,,0.331794425087108,-OfxZjiYSdgxjxsAzA5A,29,0
10,14389,0,0,72,22,80,27426,29,87,93,87,6,,,html-keyboard-response,90,2.1.0,2341935,40,0,0_1_2_3_4_5_6_7_8_9_10_11_12_13_14_15_16_17_18_19_20_21_22_23_24_25_26_27_28_29_1_6_14_10_24_24_10_6_6_24,26_100_46_55_52_10_100_53_89_78_100_60_19_10_100_12_39_33_45_79_31_11_34_42_100_13_24_74_52_79_37_100_57_95_100_100_75_87_96_10,ExploreTrial,0.5,2,2,12,0,0,,0,0,0.0,0.0,0.0,observe_click,15,41,29,33,,,true,,,,0.35267857142857145,-OfxZjiYSdgxjxsAzA5A,32,3
11,18232,0,0,80,0,67,33689,32,78,93,93,6,,,html-keyboard-response,98,2.1.0,2396931,40,0,0_1_2_3_4_5_6_7_8_9_10_11_12_13_14_15_16_17_18_19_20_21_22_23_24_25_26_27_28_29_30_31_6_26_30_19_8_6_30_32,25_60_19_20_43_33_100_33_96_38_17_22_92_56_83_73_46_10_31_88_10_72_25_10_39_12_100_10_76_68_96_39_100_10_83_10_67_68_55_10,ExploreTrial,0.5,2,2,12,0,0,,0,0,0.0,0.0,0.0,observe_click,15,41,29,33,,,true,,,,0.34184532924961714,-OfxZjiYSdgxjxsAzA5A,28,-4
12,19067,0,0,89,24,72,29266,28,84,95,92,12,,,html-keyboard-response,106,2.1.0,2450021,40,0,0_0_0_1_2_3_4_5_6_7_8_9_10_11_12_13_14_15_16_17_18_19_20_21_22_23_24_25_26_27_28_1_2_4_6_12_15_2_12_15,10_65_35_100_100_75_100_43_100_78_64_20_59_58_100_16_38_100_57_79_83_23_10_58_63_75_58_100_49_68_41_61_100_51_10_100_86_100_100_33,ExploreTrial,0.5,2,2,13,0,0,,0,0,0.0,0.0,0.0,observe_click,15,41,29,33,,,true,,,,0.4093157894736842,-OfxZjiYSdgxjxsAzA5A,,
0,52894,76,31,29,78,7,96854,25,70,96,96,13,,,html-keyboard-response,5,2.1.0,5345484,40,0,0_1_1_2_2_3_4_4_3_0_5_6_6_6_7_8_9_9_10_11_12_13_14_15_16_17_18_18_19_20_21_22_2_9_9_23_24_25_13_13,90_22_28_100_86_100_100_31_13_21_31_100_34_47_65_41_96_80_33_10_10_80_10_10_64_63_91_48_70_14_24_10_65_82_53_65_10_10_100_90,ExploreTrial,0.5,2,2,12,0,0,,0,0,0.0,0.0,0.0,observe_click,1,41,19,32,,,true,,,,0.3970238095238095,-Ofxc3XHlRfoF1I6ieVz,26,1
1,23732,58,0,22,6,47,236764,26,80,91,91,14,,,html-keyboard-response,13,2.1.0,5648389,40,0,0_1_2_3_4_5_6_7_8_9_10_11_12_13_14_15_16_17_18_19_20_21_22_23_0_12_10_10_12_14_14_23_23_4_4_24_25_26_26_26,100_10_10_10_84_20_65_38_47_10_98_25_90_49_100_10_28_44_10_77_51_60_17_83_14_100_100_10_10_87_61_100_38_10_65_61_49_100_10_37,ExploreTrial,0.5,2,2,12,0,0,,0,0,0.0,0.0,0.0,observe_click,1,41,19,32,,,true,,,,0.3456994328922495,-Ofxc3XHlRfoF1I6ieVz,19,-7
2,18844,45,0,22,11,0,300893,19,75,90,79,6,,,html-keyboard-response,21,2.1.0,5993203,40,0,0_1_2_3_4_5_6_7_8_9_10_11_12_13_14_15_16_17_18_19_8_12_14_14_12_14_18_18_18_17_17_18_6_6_6_6_9_9_9_9,88_50_33_10_40_72_81_33_100_89_10_46_100_10_100_51_10_82_100_12_39_94_95_90_33_61_100_72_94_100_35_13_100_100_97_78_100_93_100_48,ExploreTrial,0.5,2,2,12,0,0,,0,0,0.0,0.0,0.0,observe_click,1,41,19,32,,,true,,,,0.282906976744186,-Ofxc3XHlRfoF1I6ieVz,19,0
3,26232,74,78,21,0,12,363418,19,81,88,81,2,,,html-keyboard-response,34,2.1.0,6440450,40,0,0_1_2_3_4_5_6_7_8_9_10_11_12_13_14_15_3_7_13_14_14_15_15_9_9_10_8_5_2_2_2_16_17_18_19_15_16_8_8_13,48_28_77_100_60_72_10_100_98_100_100_10_15_100_100_100_10_15_55_100_33_100_40_100_37_10_56_60_100_100_50_66_32_49_10_35_11_73_10_71,ExploreTrial,0.5,2,2,12,0,0,,0,0,0.0,0.0,0.0,observe_click,1,41,19,32,,,true,,,,0.3197089947089947,-Ofxc3XHlRfoF1I6ieVz,23,4
4,33993,59,0,30,60,22,206639,23,85,95,95,13,,,html-keyboard-response,42,2.1.0,6703263,40,0,0_1_2_3_4_5_6_7_8_9_10_11_12_13_14_15_16_17_18_19_20_21_1_9_9_14_14_15_18_19_13_13_13_9_13_22_23_22_20_13,29_100_26_10_64_19_41_61_10_100_42_23_21_85_98_97_46_42_100_86_83_18_31_71_53_80_22_48_44_10_92_94_100_17_100_94_61_30_31_91,ExploreTrial,0.5,2,2,12,0,0,,0,0,0.0,0.0,0.0,observe_click,1,41,19,32,,,true,,,,0.2910896130346232,-Ofxc3XHlRfoF1I6ieVz,22,-1
5,38677,62,0,63,19,35,246245,22,92,92,92,11,,,html-keyboard-response,50,2.1.0,6999202,40,0,0_1_2_3_4_5_6_7_8_9_10_11_12_13_14_15_16_17_18_19_0_3_3_5_11_11_12_19_16_16_16_19_19_19_16_20_21_22_16_18,100_26_10_100_10_100_26_10_36_47_10_100_100_69_54_68_100_26_64_100_44_100_61_60_85_79_58_86_89_100_49_100_100_29_100_16_77_10_80_94,ExploreTrial,0.5,2,2,12,0,0,,0,0,0.0,0.0,0.0,observe_click,1,41,19,32,,,true,,,,0.3149364406779661,-Ofxc3XHlRfoF1I6ieVz,19,-3
6,45705,20,0,0,42,0,183217,19,77,86,86,8,,,html-keyboard-response,58,2.1.0,7238267,40,0,0_1_2_3_4_5_6_7_8_9_10_11_12_13_14_15_16_17_3_0_0_1_2_4_5_6_6_9_9_13_8_8_6_9_18_19_19_19_19_8,83_71_10_100_10_11_10_66_80_100_21_56_43_100_11_10_10_49_22_84_34_10_10_10_10_97_69_96_70_25_100_64_53_42_49_100_82_100_22_100,ExploreTrial,0.5,2,2,12,0,0,,0,0,0.0,0.0,0.0,observe_click,1,41,19,32,,,true,,,,0.38575581395348835,-Ofxc3XHlRfoF1I6ieVz,18,-1
7,18365,0,0,100,0,100,90535,18,92,92,92,17,,,html-keyboard-response,66,2.1.0,7392458,40,0,0_1_2_3_4_5_6_7_8_9_10_11_12_13_14_15_16_17_18_1_1_2_2_10_10_13_14_6_6_6_6_17_17_17_17_17_17_17_18_16,10_96_89_30_13_77_87_57_63_61_100_95_72_10_100_10_79_100_71_100_83_100_47_62_62_10_65_10_76_98_48_100_98_100_84_100_85_100_17_85,ExploreTrial,0.5,2,2,12,0,0,,0,0,0.0,0.0,0.0,observe_click,1,41,19,32,,,true,,,,0.3378428927680798,-Ofxc3XHlRfoF1I6ieVz,19,1
8,17562,100,0,0,100,0,113468,19,41,91,91,12,,,html-keyboard-response,74,2.1.0,7531418,40,0,0_1_2_3_4_5_6_7_8_9_10_11_12_13_14_15_16_17_18_19_11_11_12_12_12_17_17_18_0_0_5_11_12_12_12_6_5_17_0_9,76_29_54_10_42_78_71_10_25_56_26_100_99_16_20_10_14_91_79_50_26_36_100_62_88_47_73_55_49_74_61_61_46_31_10_37_17_10_10_10,ExploreTrial,0.5,2,2,12,0,0,,0,0,0.0,0.0,0.0,observe_click,1,41,19,32,,,true,,,,0.3301413881748072,-Ofxc3XHlRfoF1I6ieVz,18,-1
9,13759,0,0,100,0,100,92562,18,85,85,85,8,,,html-keyboard-response,82,2.1.0,7655123,40,0,0_1_2_3_4_5_6_7_8_9_10_11_12_13_14_15_16_17_18_3_3_12_13_13_13_14_14_14_14_14_8_8_8_8_8_8_8_14_14_18,65_40_48_87_34_44_28_69_100_23_31_31_10_10_100_62_63_74_10_10_37_10_100_59_56_60_94_100_100_92_100_61_100_100_100_100_100_100_58_10,ExploreTrial,0.5,2,2,12,0,0,,0,0,0.0,0.0,0.0,observe_click,1,41,19,32,,,true,,,,0.271125,-Ofxc3XHlRfoF1I6ieVz,18,0
10,17769,0,0,100,0,100,92009,18,92,92,92,13,,,html-keyboard-response,90,2.1.0,7771302,40,0,0_1_2_3_4_5_6_7_8_9_10_11_12_13_14_15_16_17_18_9_9_9_10_10_10_13_13_13_13_13_8_8_8_8_8_8_16_11_13_8,10_11_15_37_88_20_54_61_86_100_100_94_29_96_82_24_87_10_28_51_100_10_100_51_77_100_100_100_24_100_46_100_100_99_100_54_10_53_100_19,ExploreTrial,0.5,2,2,12,0,0,,0,0,0.0,0.0,0.0,observe_click,1,41,19,32,,,true,,,,0.24145244215938302,-Ofxc3XHlRfoF1I6ieVz,18,0
11,14898,88,0,0,68,0,84232,18,95,99,99,0,,,html-keyboard-response,98,2.1.0,7882581,40,0,0_1_2_3_4_5_6_7_8_9_10_11_12_13_14_15_16_17_18_0_0_0_0_4_4_4_11_11_11_0_0_1_1_1_1_1_0_0_16_16,100_80_67_73_100_10_60_10_54_31_59_100_63_52_61_15_75_62_70_68_91_100_10_100_48_73_28_10_65_80_100_10_100_90_97_38_72_57_63_14,ExploreTrial,0.5,2,2,12,0,0,,0,0,0.0,0.0,0.0,observe_click,1,41,19,32,,,true,,,,0.5285573122529644,-Ofxc3XHlRfoF1I6ieVz,18,0
12,21434,100,0,22,96,0,77380,18,70,91,91,14,,,html-keyboard-response,106,2.1.0,7992002,40,0,0_1_2_3_4_5_6_7_8_9_10_11_12_13_14_15_16_17_18_1_1_1_4_5_14_14_14_15_12_18_18_10_10_10_10_10_16_16_1_1,54_100_18_76_10_10_45_45_44_44_100_89_10_35_10_10_47_44_100_54_91_56_10_38_100_10_54_10_10_31_44_100_100_48_14_77_100_15_71_32,ExploreTrial,0.5,2,2,13,0,0,,0,0,0.0,0.0,0.0,observe_click,1,41,19,32,,,true,,,,0.3524193548387097,-Ofxc3XHlRfoF1I6ieVz,,
0,27359,57,62,23,72,33,223549,24,81,95,95,2,,,html-keyboard-response,5,2.1.0,54891454,40,0,0_1_2_3_4_5_6_7_8_9_1_2_0_0_10_11_12_13_14_15_12_13_14_16_17_18_19_20_21_22_23_20_20_22_22_2_2_14_2_24,86_100_100_37_10_50_10_69_10_54_26_100_100_75_10_10_87_83_100_35_71_68_83_52_80_10_52_100_40_87_79_48_48_100_10_59_71_65_100_72,ExploreTrial,0.5,2,2,12,0,0,,0,0,0.0,0.0,0.0,add_card,21,41,22,51,,,true,,,,0.3998878923766816,-Og0-LFvK4B24uEKTjAU,27,3
1,17046,60,81,27,73,8,126208,27,80,90,83,5,,,html-keyboard-response,13,2.1.0,55060200,40,0,0_1_2_3_4_5_6_7_8_9_10_11_12_13_14_15_16_17_18_19_5_6_11_11_19_5_20_21_22_23_24_25_26_11_10_10_5_27_5_5,10_86_26_10_10_100_94_21_44_54_82_100_29_27_73_26_10_60_56_100_95_62_37_39_39_100_38_74_58_46_10_10_10_10_100_10_100_26_45_13,ExploreTrial,0.5,2,2,12,0,0,,0,0,0.0,0.0,0.0,add_card,21,41,22,51,,,true,,,,0.35306652806652805,-Og0-LFvK4B24uEKTjAU,23,-4
2,15910,14,15,93,5,66,113602,23,90,90,90,0,,,html-keyboard-response,21,2.1.0,55198798,40,0,0_0_0_1_2_3_4_5_6_7_8_9_10_11_12_13_14_15_16_17_1_4_7_10_11_16_18_19_18_7_20_21_22_23_23_23_23_7_0_0,100_100_100_100_34_10_100_12_50_90_10_65_100_87_78_25_63_76_100_68_24_10_88_83_44_10_93_67_10_100_33_10_10_100_100_89_100_66_100_100,ExploreTrial,0.5,2,2,12,0,0,,0,0,0.0,0.0,0.0,add_card,21,41,22,51,,,true,,,,0.41232394366197184,-Og0-LFvK4B24uEKTjAU,18,-5
3,19453,58,69,57,84,32,175754,18,60,96,93,9,,,html-keyboard-response,34,2.1.0,55416709,40,0,0_0_1_2_3_4_5_6_7_8_9_10_11_12_13_14_15_16_17_18_3_8_9_10_10_11_11_13_9_3_11_17_17_14_15_15_0_9_10_15,100_53_10_10_100_29_60_44_44_100_100_100_100_10_99_88_88_46_100_10_82_47_84_100_57_94_64_28_47_42_20_96_41_10_100_51_10_100_85_94,ExploreTrial,0.5,2,2,12,0,0,,0,0,0.0,0.0,0.0,add_card,21,41,22,51,,,true,,,,0.3114829396325459,-Og0-LFvK4B24uEKTjAU,24,6
4,12237,72,34,48,81,45,128759,24,79,94,92,8,,,html-keyboard-response,42,2.1.0,55578028,40,0,0_1_2_3_4_5_6_7_8_9_3_8_8_10_11_12_13_14_15_16_17_13_17_18_19_19_20_21_21_22_23_8_2_3_24_24_24_24_8_13,49_10_86_92_43_14_71_10_100_89_69_100_100_63_10_50_96_40_76_10_100_45_31_20_100_40_10_100_10_63_10_65_46_10_100_52_100_40_100_10,ExploreTrial,0.5,2,2,12,0,0,,0,0,0.0,0.0,0.0,add_card,21,41,22,51,,,true,,,,0.3455050505050505,-Og0-LFvK4B24uEKTjAU,18,-6
5,13427,16,45,79,50,58,107977,18,91,94,91,18,,,html-keyboard-response,50,2.1.0,55708294,40,0,0_1_2_3_4_5_6_7_8_9_2_2_2_5_5_5_6_6_7_7_8_10_11_12_13_14_15_16_17_18_11_16_18_18_18_18_6_6_6_18,55_24_100_75_74_100_100_100_100_65_100_100_18_40_81_71_64_100_49_62_71_51_100_82_66_10_42_100_74_97_10_48_100_100_100_100_100_100_99_88,ExploreTrial,0.5,2,2,12,0,0,,0,0,0.0,0.0,0.0,add_card,21,41,22,51,,,true,,,,0.35367036011080333,-Og0-LFvK4B24uEKTjAU,32,14
6,15138,54,13,47,13,62,90992,32,85,86,86,25,,,html-keyboard-response,58,2.1.0,55821928,40,0,0_1_2_3_4_5_6_7_8_9_10_11_12_13_14_15_16_17_18_19_20_21_22_23_24_25_26_27_28_29_10_11_16_24_25_30_31_32_32_25,10_54_10_21_76_53_34_39_76_69_100_93_57_71_10_73_100_10_15_61_13_72_12_10_94_89_76_87_53_26_49_77_79_16_100_17_54_91_10_100,ExploreTrial,0.5,2,2,12,0,0,,0,0,0.0,0.0,0.0,add_card,21,41,22,51,,,true,,,,0.321795827123696,-Og0-LFvK4B24uEKTjAU,25,-7
7,17834,59,19,25,79,23,112687,25,72,81,81,14,,,html-keyboard-response,66,2.1.0,55958084,40,0,0_1_2_3_4_5_6_7_8_9_10_11_12_13_14_15_16_17_18_19_6_8_8_8_12_13_14_12_14_17_17_20_21_22_23_24_25_14_14_8,52_52_79_10_10_34_100_10_100_43_70_15_100_100_100_55_44_100_46_10_52_100_100_53_96_28_100_13_100_100_35_38_43_10_73_10_10_23_53_16,ExploreTrial,0.5,2,2,12,0,0,,0,0,0.0,0.0,0.0,add_card,21,41,22,51,,,true,,,,0.29775510204081634,-Og0-LFvK4B24uEKTjAU,25,0
8,15240,39,33,58,74,52,102118,25,80,89,89,23,,,html-keyboard-response,74,2.1.0,56088189,40,0,0_1_2_3_4_5_6_7_8_9_10_11_12_13_14_15_16_17_18_19_6_7_15_17_16_16_16_17_20_21_22_23_24_25_20_17_16_23_23_20,64_68_77_10_41_44_100_100_80_10_46_89_20_62_82_100_90_100_10_72_18_49_45_82_100_100_63_91_100_70_36_99_11_50_45_37_26_100_70_49,ExploreTrial,0.5,2,2,12,0,0,,0,0,0.0,0.0,0.0,add_card,21,41,22,51,,,true,,,,0.28375451263537904,-Og0-LFvK4B24uEKTjAU,23,-2
9,17993,55,39,53,72,46,84180,23,76,91,87,0,,,html-keyboard-response,82,2.1.0,56196142,40,0,0_1_2_3_4_5_6_7_8_9_10_11_12_13_14_15_16_17_18_19_20_21_22_23_0_2_0_2_0_12_14_12_14_21_22_9_9_9_0_5,100_60_100_70_10_87_40_30_69_100_46_10_100_10_100_10_10_43_25_10_62_100_100_61_100_100_100_19_100_100_90_23_56_14_34_100_71_40_96_100,ExploreTrial,0.5,2,2,12,0,0,,0,0,0.0,0.0,0.0,add_card,21,41,22,51,,,true,,,,0.40534398034398034,-Og0-LFvK4B24uEKTjAU,29,6
10,16626,42,16,73,33,33,75241,29,71,88,88,0,,,html-keyboard-response,90,2.1.0,56301238,40,0,0_1_2_3_4_5_6_7_8_9_10_11_12_13_14_15_16_17_18_19_16_20_21_22_23_24_25_26_27_28_0_23_25_16_17_0_8_0_0_29,100_60_60_41_20_41_43_10_78_22_68_40_10_51_22_55_55_92_26_59_91_18_45_66_100_23_100_49_59_33_94_10_35_10_20_72_49_100_66_55,ExploreTrial,0.5,2,2,12,0,0,,0,0,0.0,0.0,0.0,add_card,21,41,22,51,,,true,,,,0.3863888888888889,-Og0-LFvK4B24uEKTjAU,26,-3
11,23361,3,6,97,3,91,93708,26,82,82,82,17,,,html-keyboard-response,98,2.1.0,56423926,40,0,0_1_2_3_4_5_6_7_8_9_10_11_12_13_14_15_16_17_18_19_12_18_18_20_21_22_23_24_25_26_17_17_17_12_12_17_14_14_14_5,10_10_51_59_16_81_10_46_29_75_10_21_100_62_96_10_46_84_100_70_59_10_11_28_68_10_53_52_10_10_100_100_49_79_10_44_100_41_27_10,ExploreTrial,0.5,2,2,12,0,0,,0,0,0.0,0.0,0.0,add_card,21,41,22,51,,,true,,,,0.28485130111524165,-Og0-LFvK4B24uEKTjAU,21,-5
12,17871,5,9,77,10,47,113643,21,95,97,95,12,,,html-keyboard-response,106,2.1.0,56566137,40,0,0_1_2_3_4_5_6_7_8_9_10_11_12_13_14_15_16_17_18_19_1_2_12_17_16_1_2_12_12_1_1_12_2_2_17_12_8_8_20_21,13_100_100_63_41_23_57_10_63_10_10_29_100_58_50_54_96_100_32_14_100_79_100_64_15_100_76_100_83_72_10_48_100_28_33_100_53_66_10_51,ExploreTrial,0.5,2,2,13,0,0,,0,0,0.0,0.0,0.0,add_card,21,41,22,51,,,true,,,,0.39302168021680217,-Og0-LFvK4B24uEKTjAU,,
0,66350,5,0,90,20,90,223826,26,90,92,92,26,,,html-keyboard-response,5,2.1.0,806730,40,0,0_1_2_3_4_5_6_7_8_9_10_11_12_13_14_15_16_17_18_19_20_21_22_23_24_25_26_4_7_8_11_12_14_15_20_26_12_20_26_22,87_65_27_16_100_10_31_95_96_89_77_100_100_49_100_100_47_18_51_54_100_10_100_57_73_91_100_52_10_10_61_100_44_29_100_100_10_60_100_100,ExploreTrial,0.5,2,2,12,0,0,,0,0,0.0,0.0,0.0,observe_click,3,41,15,46,,,true,,,,0.31797445255474455,-Og05DBKttqwq-b1eHVR,27,1
1,61783,20,0,40,100,10,188250,27,54,95,95,27,,,html-keyboard-response,13,2.1.0,1096674,40,0,0_1_2_3_4_5_6_7_8_9_10_11_12_13_14_15_16_17_18_19_20_21_22_23_24_3_10_21_22_23_24_14_24_3_25_26_27_27_27_3,10_42_64_100_29_10_87_35_12_88_95_59_57_10_97_39_58_75_13_55_47_100_100_100_100_100_10_75_70_72_85_26_10_100_10_15_100_90_100_49,ExploreTrial,0.5,2,2,12,0,0,,0,0,0.0,0.0,0.0,observe_click,3,41,15,46,,,true,,,,0.3400259067357513,-Og05DBKttqwq-b1eHVR,26,-1
2,44557,20,0,20,100,80,277826,26,58,89,89,6,,,html-keyboard-response,21,2.1.0,1529093,40,0,0_1_2_3_4_5_6_7_8_9_10_11_12_13_14_15_16_17_18_19_2_4_6_12_18_19_2_20_21_22_23_23_7_8_24_24_25_26_6_2,88_31_100_45_100_48_99_90_89_48_82_83_100_10_10_71_79_82_99_100_80_10_64_29_20_10_85_87_81_12_100_50_76_38_100_12_27_10_71_20,ExploreTrial,0.5,2,2,12,0,0,,0,0,0.0,0.0,0.0,observe_click,3,41,15,46,,,true,,,,0.3744834710743802,-Og05DBKttqwq-b1eHVR,25,-1
3,27273,40,0,20,80,0,355575,25,30,96,96,11,,,html-keyboard-response,34,2.1.0,2044433,40,0,0_1_2_3_4_5_6_7_8_9_10_11_12_13_14_15_16_17_18_19_20_21_6_7_10_11_12_15_18_9_6_14_22_23_24_1_1_11_25_25,34_77_70_71_43_23_100_100_43_94_100_100_100_39_90_100_32_11_100_23_21_51_63_10_20_57_33_46_42_10_15_54_49_43_50_100_36_85_59_93,ExploreTrial,0.5,2,2,12,0,0,,0,0,0.0,0.0,0.0,observe_click,3,41,15,46,,,true,,,,0.34782377919320595,-Og05DBKttqwq-b1eHVR,16,-9
4,40295,0,0,80,20,70,270474,16,84,95,91,4,,,html-keyboard-response,42,2.1.0,2360748,40,0,0_1_2_3_4_5_6_7_8_9_10_11_12_13_14_0_1_2_3_4_5_6_7_8_9_10_11_12_13_14_15_15_16_16_4_9_11_16_4_9,74_10_68_37_100_100_88_21_17_100_68_90_60_44_10_15_43_43_73_100_27_37_24_10_98_13_100_10_76_10_27_100_98_100_93_100_74_60_44_10,ExploreTrial,0.5,2,2,12,0,0,,0,0,0.0,0.0,0.0,observe_click,3,41,15,46,,,true,,,,0.3402307692307692,-Og05DBKttqwq-b1eHVR,15,-1
5,18083,0,0,100,0,90,183488,15,84,93,84,1,,,html-keyboard-response,50,2.1.0,2604359,40,0,0_1_2_3_4_5_6_7_8_9_10_11_12_13_14_0_1_2_3_4_5_6_7_8_9_10_11_12_13_14_1_7_12_13_15_15_1_7_12_13,64_100_24_26_78_26_89_100_10_10_36_42_74_72_29_50_96_85_73_66_94_43_100_91_10_63_93_100_100_36_100_52_87_63_83_10_34_57_43_63,ExploreTrial,0.5,2,2,12,0,0,,0,0,0.0,0.0,0.0,observe_click,3,41,15,46,,,true,,,,0.34934640522875815,-Og05DBKttqwq-b1eHVR,15,0
6,20897,40,0,80,0,80,129996,15,79,98,98,2,,,html-keyboard-response,58,2.1.0,2763534,40,0,0_0_1_2_3_4_5_6_7_8_9_10_11_12_13_14_1_2_3_4_5_6_7_8_9_10_11_12_13_14_2_4_0_9_10_2_9_10_15_15,73_100_59_100_10_100_67_17_10_100_100_85_43_10_37_44_10_100_10_100_10_18_78_63_80_89_49_54_20_85_78_15_47_75_74_100_83_76_70_10,ExploreTrial,0.5,2,2,12,0,0,,0,0,0.0,0.0,0.0,observe_click,3,41,15,46,,,true,,,,0.36433566433566433,-Og05DBKttqwq-b1eHVR,17,2
7,29750,40,0,80,40,20,190609,17,74,91,90,10,,,html-keyboard-response,66,2.1.0,2996689,40,0,0_1_2_3_4_5_6_7_8_9_10_11_12_13_14_0_1_2_3_4_7_9_10_12_13_14_15_15_16_16_9_10_13_9_13_10_17_17_17_17,100_34_10_10_47_10_10_37_27_84_76_37_100_100_60_39_15_66_12_62_10_100_100_10_79_10_85_10_88_27_100_55_100_36_24_87_100_10_86_100,ExploreTrial,0.5,2,2,12,0,0,,0,0,0.0,0.0,0.0,observe_click,3,41,15,46,,,true,,,,0.32192513368983955,-Og05DBKttqwq-b1eHVR,15,-2
8,16528,59,0,0,100,0,144992,15,60,95,95,9,,,html-keyboard-response,74,2.1.0,3187594,40,0,0_1_2_3_4_5_6_7_8_9_10_11_12_13_14_0_1_2_3_4_5_7_8_9_10_12_13_14_1_3_4_7_9_12_9_3_7_15_15_15,100_65_100_100_100_67_10_87_100_100_91_15_49_100_28_41_100_35_100_60_10_100_12_86_10_78_45_91_73_63_71_54_100_40_100_10_62_100_58_60,ExploreTrial,0.5,2,2,12,0,0,,0,0,0.0,0.0,0.0,observe_click,3,41,15,46,,,true,,,,0.3598122866894198,-Og05DBKttqwq-b1eHVR,16,1
9,27986,0,10,80,40,20,139359,16,77,94,85,14,,,html-keyboard-response,82,2.1.0,3357951,40,0,0_1_2_3_4_5_6_7_8_9_10_11_12_13_14_0_1_2_3_4_5_6_7_8_9_10_11_12_13_14_0_4_3_10_12_14_15_15_16_16,66_10_42_100_10_54_100_54_81_74_100_100_100_25_100_100_26_26_67_100_62_13_67_87_88_56_32_100_37_67_72_16_65_22_10_89_10_73_10_49,ExploreTrial,0.5,2,2,12,0,0,,0,0,0.0,0.0,0.0,observe_click,3,41,15,46,,,true,,,,0.36134920634920636,-Og05DBKttqwq-b1eHVR,14,-2
10,19671,0,0,100,0,100,159299,14,85,94,85,10,,,html-keyboard-response,90,2.1.0,3561951,40,0,0_1_2_3_4_5_6_7_8_9_10_11_12_13_14_0_1_2_3_4_6_7_14_13_12_11_10_9_8_5_0_5_6_14_7_13_14_0_10_10,100_10_71_57_21_41_26_88_10_10_48_10_10_30_100_52_71_32_49_46_100_79_100_100_93_96_93_97_68_100_65_36_100_10_24_23_60_27_94_98,ExploreTrial,0.5,2,2,12,0,0,,0,0,0.0,0.0,0.0,observe_click,3,41,15,46,,,true,,,,0.3589100346020761,-Og05DBKttqwq-b1eHVR,14,0
11,14040,0,0,100,0,90,140219,14,90,99,90,5,,,html-keyboard-response,98,2.1.0,3734791,40,0,0_1_2_3_4_5_6_7_8_9_10_11_12_13_14_0_1_2_3_4_5_6_7_8_9_10_11_12_13_14_0_5_6_9_12_14_0_5_6_14,100_10_10_78_74_100_100_62_84_86_10_51_52_10_74_94_100_95_10_40_100_100_38_48_82_71_49_100_10_100_100_100_100_10_100_100_37_40_34_57,ExploreTrial,0.5,2,2,12,0,0,,0,0,0.0,0.0,0.0,observe_click,3,41,15,46,,,true,,,,0.3648576512455516,-Og05DBKttqwq-b1eHVR,14,0
12,25842,80,0,40,60,10,158122,14,70,94,94,4,,,html-keyboard-response,106,2.1.0,3932186,40,0,0_1_2_3_4_5_6_7_8_9_10_11_12_13_14_0_1_2_3_4_5_6_7_8_9_10_11_12_13_14_1_3_4_5_10_13_3_4_10_3,100_78_10_82_99_65_100_33_10_39_100_51_100_77_21_17_70_10_100_82_84_10_100_17_10_78_21_24_100_82_36_81_83_41_100_31_100_98_96_46,ExploreTrial,0.5,2,2,13,0,0,,0,0,0.0,0.0,0.0,observe_click,3,41,15,46,,,true,,,,0.36447368421052634,-Og05DBKttqwq-b1eHVR,,
0,85018,20,0,80,20,70,57885,28,89,90,90,13,,,html-keyboard-response,5,2.1.0,17823525,40,0,0_1_2_3_4_5_6_6_6_6_7_8_9_10_11_12_13_14_15_13_13_13_13_13_16_17_18_19_20_21_22_23_24_17_17_17_25_26_27_28,42_86_63_57_35_10_100_90_27_80_19_13_53_52_78_40_100_73_30_100_100_32_67_100_10_97_59_39_80_48_63_10_10_62_25_100_11_21_10_10,ExploreTrial,0.5,2,2,12,0,0,,0,0,0.0,0.0,0.0,observe_click,8,41,16,51,,,true,,,,0.3175,-Og18-X8Dzhg2ZmKT9-i,26,-2
1,47492,50,0,20,70,10,36857,26,71,96,96,14,,,html-keyboard-response,13,2.1.0,17964131,40,0,0_1_2_3_4_5_6_7_8_9_10_11_12_13_14_15_16_17_18_19_20_21_22_23_15_14_14_6_6_6_14_14_14_14_14_14_14_24_25_26,14_98_10_20_59_79_100_10_56_77_61_100_50_21_100_100_25_10_47_44_62_34_27_75_53_100_43_10_10_10_100_98_60_10_100_100_100_10_54_15,ExploreTrial,0.5,2,2,12,0,0,,0,0,0.0,0.0,0.0,observe_click,8,41,16,51,,,true,,,,0.29676470588235293,-Og18-X8Dzhg2ZmKT9-i,25,-1
2,39331,80,0,20,60,10,35099,25,61,95,93,15,,,html-keyboard-response,21,2.1.0,18056206,40,0,0_1_2_3_4_5_6_7_8_9_10_11_12_13_14_15_16_17_18_19_20_21_22_23_19_18_0_7_19_19_15_6_5_15_15_15_15_15_24_25,100_10_78_30_31_100_100_100_91_10_95_10_76_100_10_100_10_64_100_100_10_62_32_77_97_77_47_27_10_70_100_10_34_36_99_90_68_100_100_100,ExploreTrial,0.5,2,2,12,0,0,,0,0,0.0,0.0,0.0,observe_click,8,41,16,51,,,true,,,,0.31309055118110235,-Og18-X8Dzhg2ZmKT9-i,23,-2
3,18067,40,0,0,60,0,49547,23,73,92,92,11,,,html-keyboard-response,36,2.1.0,18215990,40,0,0_1_2_3_4_5_6_7_8_9_10_11_12_13_14_15_16_11_11_11_11_11_17_18_19_20_21_22_23_11_11_11_11_11_11_11_11_10_13_13,61_100_39_71_10_18_10_29_10_10_100_88_10_100_30_100_61_86_100_100_78_100_70_10_36_10_53_18_10_100_42_34_47_75_11_100_59_11_100_67,ExploreTrial,0.5,2,2,12,0,0,,0,0,0.0,0.0,0.0,observe_click,8,41,16,51,,,true,,,,0.2571978021978022,-Og18-X8Dzhg2ZmKT9-i,25,2
4,22234,100,0,0,100,0,69722,25,39,88,88,3,,,html-keyboard-response,44,2.1.0,18318716,40,0,0_1_2_3_4_5_6_7_8_9_10_11_12_13_14_15_16_17_18_19_20_21_22_23_11_1_0_0_0_24_25_14_22_19_25_25_25_25_3_2,87_86_100_100_65_71_87_32_70_54_10_87_44_51_100_16_42_58_79_100_44_99_100_10_40_59_100_81_27_49_100_42_10_82_96_36_10_68_99_48,ExploreTrial,0.5,2,2,12,0,0,,0,0,0.0,0.0,0.0,observe_click,8,41,16,51,,,true,,,,0.40216297786720323,-Og18-X8Dzhg2ZmKT9-i,19,-6
5,18156,100,0,0,100,0,58735,19,61,91,91,15,,,html-keyboard-response,52,2.1.0,18408225,40,0,0_1_2_3_4_5_6_7_8_9_10_11_12_13_14_15_16_17_18_19_0_1_2_3_4_5_6_7_7_8_9_10_11_12_13_14_15_15_19_15,24_10_46_67_61_74_78_10_59_100_62_30_10_90_92_89_10_10_17_10_13_68_54_10_11_60_50_100_37_10_12_10_43_84_62_68_100_85_59_51,ExploreTrial,0.5,2,2,12,0,0,,0,0,0.0,0.0,0.0,observe_click,8,41,16,51,,,true,,,,0.3476775956284153,-Og18-X8Dzhg2ZmKT9-i,17,-2
6,28442,41,0,70,20,40,47461,17,83,91,91,6,,,html-keyboard-response,60,2.1.0,18480570,40,0,0_0_1_2_3_4_5_6_7_8_9_10_11_12_13_0_1_11_6_6_6_6_6_6_12_12_12_14_15_16_17_14_14_6_6_6_6_6_6_6,61_100_100_10_67_28_46_100_68_22_10_10_100_85_33_10_63_47_88_47_100_100_47_100_59_74_50_100_76_56_100_96_10_80_81_80_66_100_100_78,ExploreTrial,0.5,2,2,12,0,0,,0,0,0.0,0.0,0.0,observe_click,8,41,16,51,,,true,,,,0.33395765472312705,-Og18-X8Dzhg2ZmKT9-i,18,1
7,33941,80,40,10,90,20,38515,18,75,96,90,18,,,html-keyboard-response,68,2.1.0,18555952,40,0,0_1_2_3_4_5_6_7_8_9_10_6_7_10_7_7_7_7_7_11_12_13_14_15_11_11_11_13_13_13_14_14_14_14_14_14_16_17_18_18,70_10_10_46_69_57_100_100_44_23_100_73_98_10_91_59_10_48_100_100_46_100_100_15_100_61_24_10_21_100_51_100_85_100_59_100_47_10_97_98,ExploreTrial,0.5,2,2,12,0,0,,0,0,0.0,0.0,0.0,observe_click,8,41,16,51,,,true,,,,0.25874689826302727,-Og18-X8Dzhg2ZmKT9-i,23,5
8,33544,40,40,20,50,10,21352,23,73,91,91,15,,,html-keyboard-response,76,2.1.0,18625980,40,0,0_1_2_3_4_5_6_7_8_9_10_11_12_13_14_15_16_17_18_19_20_21_22_23_15_15_15_15_15_15_15_15_15_15_15_15_15_15_15_15,59_10_37_27_26_98_62_10_61_10_100_10_48_84_60_100_37_61_91_10_50_88_70_62_100_100_100_100_100_55_82_100_67_82_69_99_37_100_89_14,ExploreTrial,0.5,2,2,12,0,0,,0,0,0.0,0.0,0.0,observe_click,8,41,16,51,,,true,,,,0.23236434108527132,-Og18-X8Dzhg2ZmKT9-i,11,-12
9,26562,20,30,60,20,40,33838,11,83,93,88,10,,,html-keyboard-response,84,2.1.0,18700851,40,0,0_1_2_3_4_5_6_7_8_9_9_9_9_6_6_7_7_1_1_1_1_1_1_1_1_1_1_1_1_1_10_11_10_10_10_10_10_10_10_10,65_99_43_85_70_10_100_100_42_100_100_10_10_100_10_100_73_96_100_100_100_48_100_56_99_90_57_100_75_39_100_80_100_91_100_100_58_76_47_78,ExploreTrial,0.5,2,2,12,0,0,,0,0,0.0,0.0,0.0,observe_click,8,41,16,51,,,true,,,,0.4077830188679245,-Og18-X8Dzhg2ZmKT9-i,17,6
10,44180,80,30,10,60,20,37154,17,79,96,89,4,,,html-keyboard-response,92,2.1.0,18776002,40,0,0_1_2_3_4_5_6_7_8_9_10_11_12_13_14_15_14_11_11_4_4_4_4_4_4_4_4_4_4_4_4_4_4_4_4_16_17_17_16_10,32_56_57_10_100_58_10_13_10_44_74_100_10_66_100_21_71_36_66_100_100_29_100_68_100_87_69_79_100_10_100_36_81_63_34_100_100_19_70_67,ExploreTrial,0.5,2,2,12,0,0,,0,0,0.0,0.0,0.0,observe_click,8,41,16,51,,,true,,,,0.3527027027027027,-Og18-X8Dzhg2ZmKT9-i,18,1
11,12583,0,0,100,0,100,33137,18,87,87,87,16,,,html-keyboard-response,100,2.1.0,18863204,40,0,0_1_2_3_4_5_6_7_8_9_10_11_12_13_14_15_0_0_1_1_8_8_7_7_7_7_7_7_7_7_7_7_16_17_18_16_16_16_16_16,89_100_28_64_78_81_75_100_100_24_10_41_49_27_51_10_85_64_74_16_10_10_100_71_100_100_63_88_21_87_78_10_100_44_61_100_100_90_100_56,ExploreTrial,0.5,2,2,12,0,0,,0,0,0.0,0.0,0.0,observe_click,8,41,16,51,,,true,,,,0.35331858407079647,-Og18-X8Dzhg2ZmKT9-i,15,-3
12,48894,70,10,10,70,10,28298,15,85,96,89,12,,,html-keyboard-response,108,2.1.0,18912801,40,0,0_1_2_3_4_5_6_7_8_9_10_11_12_13_14_15_12_6_3_2_8_8_8_8_8_8_8_12_12_12_12_2_2_2_2_2_12_12_8_8,53_23_100_100_51_10_100_95_100_26_30_83_100_33_10_66_86_46_35_84_100_100_35_82_76_97_43_80_88_58_85_35_100_89_69_47_91_52_100_51,ExploreTrial,0.5,2,2,13,0,0,,0,0,0.0,0.0,0.0,observe_click,8,41,16,51,,,true,,,,0.31607744107744107,-Og18-X8Dzhg2ZmKT9-i,,
0,67073,40,0,80,0,50,195912,24,80,95,95,5,,,html-keyboard-response,5,2.1.0,16468870,40,0,0_1_2_3_4_5_6_7_8_9_10_11_12_13_14_15_16_17_18_19_11_0_5_7_9_10_17_20_21_22_22_22_23_24_24_24_22_11_5_5,100_54_67_10_44_100_40_97_83_100_94_100_50_72_10_10_47_83_14_10_82_10_72_54_66_26_30_10_10_87_100_71_10_100_76_29_70_10_100_100,ExploreTrial,0.5,2,2,12,0,0,,0,0,0.0,0.0,0.0,observe_click,22,41,26,67,,,true,,,,0.34807692307692306,-Og1Ay0W2WDRTUWm3xjd,23,-1
1,8565,0,0,100,0,100,86301,23,93,93,93,21,,,html-keyboard-response,13,2.1.0,16640776,40,0,0_0_1_2_3_4_5_6_7_8_9_10_11_12_13_14_15_16_17_18_19_20_21_22_23_4_13_21_23_18_1_21_21_21_21_21_21_21_21_21,57_23_100_71_11_100_43_35_80_75_10_42_59_10_100_30_16_76_19_84_30_15_100_10_91_35_14_100_39_79_49_100_100_100_100_100_87_100_100_73,ExploreTrial,0.5,2,2,12,0,0,,0,0,0.0,0.0,0.0,observe_click,22,41,26,67,,,true,,,,0.3148165137614679,-Og1Ay0W2WDRTUWm3xjd,25,2
2,15130,100,0,100,60,0,122305,25,49,98,84,14,,,html-keyboard-response,21,2.1.0,16781472,40,0,0_1_2_3_4_5_6_7_8_9_10_11_12_13_14_15_16_17_18_19_20_21_22_23_24_1_4_14_16_14_6_6_12_25_25_6_6_6_6_6,15_100_63_44_100_23_86_11_11_32_32_10_81_50_100_59_100_12_14_30_10_51_20_52_47_10_22_80_11_54_100_100_41_77_26_14_100_25_50_10,ExploreTrial,0.5,2,2,12,0,0,,0,0,0.0,0.0,0.0,observe_click,22,41,26,67,,,true,,,,0.36219646799117,-Og1Ay0W2WDRTUWm3xjd,23,-2
3,23367,20,0,80,20,20,118419,23,89,97,97,23,,,html-keyboard-response,34,2.1.0,16965346,40,0,0_1_2_3_4_5_6_7_8_9_10_11_12_13_14_15_16_17_18_19_20_21_22_23_2_10_8_14_22_23_23_23_20_20_19_16_23_3_3_23,64_73_100_81_66_30_16_16_100_35_100_80_13_10_100_10_82_10_66_100_96_47_100_100_51_62_52_10_65_100_88_51_78_10_65_25_67_100_26_100,ExploreTrial,0.5,2,2,12,0,0,,0,0,0.0,0.0,0.0,observe_click,22,41,26,67,,,true,,,,0.32774621212121213,-Og1Ay0W2WDRTUWm3xjd,23,0
4,16517,20,20,40,20,40,134343,23,77,93,92,2,,,html-keyboard-response,42,2.1.0,17137332,40,0,0_1_2_3_4_5_6_7_8_9_10_11_12_13_14_15_16_17_18_19_20_21_22_23_2_2_6_14_14_19_20_20_23_23_2_6_20_23_6_14,10_58_100_80_54_37_100_41_73_10_59_10_23_10_100_10_10_10_61_100_90_10_10_92_100_74_67_84_41_11_100_52_86_64_59_85_63_10_71_74,ExploreTrial,0.5,2,2,12,0,0,,0,0,0.0,0.0,0.0,observe_click,22,41,26,67,,,true,,,,0.34581632653061223,-Og1Ay0W2WDRTUWm3xjd,25,2
5,15274,20,0,60,0,40,106916,25,84,93,93,22,,,html-keyboard-response,50,2.1.0,17275322,40,0,0_1_2_3_4_5_6_7_8_9_10_11_12_13_14_15_16_17_18_19_20_21_22_23_24_25_4_3_11_17_21_22_22_3_4_4_22_22_22_22,70_29_10_99_100_10_73_52_32_46_59_100_10_10_63_10_10_85_10_10_10_78_75_10_65_10_84_94_47_10_51_90_85_34_100_29_100_100_52_78,ExploreTrial,0.5,2,2,12,0,0,,0,0,0.0,0.0,0.0,observe_click,22,41,26,67,,,true,,,,0.3431297709923664,-Og1Ay0W2WDRTUWm3xjd,25,0
6,14975,40,0,80,0,80,170466,25,85,94,88,1,,,html-keyboard-response,58,2.1.0,17470882,40,0,0_1_2_3_4_5_6_7_8_9_10_11_12_13_14_15_16_17_18_19_20_21_22_23_1_9_19_14_14_2_18_16_1_9_10_23_1_17_24_25,24_100_97_10_29_19_37_26_72_100_81_51_10_26_93_63_92_21_89_100_16_70_50_91_100_84_27_100_10_48_41_10_10_25_34_17_53_61_10_10,ExploreTrial,0.5,2,2,12,0,0,,0,0,0.0,0.0,0.0,observe_click,22,41,26,67,,,true,,,,0.3570459290187891,-Og1Ay0W2WDRTUWm3xjd,23,-2
7,13375,20,0,80,20,60,111025,23,78,85,85,19,,,html-keyboard-response,66,2.1.0,17610367,40,0,0_1_2_3_4_5_6_7_8_9_10_11_12_13_14_15_16_17_18_19_20_21_22_23_14_15_17_19_10_15_15_17_19_19_17_10_15_19_4_10,21_57_10_58_87_67_20_48_21_61_100_74_68_29_100_100_39_100_10_100_44_14_10_27_10_100_100_83_73_100_40_50_100_77_10_12_13_90_48_81,ExploreTrial,0.5,2,2,12,0,0,,0,0,0.0,0.0,0.0,observe_click,22,41,26,67,,,true,,,,0.27363013698630134,-Og1Ay0W2WDRTUWm3xjd,32,9
8,14425,40,0,20,80,0,95084,32,76,92,92,27,,,html-keyboard-response,74,2.1.0,17728149,40,0,0_1_2_3_4_5_6_7_8_9_10_11_12_13_14_15_16_17_18_19_20_21_22_23_24_25_26_27_28_29_30_31_32_0_3_7_8_12_19_27,100_26_47_100_16_49_24_100_99_65_35_10_93_10_96_77_85_64_45_87_70_58_10_37_70_40_72_100_46_52_56_100_71_10_10_47_77_31_10_100,ExploreTrial,0.5,2,2,12,0,0,,0,0,0.0,0.0,0.0,observe_click,22,41,26,67,,,true,,,,0.3658940397350993,-Og1Ay0W2WDRTUWm3xjd,26,-6
9,9957,20,0,20,100,0,140353,26,67,91,91,16,,,html-keyboard-response,82,2.1.0,17891993,40,0,0_1_2_3_4_5_6_7_8_9_10_11_12_13_14_15_16_17_18_19_20_21_22_23_24_25_26_17_20_11_15_22_26_25_5_0_16_16_17_17,73_62_10_15_37_74_64_63_10_60_32_80_55_51_10_76_73_100_54_25_100_44_79_10_14_71_100_64_60_64_43_43_28_38_61_38_85_100_97_100,ExploreTrial,0.5,2,2,12,0,0,,0,0,0.0,0.0,0.0,observe_click,22,41,26,67,,,true,,,,0.3148745519713262,-Og1Ay0W2WDRTUWm3xjd,28,2
10,30550,20,0,20,10,0,46269,28,82,95,95,15,,,html-keyboard-response,90,2.1.0,17954924,40,0,0_1_2_3_4_5_6_7_8_9_10_11_12_13_14_15_16_17_18_19_20_21_22_23_24_25_26_27_28_0_11_28_27_23_23_11_27_17_18_15,100_10_44_15_99_28_98_86_100_44_10_100_36_100_74_98_38_92_100_10_10_92_48_100_10_55_51_100_100_10_100_48_95_100_14_57_81_10_51_100,ExploreTrial,0.5,2,2,12,0,0,,0,0,0.0,0.0,0.0,observe_click,22,41,26,67,,,true,,,,0.324009900990099,-Og1Ay0W2WDRTUWm3xjd,28,0
11,26766,100,0,0,100,20,49329,28,48,88,88,3,,,html-keyboard-response,98,2.1.0,18057468,40,0,0_1_2_3_4_5_6_7_8_9_10_11_12_13_14_15_16_17_18_19_20_21_22_23_24_25_26_27_28_2_3_19_25_25_14_2_3_25_18_3,60_14_100_91_85_10_50_73_42_47_56_27_35_49_93_34_10_38_64_100_70_10_22_10_38_100_10_62_10_83_82_61_100_70_50_44_100_16_10_56,ExploreTrial,0.5,2,2,12,0,0,,0,0,0.0,0.0,0.0,observe_click,22,41,26,67,,,true,,,,0.36995412844036696,-Og1Ay0W2WDRTUWm3xjd,25,-3
12,9372,100,0,0,100,0,75902,25,66,95,95,22,,,html-keyboard-response,106,2.1.0,18166797,40,0,0_1_2_3_4_5_6_7_8_9_10_11_12_13_14_15_16_17_18_19_20_21_22_23_24_25_7_14_14_22_22_23_23_0_16_22_22_22_22_22,95_37_55_10_28_62_16_100_43_65_59_20_21_10_100_47_100_10_60_10_25_76_100_100_15_10_25_100_75_69_100_100_23_32_10_100_100_67_57_67,ExploreTrial,0.5,2,2,13,0,0,,0,0,0.0,0.0,0.0,observe_click,22,41,26,67,,,true,,,,0.30277777777777776,-Og1Ay0W2WDRTUWm3xjd,,
0,68647,75,59,34,79,21,258506,19,87,95,87,11,,,html-keyboard-response,5,2.1.0,84299230,40,0,0_0_1_2_3_4_5_6_7_8_9_2_4_4_4_6_6_7_7_10_11_12_12_11_11_13_14_15_16_17_18_19_13_13_19_11_4_19_19_11,46_59_69_100_64_82_41_100_96_68_47_50_53_100_100_48_10_78_23_10_71_78_48_100_81_100_10_10_52_33_54_100_63_11_65_72_98_100_10_100,ExploreTrial,0.5,2,2,12,0,0,,0,0,0.0,0.0,0.0,observe_click,18,41,19,100,,,true,,,,0.34711796246648796,-Og6Ix5lYc9WRvoe0K5E,29,10
1,37242,20,6,21,79,5,146567,29,73,92,92,25,,,html-keyboard-response,13,2.1.0,84536175,40,0,0_1_2_3_4_5_6_7_8_9_10_11_12_13_14_15_16_17_18_19_7_15_9_20_21_22_23_24_22_23_25_26_27_28_29_25_11_11_25_25,70_79_10_52_59_50_47_100_18_88_33_80_16_55_10_100_59_10_21_19_10_77_41_18_10_100_100_44_80_55_100_10_10_23_46_100_100_100_100_96,ExploreTrial,0.5,2,2,12,0,0,,0,0,0.0,0.0,0.0,observe_click,18,41,19,100,,,true,,,,0.31661184210526316,-Og6Ix5lYc9WRvoe0K5E,26,-3
2,25255,96,6,13,94,6,170210,26,69,91,91,8,,,html-keyboard-response,21,2.1.0,84758301,40,0,0_1_2_3_4_5_6_7_8_9_10_11_12_13_14_15_16_17_18_19_20_21_22_8_16_20_21_22_23_24_25_26_26_8_26_21_22_22_8_8,10_62_40_64_10_28_10_26_93_10_50_43_29_10_17_10_100_43_77_10_100_100_100_97_10_46_86_88_27_10_10_100_90_99_14_24_100_10_69_27,ExploreTrial,0.5,2,2,12,0,0,,0,0,0.0,0.0,0.0,observe_click,18,41,19,100,,,true,,,,0.30772884283246976,-Og6Ix5lYc9WRvoe0K5E,19,-7
3,31129,22,12,57,53,45,162747,19,90,95,95,16,,,html-keyboard-response,34,2.1.0,84992492,40,0,0_1_2_3_4_5_6_7_8_9_10_11_12_13_14_15_16_17_18_19_1_2_4_14_16_18_2_16_18_16_18_16_18_18_16_13_14_4_2_2,10_100_100_34_100_62_63_18_27_62_70_10_22_71_100_10_100_59_95_30_37_100_15_30_100_100_43_100_100_91_30_100_100_52_87_21_24_97_54_100,ExploreTrial,0.5,2,2,12,0,0,,0,0,0.0,0.0,0.0,observe_click,18,41,19,100,,,true,,,,0.34342105263157896,-Og6Ix5lYc9WRvoe0K5E,19,0
4,19011,98,9,7,95,7,172032,19,67,92,92,10,,,html-keyboard-response,42,2.1.0,85210253,40,0,0_1_2_3_4_5_6_7_8_9_10_11_12_13_14_0_5_6_14_10_4_6_14_0_10_15_16_17_18_19_16_10_14_5_6_0_10_6_6_10,100_10_33_46_78_100_100_10_51_10_100_55_14_12_100_64_35_100_63_43_77_23_70_10_90_57_79_42_51_10_10_100_63_38_94_51_99_100_100_100,ExploreTrial,0.5,2,2,12,0,0,,0,0,0.0,0.0,0.0,observe_click,18,41,19,100,,,true,,,,0.3562865497076023,-Og6Ix5lYc9WRvoe0K5E,19,0
5,33193,47,60,37,63,11,159069,19,67,92,88,19,,,html-keyboard-response,50,2.1.0,85402162,40,0,0_1_2_3_4_5_6_7_8_9_10_11_12_13_14_15_16_17_18_19_0_19_13_15_0_19_12_9_9_9_19_0_19_9_19_19_9_19_15_15,100_21_16_10_10_12_10_10_58_67_39_47_75_81_29_86_61_10_23_91_97_20_53_55_67_100_66_100_100_49_100_30_34_35_10_100_59_58_100_78,ExploreTrial,0.5,2,2,12,0,0,,0,0,0.0,0.0,0.0,observe_click,18,41,19,100,,,true,,,,0.32808219178082193,-Og6Ix5lYc9WRvoe0K5E,19,0
6,29001,21,60,41,51,27,199309,19,74,93,90,2,,,html-keyboard-response,58,2.1.0,85645751,40,0,0_1_2_3_4_5_6_7_8_9_10_11_12_13_14_0_3_14_10_2_0_2_14_0_2_14_3_0_14_2_14_0_3_15_16_17_18_19_17_4,100_53_76_100_45_28_33_43_10_23_69_56_11_10_79_94_69_81_10_100_80_100_100_24_51_49_31_71_100_70_52_23_10_41_10_58_10_39_49_32,ExploreTrial,0.5,2,2,12,0,0,,0,0,0.0,0.0,0.0,observe_click,18,41,19,100,,,true,,,,0.45454545454545453,-Og6Ix5lYc9WRvoe0K5E,19,0
7,31648,0,2,99,3,98,118072,19,99,99,99,19,,,html-keyboard-response,66,2.1.0,85814584,40,0,0_1_2_3_4_5_6_7_8_9_10_11_12_13_14_15_16_17_18_19_0_2_12_19_17_4_5_11_19_0_12_19_0_0_19_19_0_0_19_0,100_27_100_10_86_84_74_10_10_61_75_80_100_48_76_10_70_90_40_100_90_53_60_100_10_24_20_44_100_73_10_64_100_100_100_100_10_68_100_78,ExploreTrial,0.5,2,2,12,0,0,,0,0,0.0,0.0,0.0,observe_click,18,41,19,100,,,true,,,,0.44080381471389646,-Og6Ix5lYc9WRvoe0K5E,19,0
8,24434,30,70,23,74,16,145805,19,70,99,85,12,,,html-keyboard-response,74,2.1.0,86000908,40,0,0_1_2_3_4_5_6_7_8_9_10_11_12_13_14_15_16_17_18_19_6_12_11_1_1_12_12_1_6_6_12_1_1_12_3_3_4_0_7_7,59_100_21_79_64_35_100_54_27_10_10_100_100_10_10_10_14_46_10_10_42_81_20_100_100_100_90_32_87_44_46_100_10_100_22_58_53_66_100_100,ExploreTrial,0.5,2,2,12,0,0,,0,0,0.0,0.0,0.0,observe_click,18,41,19,100,,,true,,,,0.40275974025974026,-Og6Ix5lYc9WRvoe0K5E,24,5
9,26160,55,7,41,69,18,144541,24,81,93,93,14,,,html-keyboard-response,82,2.1.0,86185091,40,0,0_1_2_3_4_5_6_7_8_9_10_11_12_13_14_15_16_17_18_19_7_14_4_19_16_14_14_16_4_7_20_21_22_23_24_23_19_14_18_17,21_39_26_40_78_11_44_100_32_36_10_45_44_10_100_52_72_53_53_70_24_89_68_66_84_74_100_33_10_10_47_10_10_76_18_10_50_29_83_48,ExploreTrial,0.5,2,2,12,0,0,,0,0,0.0,0.0,0.0,observe_click,18,41,19,100,,,true,,,,0.3028656126482213,-Og6Ix5lYc9WRvoe0K5E,15,-9
10,16493,0,0,97,0,97,152466,15,90,90,90,15,,,html-keyboard-response,90,2.1.0,86376269,40,0,0_1_2_3_4_5_6_7_8_9_1_9_4_5_6_9_4_6_10_11_12_13_14_15_15_15_9_15_4_6_9_15_9_15_15_15_15_15_15_15,29_100_10_10_88_100_100_25_10_100_17_85_100_10_40_100_35_34_10_39_18_63_16_100_75_94_46_85_58_35_79_100_100_100_100_100_100_78_100_100,ExploreTrial,0.5,2,2,12,0,0,,0,0,0.0,0.0,0.0,observe_click,18,41,19,100,,,true,,,,0.301775956284153,-Og6Ix5lYc9WRvoe0K5E,25,10
11,22459,96,0,0,98,0,98890,25,58,82,82,10,,,html-keyboard-response,98,2.1.0,86497709,40,0,0_1_2_3_4_5_6_7_8_9_10_11_12_13_14_5_3_14_13_10_5_10_14_15_16_17_18_19_20_20_21_22_23_24_25_25_10_10_10_10,10_78_63_88_10_100_53_47_53_10_75_50_10_80_92_84_53_71_50_100_37_90_20_17_57_27_41_32_94_10_64_30_55_10_84_60_94_77_100_62,ExploreTrial,0.5,2,2,12,0,0,,0,0,0.0,0.0,0.0,observe_click,18,41,19,100,,,true,,,,0.32644628099173556,-Og6Ix5lYc9WRvoe0K5E,18,-7
12,13185,96,43,9,89,10,118527,18,78,93,84,18,,,html-keyboard-response,106,2.1.0,86648971,40,0,0_1_2_3_4_5_6_7_8_9_10_3_10_6_0_1_6_1_1_6_11_12_13_13_13_14_15_16_17_18_18_18_18_18_1_6_6_1_18_18,82_82_68_100_70_83_99_79_10_31_87_74_59_100_85_100_100_100_75_43_24_10_100_98_64_82_10_10_10_100_100_93_100_91_100_100_100_100_54_100,ExploreTrial,0.5,2,2,13,0,0,,0,0,0.0,0.0,0.0,observe_click,18,41,19,100,,,true,,,,0.405028328611898,-Og6Ix5lYc9WRvoe0K5E,,
0,36290,30,22,78,60,0,208136,26,63,91,91,14,,,html-keyboard-response,5,2.1.0,637448,40,0,0_1_2_3_4_5_6_7_8_9_10_11_12_13_14_15_16_17_18_19_4_7_14_18_20_21_22_23_21_22_20_24_25_26_25_26_14_4_20_22,10_60_10_10_100_10_76_100_53_45_10_54_10_52_100_69_10_23_72_16_92_57_100_55_75_97_93_65_57_38_100_39_96_76_57_10_14_13_10_10,ExploreTrial,0.5,2,2,12,0,0,,0,0,0.0,0.0,0.0,observe_click,11,41,20,100,,,true,,,,0.3159330985915493,-Og6d1zXVuyrK3bvo8He,28,2
1,21317,21,0,78,68,0,170600,28,78,80,80,23,,,html-keyboard-response,13,2.1.0,863694,40,0,0_1_2_3_4_5_6_7_8_9_10_11_12_13_14_15_16_17_18_19_0_3_4_11_17_20_21_22_23_21_23_24_25_26_27_23_3_0_17_28,100_43_55_87_88_58_10_10_37_10_22_74_38_10_51_54_14_78_26_25_42_62_31_29_61_10_85_15_100_13_82_16_11_10_31_100_74_29_91_10,ExploreTrial,0.5,2,2,12,0,0,,0,0,0.0,0.0,0.0,observe_click,11,41,20,100,,,true,,,,0.3762310606060606,-Og6d1zXVuyrK3bvo8He,23,-5
2,25415,39,0,69,58,0,192607,23,48,97,97,21,,,html-keyboard-response,21,2.1.0,1100499,40,0,0_1_2_3_4_5_6_7_8_9_10_11_12_13_14_15_16_17_18_19_5_6_10_11_14_16_17_18_20_21_22_23_21_22_23_5_6_14_18_21,10_10_10_10_10_100_98_10_20_50_94_76_10_49_61_17_63_60_100_10_64_84_100_16_100_32_10_61_18_94_100_100_58_38_54_13_54_35_44_94,ExploreTrial,0.5,2,2,12,0,0,,0,0,0.0,0.0,0.0,observe_click,11,41,20,100,,,true,,,,0.30869781312127237,-Og6d1zXVuyrK3bvo8He,20,-3
3,29942,59,33,39,58,0,200248,20,62,97,85,7,,,html-keyboard-response,34,2.1.0,1367167,40,0,0_1_2_3_4_5_6_7_8_9_10_11_12_13_14_15_0_1_2_4_6_7_11_12_13_14_16_17_18_19_20_0_1_2_6_7_13_0_6_7,82_85_85_28_73_43_100_100_48_24_33_67_73_86_50_10_100_71_97_17_100_100_10_10_10_43_47_10_39_15_10_33_10_10_39_91_10_48_66_18,ExploreTrial,0.5,2,2,12,0,0,,0,0,0.0,0.0,0.0,observe_click,11,41,20,100,,,true,,,,0.4135093167701863,-Og6d1zXVuyrK3bvo8He,23,3
4,22957,21,0,79,58,20,192424,23,78,89,89,18,,,html-keyboard-response,42,2.1.0,1599447,40,0,0_1_2_3_4_5_6_7_8_9_10_11_12_13_14_15_16_17_18_19_4_5_8_16_17_18_19_20_21_22_23_21_23_5_8_16_18_19_19_18,51_10_24_10_53_64_26_10_100_28_10_44_29_10_10_19_100_58_95_100_45_100_43_99_80_47_72_43_64_10_88_19_43_97_100_23_100_100_67_100,ExploreTrial,0.5,2,2,12,0,0,,0,0,0.0,0.0,0.0,observe_click,11,41,20,100,,,true,,,,0.3036274509803922,-Og6d1zXVuyrK3bvo8He,19,-4
5,25354,59,0,28,59,0,178643,19,76,93,91,0,,,html-keyboard-response,50,2.1.0,1818659,40,0,0_1_2_3_4_5_6_7_8_9_10_11_12_13_14_15_16_17_18_19_0_2_3_5_6_9_10_11_14_15_16_18_19_0_2_6_14_0_14_2,100_45_82_68_30_66_100_14_40_69_63_66_52_10_71_73_53_19_73_50_100_64_69_42_10_10_23_66_100_17_33_46_73_76_100_94_100_100_100_71,ExploreTrial,0.5,2,2,12,0,0,,0,0,0.0,0.0,0.0,observe_click,11,41,20,100,,,true,,,,0.39241573033707866,-Og6d1zXVuyrK3bvo8He,19,0
6,24507,32,0,30,58,17,180121,19,71,95,95,7,,,html-keyboard-response,58,2.1.0,2037660,40,0,0_1_2_3_4_5_6_7_8_9_10_11_12_13_14_15_16_17_18_19_1_2_3_5_7_8_9_11_13_15_16_19_2_5_7_9_19_5_7_9,36_80_82_76_19_100_50_75_98_100_47_88_19_100_25_100_74_53_36_60_74_98_30_100_100_10_100_21_37_45_71_100_10_29_100_45_11_30_13_18,ExploreTrial,0.5,2,2,12,0,0,,0,0,0.0,0.0,0.0,observe_click,11,41,20,100,,,true,,,,0.35124309392265196,-Og6d1zXVuyrK3bvo8He,19,0
7,24274,22,0,56,58,25,160247,19,70,95,87,8,,,html-keyboard-response,66,2.1.0,2240463,40,0,0_1_2_3_4_5_6_7_8_9_10_11_12_13_14_15_16_17_18_19_2_4_5_6_7_8_10_11_13_14_17_18_19_2_5_8_10_11_5_8,10_18_74_32_93_84_99_86_100_49_93_100_50_100_57_20_20_100_76_83_100_10_100_10_69_100_100_100_51_72_61_73_92_34_100_94_50_10_54_82,ExploreTrial,0.5,2,2,12,0,0,,0,0,0.0,0.0,0.0,observe_click,11,41,20,100,,,true,,,,0.3294235924932976,-Og6d1zXVuyrK3bvo8He,19,0
8,34097,0,0,99,0,98,162084,19,96,96,96,8,,,html-keyboard-response,74,2.1.0,2440957,40,0,0_1_2_3_4_5_6_7_8_9_10_11_12_13_14_15_16_17_18_19_0_4_5_7_8_8_9_10_11_11_13_14_15_17_19_5_13_15_19_8,68_49_18_15_90_50_17_91_100_51_85_90_36_63_57_100_18_85_10_100_14_28_100_14_100_80_49_80_100_10_100_65_59_85_80_100_45_70_66_60,ExploreTrial,0.5,2,2,12,0,0,,0,0,0.0,0.0,0.0,observe_click,11,41,20,100,,,true,,,,0.3105361596009975,-Og6d1zXVuyrK3bvo8He,19,0
9,33633,0,57,80,59,63,154193,19,87,92,87,0,,,html-keyboard-response,82,2.1.0,2638197,40,0,0_1_2_3_4_5_6_7_8_9_10_11_12_13_14_15_16_17_18_19_0_3_4_6_9_10_11_12_13_14_15_16_17_0_3_4_11_13_17_16,60_44_10_100_54_46_91_41_28_100_68_78_100_58_100_69_100_81_15_24_100_65_100_25_10_74_84_26_100_10_10_62_94_93_10_10_10_27_59_15,ExploreTrial,0.5,2,2,12,0,0,,0,0,0.0,0.0,0.0,observe_click,11,41,20,100,,,true,,,,0.3390625,-Og6d1zXVuyrK3bvo8He,19,0
10,23189,0,58,71,59,71,164936,19,84,91,84,19,,,html-keyboard-response,90,2.1.0,2844831,40,0,0_1_2_3_4_5_6_7_8_9_10_11_12_13_14_15_16_17_18_19_0_2_3_5_7_8_10_12_13_17_19_0_3_13_17_19_3_19_13_19,96_10_100_92_10_74_32_52_79_22_63_10_54_100_10_17_10_72_23_87_69_10_88_10_54_10_48_85_19_78_100_63_84_89_67_100_45_39_100_69,ExploreTrial,0.5,2,2,12,0,0,,0,0,0.0,0.0,0.0,observe_click,11,41,20,100,,,true,,,,0.3676020408163265,-Og6d1zXVuyrK3bvo8He,20,1
11,23097,27,0,27,63,22,121508,20,75,95,95,19,,,html-keyboard-response,98,2.1.0,2996633,40,0,0_1_2_3_4_5_6_7_8_9_10_11_12_13_14_15_16_17_18_19_20_0_1_2_4_8_9_10_13_14_15_18_19_20_2_4_10_19_10_19,55_54_70_10_100_10_10_23_83_63_100_25_10_61_63_63_12_10_81_93_78_35_53_100_29_28_24_55_10_54_48_10_100_23_63_27_100_100_100_100,ExploreTrial,0.5,2,2,12,0,0,,0,0,0.0,0.0,0.0,observe_click,11,41,20,100,,,true,,,,0.3589066339066339,-Og6d1zXVuyrK3bvo8He,19,-1
12,14388,35,0,64,57,34,134881,19,85,92,92,11,,,html-keyboard-response,106,2.1.0,3165839,40,0,0_1_2_3_4_5_6_7_8_9_10_11_12_13_14_15_16_17_18_19_0_2_3_4_5_6_8_9_10_11_12_13_14_15_16_18_19_5_6_11,100_41_100_59_63_71_80_27_67_100_92_96_69_79_100_79_65_45_100_80_15_52_56_24_96_100_43_67_66_97_100_55_57_99_57_37_25_59_100_100,ExploreTrial,0.5,2,2,13,0,0,,0,0,0.0,0.0,0.0,observe_click,11,41,20,100,,,true,,,,0.33879310344827585,-Og6d1zXVuyrK3bvo8He,,
0,56857,0,0,90,12,90,168807,23,93,93,93,20,,,html-keyboard-response,5,2.1.0,214749,40,0,0_1_2_3_4_5_6_7_8_9_10_11_12_13_14_15_16_17_18_19_7_8_11_14_15_19_20_21_22_23_15_15_20_20_21_22_21_20_20_20,61_31_78_88_23_52_28_97_100_64_10_98_10_10_100_97_49_66_65_100_10_75_29_48_100_57_100_100_100_90_41_100_100_100_100_40_69_100_100_100,ExploreTrial,0.5,2,2,12,0,0,,0,0,0.0,0.0,0.0,observe_click,1,41,19,100,,,true,,,,0.2765625,-OgBOD-eqDpP4IPqpVDQ,30,7
1,41294,80,11,79,99,12,142257,30,72,96,86,19,,,html-keyboard-response,13,2.1.0,436528,40,0,0_1_2_3_4_5_6_7_8_9_10_11_12_13_14_15_16_17_18_19_3_8_13_19_17_20_21_22_23_24_21_19_25_26_27_25_25_28_29_30,10_80_71_94_40_13_28_67_99_10_10_88_84_100_59_45_56_100_57_100_10_42_49_100_63_39_100_78_31_10_10_55_100_10_56_74_35_33_82_100,ExploreTrial,0.5,2,2,12,0,0,,0,0,0.0,0.0,0.0,observe_click,1,41,19,100,,,true,,,,0.32126016260162604,-OgBOD-eqDpP4IPqpVDQ,22,-8
2,21637,0,0,100,0,100,118594,22,95,95,95,15,,,html-keyboard-response,21,2.1.0,614840,40,0,0_1_2_3_4_5_6_7_8_9_10_11_12_13_14_15_16_17_18_19_0_2_11_11_12_12_15_18_15_15_12_20_20_20_20_20_15_21_21_22,100_37_100_63_47_39_75_62_39_52_10_100_100_38_61_100_14_10_100_37_100_76_100_38_100_100_100_42_86_100_47_100_100_100_64_45_90_100_61_69,ExploreTrial,0.5,2,2,12,0,0,,0,0,0.0,0.0,0.0,observe_click,1,41,19,100,,,true,,,,0.30020325203252035,-OgBOD-eqDpP4IPqpVDQ,29,7
3,24776,0,0,100,0,100,77224,29,95,95,95,5,,,html-keyboard-response,34,2.1.0,795558,40,0,0_1_2_3_4_5_6_7_8_9_10_11_12_13_14_15_16_17_18_19_5_16_5_20_21_22_23_20_24_25_26_27_28_29_29_29_29_5_5_29,22_48_10_45_37_100_21_79_10_12_10_72_34_10_23_47_100_10_10_61_100_54_74_100_10_10_10_51_10_80_10_54_45_100_100_100_54_100_55_10,ExploreTrial,0.5,2,2,12,0,0,,0,0,0.0,0.0,0.0,observe_click,1,41,19,100,,,true,,,,0.3524299835255354,-OgBOD-eqDpP4IPqpVDQ,22,-7
4,34706,79,0,78,21,49,135460,22,67,93,91,15,,,html-keyboard-response,42,2.1.0,966900,40,0,0_1_2_3_4_5_6_7_8_9_10_11_12_13_14_15_16_17_18_19_2_6_7_9_11_14_15_18_7_15_18_20_20_20_20_15_15_20_21_22,90_98_100_10_39_40_100_100_46_100_53_100_82_61_100_100_87_10_100_87_10_10_100_26_30_10_87_88_48_100_60_100_84_100_100_100_96_40_10_75,ExploreTrial,0.5,2,2,12,0,0,,0,0,0.0,0.0,0.0,observe_click,1,41,19,100,,,true,,,,0.29860824742268044,-OgBOD-eqDpP4IPqpVDQ,27,5
5,22232,59,0,78,22,40,118991,27,50,89,82,27,,,html-keyboard-response,50,2.1.0,1136123,40,0,0_1_2_3_4_5_6_7_8_9_10_11_12_13_14_15_16_17_18_19_0_12_13_14_15_15_13_13_15_15_20_21_22_23_24_25_25_26_27_27,98_69_10_20_10_28_24_10_19_37_53_22_100_100_100_91_38_40_10_46_68_58_73_10_100_50_100_62_91_10_48_70_10_10_45_87_11_32_100_100,ExploreTrial,0.5,2,2,12,0,0,,0,0,0.0,0.0,0.0,observe_click,1,41,19,100,,,true,,,,0.3133783783783784,-OgBOD-eqDpP4IPqpVDQ,26,-1
6,21486,79,22,40,60,21,92283,26,68,94,93,13,,,html-keyboard-response,58,2.1.0,1263470,40,0,0_1_2_3_4_5_6_7_8_9_10_11_12_13_14_15_16_17_18_19_2_6_7_13_16_13_13_7_7_20_21_20_21_21_22_23_24_25_26_13,70_70_98_36_10_65_100_100_10_10_44_10_62_100_56_17_100_37_50_22_23_33_53_89_39_100_66_98_53_100_100_40_72_58_10_10_15_10_68_58,ExploreTrial,0.5,2,2,12,0,0,,0,0,0.0,0.0,0.0,observe_click,1,41,19,100,,,true,,,,0.32676470588235296,-OgBOD-eqDpP4IPqpVDQ,26,0
7,35016,60,0,41,22,59,119135,26,79,87,87,4,,,html-keyboard-response,66,2.1.0,1434034,40,0,0_1_2_3_4_5_6_7_8_9_10_11_12_13_14_15_16_17_18_19_6_15_10_4_2_18_8_6_15_4_8_20_21_22_23_23_24_25_26_26,10_72_86_24_91_36_100_75_85_10_100_34_71_60_10_100_18_83_90_73_91_72_10_90_60_10_100_10_73_95_18_63_10_47_100_42_65_38_100_100,ExploreTrial,0.5,2,2,12,0,0,,0,0,0.0,0.0,0.0,observe_click,1,41,19,100,,,true,,,,0.35625,-OgBOD-eqDpP4IPqpVDQ,23,-3
8,12184,98,0,41,59,19,78208,23,70,99,84,23,,,html-keyboard-response,74,2.1.0,1594055,40,0,0_1_2_3_4_5_6_7_8_9_10_11_12_13_14_6_12_0_8_8_8_6_15_16_17_18_19_20_21_22_20_22_20_22_22_20_23_23_23_23,82_36_11_70_44_10_100_15_79_10_49_46_100_50_30_68_10_47_100_100_13_44_75_24_10_72_46_100_27_100_69_66_78_81_53_24_100_100_98_34,ExploreTrial,0.5,2,2,12,0,0,,0,0,0.0,0.0,0.0,observe_click,1,41,19,100,,,true,,,,0.32972061657032753,-OgBOD-eqDpP4IPqpVDQ,22,-1
9,14652,61,60,22,77,20,95033,22,64,92,91,1,,,html-keyboard-response,82,2.1.0,1712694,40,0,0_1_2_3_4_5_6_7_8_9_10_0_1_3_7_10_1_7_10_10_1_1_11_12_13_14_15_16_17_13_14_18_19_20_21_22_18_17_18_1,100_100_10_90_63_38_50_100_10_10_84_10_88_66_83_75_100_37_100_68_100_34_10_61_96_98_36_10_78_10_10_79_10_29_11_43_70_10_10_100,ExploreTrial,0.5,2,2,12,0,0,,0,0,0.0,0.0,0.0,observe_click,1,41,19,100,,,true,,,,0.40045454545454545,-OgBOD-eqDpP4IPqpVDQ,22,0
10,13519,0,0,100,0,100,138992,22,92,92,92,0,,,html-keyboard-response,90,2.1.0,1889895,40,0,0_1_2_3_4_5_6_7_8_9_10_11_0_11_0_0_12_12_12_13_14_15_16_17_0_18_19_19_20_21_22_20_20_20_21_21_21_20_0_20,100_10_47_68_76_10_20_10_26_10_10_87_100_79_100_48_86_100_10_22_10_64_56_34_94_23_98_28_96_93_26_100_80_66_95_75_10_86_11_10,ExploreTrial,0.5,2,2,12,0,0,,0,0,0.0,0.0,0.0,observe_click,1,41,19,100,,,true,,,,0.37170212765957444,-OgBOD-eqDpP4IPqpVDQ,25,3
11,21294,0,0,100,0,100,76064,25,89,89,89,22,,,html-keyboard-response,98,2.1.0,1992159,40,0,0_1_2_3_4_5_6_7_8_9_8_10_11_12_13_14_15_16_17_18_17_17_18_18_17_8_19_20_21_22_19_23_22_22_22_8_22_24_25_25,24_38_27_10_50_78_68_41_98_13_87_10_10_38_23_59_28_13_100_100_100_98_94_54_34_51_99_10_74_100_54_10_98_76_100_50_100_16_100_18,ExploreTrial,0.5,2,2,12,0,0,,0,0,0.0,0.0,0.0,observe_click,1,41,19,100,,,true,,,,0.2903169014084507,-OgBOD-eqDpP4IPqpVDQ,18,-7
12,33991,100,0,100,39,78,107974,18,89,93,93,4,,,html-keyboard-response,106,2.1.0,2134526,40,0,0_1_2_3_4_5_6_7_8_9_1_4_5_4_5_1_1_4_5_1_4_10_11_12_13_14_15_12_14_14_14_16_16_16_16_17_18_4_4_1,54_100_10_60_100_100_62_26_24_51_42_100_60_10_76_100_100_100_69_44_100_85_83_100_10_100_10_44_100_27_34_100_94_21_76_17_21_70_100_100,ExploreTrial,0.5,2,2,13,0,0,,0,0,0.0,0.0,0.0,observe_click,1,41,19,100,,,true,,,,0.4024447949526814,-OgBOD-eqDpP4IPqpVDQ,,
0,53012,10,0,20,60,5,198586,31,67,94,94,13,,,html-keyboard-response,5,2.1.0,77752692,40,0,0_1_2_3_4_5_6_7_8_9_10_11_12_13_14_15_16_17_18_19_20_21_22_23_24_25_26_27_28_29_30_31_1_8_13_21_23_28_16_16,60_100_10_77_10_82_44_47_100_10_66_10_67_100_10_35_99_74_85_10_13_100_65_100_28_80_10_58_100_87_74_96_29_42_87_10_75_10_89_11,ExploreTrial,0.5,2,2,12,0,0,,0,0,0.0,0.0,0.0,observe_click,20,41,24,92,,,true,,,,0.3338424437299035,-OgBQ10MJJaxu7hyEF43,26,-5
1,20500,0,22,71,5,62,174665,26,87,92,87,24,,,html-keyboard-response,13,2.1.0,78030329,40,0,0_1_2_3_4_5_6_7_8_9_10_11_12_13_14_15_16_17_18_19_6_15_17_16_17_15_17_20_21_21_3_13_22_23_24_24_24_25_26_26,10_18_57_81_10_49_100_25_91_10_30_10_10_91_10_100_100_100_18_74_32_90_100_51_42_10_10_10_100_10_26_66_10_76_100_78_100_10_96_30,ExploreTrial,0.5,2,2,12,0,0,,0,0,0.0,0.0,0.0,observe_click,20,41,24,92,,,true,,,,0.3062389380530973,-OgBQ10MJJaxu7hyEF43,23,-3
2,21902,19,42,19,41,23,157879,23,87,95,87,17,,,html-keyboard-response,21,2.1.0,78228358,40,0,0_1_2_3_4_5_6_7_8_9_10_11_12_13_14_15_16_15_16_17_17_17_17_18_19_19_19_19_20_21_22_23_23_17_17_17_17_17_17_17,11_61_84_10_78_71_43_16_82_10_12_79_45_86_42_100_94_10_83_100_100_100_71_68_100_73_92_14_10_87_10_96_54_68_100_57_96_68_92_89,ExploreTrial,0.5,2,2,12,0,0,,0,0,0.0,0.0,0.0,observe_click,20,41,24,92,,,true,,,,0.2439407540394973,-OgBQ10MJJaxu7hyEF43,23,0
3,51991,9,22,75,100,30,133600,23,77,97,97,20,,,html-keyboard-response,36,2.1.0,78482804,40,0,0_1_2_3_4_5_6_7_8_9_10_11_12_13_14_15_16_17_18_19_20_21_22_23_1_7_9_20_19_17_17_19_20_19_20_19_20_20_20_20,62_100_10_18_10_46_10_100_10_100_83_76_86_31_29_17_82_89_10_90_100_10_10_10_55_73_47_100_91_93_48_100_96_38_39_10_100_83_70_100,ExploreTrial,0.5,2,2,12,0,0,,0,0,0.0,0.0,0.0,observe_click,20,41,24,92,,,true,,,,0.2835635359116022,-OgBQ10MJJaxu7hyEF43,23,0
4,23642,0,4,100,10,100,141654,23,98,98,98,23,,,html-keyboard-response,44,2.1.0,78690322,40,0,0_1_2_3_4_5_6_7_8_9_10_11_12_13_14_15_16_17_18_19_20_21_22_23_2_3_6_10_11_16_18_22_23_20_20_6_23_23_20_20,10_47_100_100_10_68_90_24_71_10_100_100_73_24_100_10_100_30_100_76_86_10_100_100_10_28_81_38_10_10_10_10_84_100_100_57_100_47_44_22,ExploreTrial,0.5,2,2,12,0,0,,0,0,0.0,0.0,0.0,observe_click,20,41,24,92,,,true,,,,0.32365125240847786,-OgBQ10MJJaxu7hyEF43,23,0
5,28081,0,0,87,35,100,146319,23,99,99,99,16,,,html-keyboard-response,52,2.1.0,78879290,40,0,0_1_2_3_4_5_6_7_8_9_10_11_12_13_14_15_5_8_13_16_17_18_19_16_17_18_19_20_21_22_23_23_23_16_16_4_4_8_4_16,54_61_10_41_100_100_12_10_100_75_80_79_75_100_24_76_10_85_62_100_100_100_94_100_58_10_63_38_48_17_97_100_48_86_10_100_60_10_20_100,ExploreTrial,0.5,2,2,12,0,0,,0,0,0.0,0.0,0.0,observe_click,20,41,24,92,,,true,,,,0.3208847736625514,-OgBQ10MJJaxu7hyEF43,15,-8
6,27413,16,49,82,58,50,145905,15,87,97,95,3,,,html-keyboard-response,60,2.1.0,79069222,40,0,0_1_2_3_4_5_6_7_8_9_10_11_12_13_14_15_5_7_9_11_3_3_5_9_9_11_11_3_9_11_11_9_3_3_3_9_11_11_11_3,41_51_45_90_68_100_58_100_58_100_44_100_10_10_58_85_100_83_100_100_91_100_17_100_33_100_63_100_79_64_100_69_59_100_38_32_100_21_10_84,ExploreTrial,0.5,2,2,12,0,0,,0,0,0.0,0.0,0.0,observe_click,20,41,24,92,,,true,,,,0.29333333333333333,-OgBQ10MJJaxu7hyEF43,20,5
7,21276,13,49,67,83,62,153610,20,83,89,85,13,,,html-keyboard-response,68,2.1.0,79285611,40,0,0_1_2_3_4_5_6_7_8_9_10_11_12_13_14_15_2_7_12_13_14_16_17_18_19_20_16_20_20_16_12_13_12_13_20_12_13_12_20_16,61_58_85_17_27_56_70_82_74_10_45_48_100_87_87_50_36_63_93_100_22_85_10_51_10_100_100_100_52_53_10_43_100_100_16_10_64_46_62_24,ExploreTrial,0.5,2,2,12,0,0,,0,0,0.0,0.0,0.0,observe_click,20,41,24,92,,,true,,,,0.2707716701902748,-OgBQ10MJJaxu7hyEF43,20,0
8,17082,76,42,16,92,7,118782,20,55,86,75,16,,,html-keyboard-response,76,2.1.0,79445890,40,0,0_1_2_3_4_5_6_7_8_9_10_11_12_13_14_15_0_8_14_15_14_15_16_17_18_19_16_16_16_14_16_8_15_14_16_16_20_16_14_16,87_10_47_58_52_31_28_10_81_10_21_10_69_63_100_91_31_73_91_91_100_10_100_58_10_10_100_100_68_10_10_17_31_68_100_10_10_10_37_10,ExploreTrial,0.5,2,2,12,0,0,,0,0,0.0,0.0,0.0,observe_click,20,41,24,92,,,true,,,,0.2552771855010661,-OgBQ10MJJaxu7hyEF43,19,-1
9,33975,12,38,46,61,42,142794,19,89,98,89,16,,,html-keyboard-response,84,2.1.0,79629531,40,0,0_1_2_3_4_5_6_7_8_9_10_11_12_13_14_15_2_7_15_11_7_11_16_17_18_19_16_17_18_19_16_11_16_16_11_11_16_16_11_16,10_71_89_56_10_43_60_100_78_60_44_81_10_20_53_86_64_73_10_89_23_100_98_100_86_100_100_57_10_10_100_26_10_98_91_100_100_53_16_100,ExploreTrial,0.5,2,2,12,0,0,,0,0,0.0,0.0,0.0,observe_click,20,41,24,92,,,true,,,,0.26782560706401765,-OgBQ10MJJaxu7hyEF43,22,3
10,26535,51,8,31,100,6,142350,22,75,98,89,9,,,html-keyboard-response,92,2.1.0,79827793,40,0,0_1_2_3_4_5_6_7_8_9_10_11_12_13_14_15_3_7_9_13_16_17_18_19_17_18_20_21_22_20_21_17_7_9_9_7_17_9_9_7,66_18_10_100_57_50_39_91_61_100_15_17_10_100_57_10_32_73_72_62_30_86_90_58_100_10_91_88_54_56_23_78_100_100_82_59_36_63_87_98,ExploreTrial,0.5,2,2,12,0,0,,0,0,0.0,0.0,0.0,observe_click,20,41,24,92,,,true,,,,0.30995575221238936,-OgBQ10MJJaxu7hyEF43,22,0
11,24099,6,8,80,37,80,104054,22,96,97,97,20,,,html-keyboard-response,100,2.1.0,79977000,40,0,0_1_2_3_4_5_6_7_8_9_10_11_12_13_14_15_0_12_7_6_6_7_6_12_16_17_18_19_16_16_20_21_22_20_21_20_20_20_6_6,100_67_71_79_10_55_100_100_10_10_10_37_100_10_10_59_57_100_100_100_100_10_42_15_84_13_50_19_100_28_95_100_49_100_36_91_64_90_63_64,ExploreTrial,0.5,2,2,12,0,0,,0,0,0.0,0.0,0.0,observe_click,20,41,24,92,,,true,,,,0.33480176211453744,-OgBQ10MJJaxu7hyEF43,23,1
12,17142,40,33,23,81,40,100606,23,74,99,81,20,,,html-keyboard-response,108,2.1.0,80112167,40,0,0_1_2_3_4_5_6_7_8_9_10_11_12_13_14_15_16_17_18_19_20_21_22_23_1_3_16_17_20_22_23_3_1_23_22_1_3_20_20_20,12_82_10_100_17_10_10_60_29_10_39_10_18_72_60_35_100_100_55_10_100_61_87_80_89_91_10_10_71_82_98_99_78_28_10_45_24_88_100_92,ExploreTrial,0.5,2,2,13,0,0,,0,0,0.0,0.0,0.0,observe_click,20,41,24,92,,,true,,,,0.3670570264765784,-OgBQ10MJJaxu7hyEF43,,
0,21699,34,18,42,32,13,65785,22,70,97,93,2,,,html-keyboard-response,5,2.1.0,3537803,40,0,0_1_0_1_2_3_3_2_2_4_4_5_5_6_7_8_6_8_8_0_9_9_10_11_11_11_12_13_13_14_14_15_16_17_15_18_19_20_21_22,10_100_100_66_100_10_32_100_95_10_75_10_21_100_43_10_68_100_56_10_90_72_56_10_85_14_59_10_10_100_67_10_16_85_10_59_29_37_35_100,ExploreTrial,0.5,2,2,12,0,0,,0,0,0.0,0.0,0.0,observe_click,1,41,6,62,,,true,,,,0.3970547945205479,-OgGp8n1XVIbnZ_UcdYW,22,0
1,22287,0,0,99,0,100,43313,22,96,96,96,22,,,html-keyboard-response,13,2.1.0,3614762,40,0,0_0_1_1_2_3_4_4_5_5_5_5_6_7_8_8_8_8_8_9_10_10_11_12_13_14_15_16_17_18_19_20_19_19_21_22_22_22_22_22,100_58_40_76_33_26_96_10_100_90_100_33_10_68_100_97_100_95_60_55_97_79_78_43_25_10_10_78_70_27_10_60_100_47_56_100_85_100_91_100,ExploreTrial,0.5,2,2,12,0,0,,0,0,0.0,0.0,0.0,observe_click,1,41,6,62,,,true,,,,0.37023809523809526,-OgGp8n1XVIbnZ_UcdYW,25,3
2,20502,27,20,74,8,89,43365,25,85,90,90,11,,,html-keyboard-response,21,2.1.0,3686764,40,0,0_0_0_1_1_2_2_3_3_4_4_5_6_7_7_8_9_10_9_10_10_11_12_13_11_11_11_14_15_15_16_17_18_19_20_21_22_23_24_25,10_100_30_100_10_94_53_93_10_90_10_37_16_10_85_32_98_100_55_81_24_98_52_32_100_100_89_10_100_55_69_24_15_61_49_47_46_10_36_72,ExploreTrial,0.5,2,2,12,0,0,,0,0,0.0,0.0,0.0,observe_click,1,41,6,62,,,true,,,,0.39361575178997615,-OgGp8n1XVIbnZ_UcdYW,15,-10
3,13494,82,15,39,68,50,50535,15,72,96,73,10,,,html-keyboard-response,34,2.1.0,3793986,40,0,0_1_1_2_2_2_2_2_3_4_5_6_7_7_3_3_8_9_9_9_10_11_12_13_13_14_15_15_12_0_0_4_10_10_10_0_0_10_10_10,64_88_10_100_96_79_45_10_65_58_10_55_73_10_100_10_39_100_70_24_61_25_61_100_35_24_65_10_10_66_85_10_59_98_100_87_67_90_100_46,ExploreTrial,0.5,2,2,12,0,0,,0,0,0.0,0.0,0.0,observe_click,1,41,6,62,,,true,,,,0.40928030303030305,-OgGp8n1XVIbnZ_UcdYW,7,-8
4,15118,0,26,68,35,63,42014,7,78,91,78,2,,,html-keyboard-response,42,2.1.0,3856644,40,0,0_0_0_1_1_1_1_1_2_2_2_2_3_3_3_3_3_4_4_4_4_4_4_5_5_5_5_5_6_6_6_7_7_7_7_4_4_2_2_1,41_80_16_35_22_81_100_22_96_32_82_66_100_13_100_82_10_34_50_48_83_92_78_36_80_70_51_16_10_49_60_32_11_30_20_22_10_86_57_30,ExploreTrial,0.5,2,2,12,0,0,,0,0,0.0,0.0,0.0,observe_click,1,41,6,62,,,true,,,,0.3448529411764706,-OgGp8n1XVIbnZ_UcdYW,9,2
5,15414,64,36,29,83,31,59170,9,70,99,83,3,,,html-keyboard-response,50,2.1.0,3937579,40,0,0_0_0_0_1_1_1_1_1_2_2_2_2_0_0_3_3_3_3_3_3_4_5_5_5_5_4_4_6_6_6_6_7_7_7_7_7_8_9_9,49_37_99_30_100_100_14_100_79_56_69_94_27_58_44_99_84_100_61_98_100_10_95_24_52_60_43_69_52_68_17_10_100_93_57_20_74_64_22_10,ExploreTrial,0.5,2,2,12,0,0,,0,0,0.0,0.0,0.0,observe_click,1,41,6,62,,,true,,,,0.4155405405405405,-OgGp8n1XVIbnZ_UcdYW,4,-5
6,16411,7,0,0,0,0,41587,4,90,90,90,4,,,html-keyboard-response,58,2.1.0,4016604,40,0,0_0_0_0_0_1_1_1_1_1_2_2_2_2_3_3_3_4_4_4_4_4_0_0_4_4_0_0_4_4_4_0_2_2_3_1_4_4_3_3,100_100_77_100_100_65_69_77_40_35_61_100_10_26_10_47_70_10_100_76_61_100_39_11_97_65_100_100_100_61_99_72_82_10_70_10_50_69_10_71,ExploreTrial,0.5,2,2,12,0,0,,0,0,0.0,0.0,0.0,observe_click,1,41,6,62,,,true,,,,0.42142857142857143,-OgGp8n1XVIbnZ_UcdYW,7,3
7,18000,85,0,5,97,7,62947,7,68,96,70,6,,,html-keyboard-response,66,2.1.0,4113752,40,0,0_0_0_0_0_0_0_1_1_1_1_2_2_2_3_3_3_3_4_4_4_4_4_4_4_5_6_6_6_6_6_6_6_5_5_5_7_7_7_7,100_64_10_70_100_40_10_88_61_36_10_39_67_58_10_56_26_10_27_100_99_43_22_10_69_33_100_18_90_67_63_39_100_54_29_10_61_100_21_38,ExploreTrial,0.5,2,2,12,0,0,,0,0,0.0,0.0,0.0,observe_click,1,41,6,62,,,true,,,,0.38357142857142856,-OgGp8n1XVIbnZ_UcdYW,5,-2
8,27160,0,6,96,0,92,47828,5,95,96,95,4,,,html-keyboard-response,74,2.1.0,4188590,40,0,0_0_0_0_0_0_0_0_0_1_1_1_1_1_2_2_2_2_2_2_3_3_3_3_3_3_3_3_4_4_4_4_4_4_4_4_4_5_5_5,35_52_100_100_100_64_19_94_48_100_24_10_10_52_44_25_73_38_31_53_41_100_32_100_13_100_66_47_66_100_100_100_100_70_66_94_100_72_64_12,ExploreTrial,0.5,2,2,12,0,0,,0,0,0.0,0.0,0.0,observe_click,1,41,6,62,,,true,,,,0.4048913043478261,-OgGp8n1XVIbnZ_UcdYW,5,0
9,22581,95,0,0,86,5,40852,5,73,87,75,2,,,html-keyboard-response,82,2.1.0,4262933,40,0,0_0_0_0_1_1_1_1_1_1_2_1_1_1_2_2_2_2_2_3_3_3_3_3_3_4_4_4_4_4_1_1_2_2_2_5_5_5_5_5,10_10_32_10_53_89_68_100_26_97_100_100_48_49_100_46_10_34_88_100_36_100_40_17_25_10_16_100_14_21_34_24_90_58_86_10_39_10_43_10,ExploreTrial,0.5,2,2,12,0,0,,0,0,0.0,0.0,0.0,observe_click,1,41,6,62,,,true,,,,0.3744565217391304,-OgGp8n1XVIbnZ_UcdYW,6,1
10,16249,0,0,94,0,57,35614,6,87,94,87,1,,,html-keyboard-response,90,2.1.0,4334093,40,0,0_0_0_0_0_1_1_1_1_1_2_2_2_2_2_3_3_3_3_3_3_4_4_4_4_4_4_4_1_1_1_5_6_5_5_5_6_6_6_6,48_32_100_24_81_100_100_54_73_100_31_10_100_10_73_46_10_100_10_40_88_17_100_100_24_53_100_60_100_84_81_38_56_100_30_19_100_28_87_53,ExploreTrial,0.5,2,2,12,0,0,,0,0,0.0,0.0,0.0,observe_click,1,41,6,62,,,true,,,,0.38596491228070173,-OgGp8n1XVIbnZ_UcdYW,5,-1
11,14426,0,0,87,0,84,70322,5,88,93,88,4,,,html-keyboard-response,98,2.1.0,4432947,40,0,0_0_0_0_1_1_1_1_1_1_2_3_2_2_2_3_3_3_1_1_3_3_3_3_3_4_4_4_4_4_4_4_5_5_5_5_5_5_5_5,42_34_21_100_51_95_96_67_100_67_10_10_53_10_29_10_10_60_21_100_10_39_10_10_57_100_100_100_68_10_100_36_75_57_97_51_10_10_100_42,ExploreTrial,0.5,2,2,12,0,0,,0,0,0.0,0.0,0.0,observe_click,1,41,6,62,,,true,,,,0.3367117117117117,-OgGp8n1XVIbnZ_UcdYW,5,0
12,27145,2,31,85,0,83,73859,5,70,96,70,5,,,html-keyboard-response,106,2.1.0,4529598,40,0,0_0_0_0_0_1_1_1_1_1_2_2_2_2_2_3_3_3_3_3_3_4_4_4_4_4_5_5_5_5_5_5_4_3_2_1_0_0_1_1,10_51_45_10_78_14_33_52_11_15_56_59_64_21_44_30_10_10_46_54_86_10_89_10_43_11_100_71_100_59_100_59_10_10_15_100_38_38_58_62,ExploreTrial,0.5,2,2,13,0,0,,0,0,0.0,0.0,0.0,observe_click,1,41,6,62,,,true,,,,0.40657894736842104,-OgGp8n1XVIbnZ_UcdYW,,
0,28680,22,34,75,61,72,236236,21,84,93,85,13,,,html-keyboard-response,5,2.1.0,88150271,40,0,0_1_2_3_4_5_6_7_0_1_2_3_4_5_6_7_8_9_10_11_12_12_13_13_14_15_15_16_16_17_17_18_18_19_19_20_20_13_21_21,10_44_74_10_89_59_69_78_63_36_35_18_62_10_100_100_20_51_53_10_86_10_100_100_39_100_61_85_100_82_30_68_31_73_71_32_100_99_72_51,ExploreTrial,0.5,2,2,12,0,0,,0,0,0.0,0.0,0.0,observe_click,13,41,24,25,,,true,,,,0.36057919621749407,-OgGs3xAHE-ZKlpMP--T,22,1
1,16056,41,21,46,46,54,386646,22,66,95,95,10,,,html-keyboard-response,13,2.1.0,88601889,40,0,0_1_1_2_3_3_4_4_5_5_6_7_8_9_9_10_10_11_12_12_13_13_14_15_16_17_18_19_20_21_21_22_5_3_4_10_21_4_5_10,20_100_34_10_91_100_81_87_100_100_10_45_44_100_30_78_89_44_100_21_79_20_54_13_64_23_10_10_54_100_63_31_73_23_84_100_63_66_21_58,ExploreTrial,0.5,2,2,12,0,0,,0,0,0.0,0.0,0.0,observe_click,13,41,24,25,,,true,,,,0.37194656488549616,-OgGs3xAHE-ZKlpMP--T,20,-2
2,18456,28,15,76,58,72,318388,20,89,93,93,8,,,html-keyboard-response,21,2.1.0,88961938,40,0,0_1_2_3_4_5_5_6_6_7_8_8_6_8_9_10_10_11_12_12_8_6_10_13_14_15_16_16_17_18_19_15_6_8_15_15_8_8_6_20,62_66_10_10_55_100_20_100_100_55_83_88_65_100_10_86_71_10_100_57_10_37_15_72_43_76_100_43_30_14_56_81_33_100_83_10_100_100_74_10,ExploreTrial,0.5,2,2,12,0,0,,0,0,0.0,0.0,0.0,observe_click,13,41,24,25,,,true,,,,0.2949481865284974,-OgGs3xAHE-ZKlpMP--T,19,-1
3,17187,42,37,66,34,68,271225,19,84,92,87,1,,,html-keyboard-response,34,2.1.0,89359120,40,0,0_1_2_1_1_3_4_5_5_6_6_7_7_8_8_9_10_10_11_12_13_13_14_14_15_1_7_10_5_13_16_16_17_18_19_19_1_7_1_7,66_100_38_100_10_25_55_100_33_23_10_100_70_100_16_73_100_81_14_62_100_65_89_57_61_100_62_30_10_58_79_16_35_74_100_61_31_85_100_68,ExploreTrial,0.5,2,2,12,0,0,,0,0,0.0,0.0,0.0,observe_click,13,41,24,25,,,true,,,,0.3738304093567251,-OgGs3xAHE-ZKlpMP--T,18,-1
4,11634,43,33,70,61,59,213799,18,75,86,84,10,,,html-keyboard-response,42,2.1.0,89611568,40,0,0_0_1_2_2_3_4_4_5_6_7_7_8_9_9_10_10_11_12_12_13_13_14_14_15_16_16_17_18_18_10_12_18_10_12_10_12_10_12_10,98_10_55_82_10_10_100_10_50_10_100_35_70_85_50_100_92_50_100_100_100_61_100_59_10_89_43_59_91_100_78_100_35_10_16_90_10_100_29_57,ExploreTrial,0.5,2,2,12,0,0,,0,0,0.0,0.0,0.0,observe_click,13,41,24,25,,,true,,,,0.28941326530612244,-OgGs3xAHE-ZKlpMP--T,16,-2
5,14826,24,52,77,75,59,203461,16,70,95,85,13,,,html-keyboard-response,50,2.1.0,89838964,40,0,0_1_0_1_2_2_3_3_4_4_5_6_6_7_7_8_9_10_10_11_2_6_10_12_12_13_13_13_14_15_15_13_6_13_6_16_16_16_16_13,93_87_27_79_97_100_78_23_82_63_43_100_100_100_74_10_18_100_78_10_40_51_27_100_43_100_100_73_42_100_10_100_69_100_92_100_73_99_72_100,ExploreTrial,0.5,2,2,12,0,0,,0,0,0.0,0.0,0.0,observe_click,13,41,24,25,,,true,,,,0.34387905604719765,-OgGs3xAHE-ZKlpMP--T,24,8
6,19650,47,13,63,77,65,202013,24,69,95,95,22,,,html-keyboard-response,58,2.1.0,90068650,40,0,0_1_2_2_3_4_5_6_7_7_8_9_10_11_11_12_13_14_15_16_16_17_18_19_19_20_20_21_22_22_23_24_2_16_22_2_22_2_22_22,69_66_100_85_73_45_52_64_100_22_40_63_10_82_52_12_15_72_39_100_99_10_10_100_64_100_50_31_100_87_10_42_100_10_100_81_89_39_100_62,ExploreTrial,0.5,2,2,12,0,0,,0,0,0.0,0.0,0.0,observe_click,13,41,24,25,,,true,,,,0.346301775147929,-OgGs3xAHE-ZKlpMP--T,21,-3
7,11976,49,0,60,58,55,212059,21,84,96,96,1,,,html-keyboard-response,66,2.1.0,90316888,40,0,0_1_1_2_3_4_5_5_6_7_8_9_10_10_11_11_12_13_14_15_16_17_18_19_19_20_21_1_19_1_19_19_1_19_1_1_19_1_19_1,18_96_95_14_45_10_84_22_46_39_10_10_100_65_87_44_67_70_10_10_62_53_10_100_100_15_10_100_78_40_72_89_10_10_85_85_60_45_23_57,ExploreTrial,0.5,2,2,12,0,0,,0,0,0.0,0.0,0.0,observe_click,13,41,24,25,,,true,,,,0.41608040201005025,-OgGs3xAHE-ZKlpMP--T,20,-1
8,13528,79,27,56,44,55,263821,20,78,95,88,5,,,html-keyboard-response,74,2.1.0,90609690,40,0,0_0_1_2_3_4_5_5_6_7_7_8_9_9_10_11_12_13_14_14_15_16_16_17_18_19_20_5_16_7_16_16_7_5_5_5_16_16_5_5,100_10_59_74_56_22_100_100_70_86_100_10_97_46_10_52_10_16_84_31_58_100_100_73_78_10_43_10_85_28_91_47_61_100_100_100_88_39_100_67,ExploreTrial,0.5,2,2,12,0,0,,0,0,0.0,0.0,0.0,observe_click,13,41,24,25,,,true,,,,0.33655844155844156,-OgGs3xAHE-ZKlpMP--T,22,2
9,22654,76,0,48,43,32,249415,22,39,80,80,7,,,html-keyboard-response,82,2.1.0,90900269,40,0,0_1_2_2_3_4_5_6_7_7_8_9_10_11_12_13_13_14_14_15_16_16_17_18_19_19_20_21_7_16_13_2_22_22_22_2_16_7_2_7,12_61_83_60_46_10_10_10_100_80_10_10_50_73_10_88_92_92_10_10_85_93_10_42_100_13_61_10_28_29_11_89_100_93_10_30_37_10_10_86,ExploreTrial,0.5,2,2,12,0,0,,0,0,0.0,0.0,0.0,observe_click,13,41,24,25,,,true,,,,0.3502272727272727,-OgGs3xAHE-ZKlpMP--T,19,-3
10,17871,87,0,35,68,37,157496,19,68,88,88,14,,,html-keyboard-response,90,2.1.0,91092355,40,0,0_1_2_3_4_5_6_7_8_9_10_11_12_13_14_15_16_17_18_19_2_4_6_14_16_17_4_14_4_14_11_4_14_4_14_14_4_4_14_14,15_39_100_58_100_28_100_11_28_62_10_94_84_15_100_86_100_100_10_40_10_95_10_79_29_10_100_100_10_23_10_10_99_10_12_88_78_88_100_76,ExploreTrial,0.5,2,2,12,0,0,,0,0,0.0,0.0,0.0,observe_click,13,41,24,25,,,true,,,,0.3261780104712042,-OgGs3xAHE-ZKlpMP--T,19,0
11,18705,56,0,46,47,37,137544,19,56,92,92,6,,,html-keyboard-response,98,2.1.0,91265553,40,0,0_1_2_3_4_5_6_7_8_9_10_11_12_13_14_15_16_17_18_19_0_4_6_7_8_6_7_6_7_6_7_6_7_6_7_6_7_6_7_6,100_14_95_26_100_93_100_100_100_80_10_10_36_54_20_10_34_72_31_57_69_56_75_100_10_100_94_53_100_42_41_50_90_99_15_27_20_87_48_81,ExploreTrial,0.5,2,2,12,0,0,,0,0,0.0,0.0,0.0,observe_click,13,41,24,25,,,true,,,,0.3104166666666667,-OgGs3xAHE-ZKlpMP--T,23,4
12,15575,48,37,57,46,54,157141,23,74,91,88,21,,,html-keyboard-response,106,2.1.0,91453366,40,0,0_1_2_3_4_5_6_7_8_9_10_11_12_13_14_15_16_17_18_19_13_5_20_21_21_5_13_21_22_23_5_21_5_21_5_21_5_13_21_13,10_10_43_68_21_91_60_24_10_39_72_54_45_100_38_35_10_25_57_14_85_70_33_100_58_97_10_33_71_10_99_76_26_74_60_62_10_27_100_25,ExploreTrial,0.5,2,2,13,0,0,,0,0,0.0,0.0,0.0,observe_click,13,41,24,25,,,true,,,,0.3287190082644628,-OgGs3xAHE-ZKlpMP--T,,
0,27174,2,0,100,0,100,76241,19,86,86,86,14,,,html-keyboard-response,5,2.1.0,1843457,40,0,0_1_2_3_4_3_5_6_7_1_7_8_9_10_11_12_12_13_13_13_13_14_14_15_14_14_14_14_14_14_14_16_17_18_19_17_17_16_16_16,10_96_74_100_27_60_46_21_100_62_62_62_35_74_64_89_59_100_42_72_81_96_100_65_100_100_98_100_58_60_100_100_100_57_10_28_89_25_100_100,ExploreTrial,0.5,2,2,12,0,0,,0,0,0.0,0.0,0.0,observe_click,12,41,13,100,,,true,,,,0.26165919282511213,-OgH3cs-OwY5c2STrd6o,18,-1
1,41611,29,31,61,55,28,36227,18,73,80,79,13,,,html-keyboard-response,13,2.1.0,1922028,40,0,0_1_2_3_4_5_6_7_8_9_10_8_8_8_8_8_8_5_5_5_5_6_6_6_6_11_12_13_14_15_16_17_16_16_16_13_13_13_13_18,79_36_68_21_14_100_100_35_100_25_10_10_100_93_10_10_90_66_58_36_100_74_40_55_10_23_31_100_64_62_99_63_10_88_98_99_72_68_100_100,ExploreTrial,0.5,2,2,12,0,0,,0,0,0.0,0.0,0.0,observe_click,12,41,13,100,,,true,,,,0.2944214876033058,-OgH3cs-OwY5c2STrd6o,21,3
2,33218,0,18,100,0,80,43753,21,92,92,92,19,,,html-keyboard-response,21,2.1.0,2022693,40,0,0_1_2_3_4_5_6_7_8_9_10_11_9_9_11_11_11_11_12_13_6_6_12_12_12_12_14_15_16_17_18_19_19_19_19_20_21_20_20_13,48_66_42_47_10_10_77_52_30_100_26_77_40_46_100_41_54_91_71_49_67_74_100_69_55_61_10_20_67_10_35_100_45_16_94_79_36_76_10_28,ExploreTrial,0.5,2,2,12,0,0,,0,0,0.0,0.0,0.0,observe_click,12,41,13,100,,,true,,,,0.27996760259179265,-OgH3cs-OwY5c2STrd6o,20,-1
3,25917,80,78,30,80,59,46944,20,73,95,95,0,,,html-keyboard-response,62,2.1.0,2337586,40,0,0_1_2_3_4_5_6_0_0_0_0_0_7_8_9_10_11_12_13_10_10_10_10_10_9_9_9_9_14_15_16_17_16_16_18_19_20_19_19_20,100_10_47_37_32_27_61_100_100_80_39_97_18_10_100_97_52_47_29_100_59_50_84_46_44_10_94_10_10_10_99_10_10_17_43_69_61_73_21_10,ExploreTrial,0.5,2,2,12,0,0,,0,0,0.0,0.0,0.0,observe_click,12,41,13,100,,,true,,,,0.37370466321243523,-OgH3cs-OwY5c2STrd6o,18,-2
4,28240,60,40,30,82,20,39150,18,55,95,95,18,,,html-keyboard-response,70,2.1.0,2415223,40,0,0_1_2_3_4_1_1_2_2_3_3_3_5_6_7_8_6_6_5_5_5_9_10_11_9_9_9_12_13_14_15_16_17_18_18_18_18_18_18_18,26_90_100_100_35_30_73_93_16_100_10_94_48_100_66_51_27_19_10_100_49_74_28_34_71_99_40_11_40_73_62_27_10_100_100_100_100_100_75_78,ExploreTrial,0.5,2,2,12,0,0,,0,0,0.0,0.0,0.0,observe_click,12,41,13,100,,,true,,,,0.39238505747126434,-OgH3cs-OwY5c2STrd6o,23,5
5,26984,34,69,56,68,36,53342,23,81,91,88,7,,,html-keyboard-response,78,2.1.0,2505342,40,0,0_1_2_1_1_1_3_4_5_6_7_8_9_10_11_12_13_14_14_14_15_15_15_7_7_7_16_17_18_18_18_19_20_21_22_23_22_22_22_22,10_100_47_100_100_82_54_78_83_10_78_33_10_56_10_27_38_76_58_28_100_77_42_100_100_100_51_68_100_10_62_49_61_37_100_59_93_61_81_100,ExploreTrial,0.5,2,2,12,0,0,,0,0,0.0,0.0,0.0,observe_click,12,41,13,100,,,true,,,,0.3446058091286307,-OgH3cs-OwY5c2STrd6o,19,-4
6,30373,21,55,62,60,20,51602,19,74,88,82,17,,,html-keyboard-response,86,2.1.0,2593607,40,0,0_1_2_3_4_5_6_7_3_3_8_9_10_11_0_0_0_0_12_13_14_13_13_15_16_7_7_7_16_16_15_15_15_17_18_18_17_17_17_19,73_22_95_100_10_10_62_68_10_56_53_10_14_10_100_59_47_75_42_100_10_10_12_87_93_39_81_29_20_47_100_100_54_100_86_68_100_70_100_45,ExploreTrial,0.5,2,2,12,0,0,,0,0,0.0,0.0,0.0,observe_click,12,41,13,100,,,true,,,,0.36741645244215937,-OgH3cs-OwY5c2STrd6o,17,-2
7,27235,45,22,34,65,32,42953,17,69,91,83,15,,,html-keyboard-response,94,2.1.0,2684115,40,0,0_1_2_3_4_3_3_5_6_7_8_9_7_7_5_4_4_4_4_10_11_12_13_10_10_10_10_14_15_16_17_15_15_15_15_15_15_15_16_16,48_10_10_94_72_29_33_72_65_73_47_20_73_61_52_98_10_100_89_100_56_10_10_95_63_22_47_72_100_100_10_57_100_45_100_76_46_56_46_84,ExploreTrial,0.5,2,2,12,0,0,,0,0,0.0,0.0,0.0,observe_click,12,41,13,100,,,true,,,,0.31287061994609167,-OgH3cs-OwY5c2STrd6o,18,1
8,20090,0,0,100,0,100,47676,18,94,94,94,2,,,html-keyboard-response,102,2.1.0,2769140,40,0,0_1_2_3_4_5_6_7_8_3_3_3_3_0_0_0_9_3_3_3_5_5_5_6_6_6_6_10_11_12_13_14_15_16_17_18_6_6_6_2,100_57_85_100_10_100_100_68_79_62_82_100_98_10_62_36_54_100_10_30_32_81_10_100_96_85_100_10_10_22_32_10_10_15_39_55_36_25_100_90,ExploreTrial,0.5,2,2,12,0,0,,0,0,0.0,0.0,0.0,observe_click,12,41,13,100,,,true,,,,0.41623505976095615,-OgH3cs-OwY5c2STrd6o,9,-9
9,20382,18,21,58,40,80,25496,9,82,92,92,1,,,html-keyboard-response,110,2.1.0,2823427,40,0,0_1_2_3_4_5_6_7_8_9_8_8_8_1_1_1_0_0_0_3_3_3_4_4_4_4_4_4_1_1_1_1_1_5_5_5_5_5_4_4,100_100_37_100_100_66_93_34_100_10_100_44_58_80_100_100_48_83_100_82_10_66_100_100_68_100_69_100_100_100_72_99_99_10_100_100_50_87_97_10,ExploreTrial,0.5,2,2,12,0,0,,0,0,0.0,0.0,0.0,observe_click,12,41,13,100,,,true,,,,0.3942307692307692,-OgH3cs-OwY5c2STrd6o,14,5
10,19067,15,20,60,40,69,30585,14,75,87,80,12,,,html-keyboard-response,118,2.1.0,2880780,40,0,0_1_2_3_4_5_6_7_8_8_8_8_1_1_1_3_3_4_4_7_7_7_5_5_5_7_7_7_9_10_11_12_13_14_12_12_12_12_14_14,30_85_40_87_99_71_10_80_100_59_10_10_86_50_57_10_10_25_10_100_100_16_49_32_17_36_10_87_32_80_56_100_50_90_84_100_100_90_83_93,ExploreTrial,0.5,2,2,12,0,0,,0,0,0.0,0.0,0.0,observe_click,12,41,13,100,,,true,,,,0.32983870967741935,-OgH3cs-OwY5c2STrd6o,11,-3
11,19800,58,0,39,67,60,30617,11,68,93,93,2,,,html-keyboard-response,126,2.1.0,2944287,40,0,0_1_2_3_4_5_6_7_8_5_5_5_5_5_9_10_11_9_9_9_10_10_10_10_11_11_3_2_2_2_1_2_1_1_1_2_1_1_1_2,56_57_71_46_30_80_44_67_10_69_10_100_45_54_100_70_24_10_19_10_10_10_10_40_29_27_70_98_100_84_100_43_56_47_100_53_54_100_37_100,ExploreTrial,0.5,2,2,12,0,0,,0,0,0.0,0.0,0.0,observe_click,12,41,13,100,,,true,,,,0.40717821782178215,-OgH3cs-OwY5c2STrd6o,12,1
12,22139,80,20,20,80,80,34128,12,73,96,96,12,,,html-keyboard-response,134,2.1.0,3004777,40,0,0_1_2_3_4_5_6_4_4_4_4_3_3_3_3_3_6_6_6_6_6_7_8_9_7_7_7_7_7_8_8_8_8_8_10_11_12_10_10_12,21_10_86_100_100_75_100_100_100_42_95_83_76_70_51_10_25_100_95_100_43_92_10_50_100_44_100_41_97_100_10_100_54_46_80_41_100_100_41_100,ExploreTrial,0.5,2,2,13,0,0,,0,0,0.0,0.0,0.0,observe_click,12,41,13,100,,,true,,,,0.2658536585365854,-OgH3cs-OwY5c2STrd6o,,
0,32834,82,23,22,78,10,68526,24,71,93,93,18,,,html-keyboard-response,5,2.1.0,2842881,40,0,0_1_2_3_4_5_6_7_8_9_10_11_12_13_14_15_16_17_18_19_20_21_22_23_24_24_24_10_5_5_6_6_15_15_15_6_18_18_20_20,36_55_59_10_68_100_100_15_59_24_98_27_44_19_55_100_85_64_87_10_86_28_90_58_100_10_18_23_18_81_11_100_61_11_43_21_100_78_34_69,ExploreTrial,0.5,2,2,12,0,0,,0,0,0.0,0.0,0.0,observe_click,12,41,16,19,,,true,,,,0.3212524654832347,-OgH3rXg8L_1xz1yh5WY,19,-5
1,18062,78,17,15,71,19,58337,19,66,92,92,1,,,html-keyboard-response,13,2.1.0,2948718,40,0,0_0_1_2_3_4_5_6_7_8_9_10_11_12_13_14_15_16_17_18_19_0_0_0_1_1_1_1_3_3_3_3_3_12_12_12_12_19_19_18,72_100_100_17_100_69_82_10_80_60_26_37_85_100_39_98_21_10_90_100_100_76_10_35_100_45_96_96_100_83_100_43_44_100_97_10_44_53_10_58,ExploreTrial,0.5,2,2,12,0,0,,0,0,0.0,0.0,0.0,observe_click,12,41,16,19,,,true,,,,0.46972843450479235,-OgH3rXg8L_1xz1yh5WY,25,6
2,16961,0,10,87,9,88,72947,25,98,98,98,19,,,html-keyboard-response,21,2.1.0,3048477,40,0,0_1_2_3_4_5_6_7_8_9_3_3_5_10_11_12_13_14_15_16_17_18_19_19_19_19_19_19_20_21_22_23_24_25_22_22_22_24_24_19,30_40_39_100_20_76_10_10_27_32_74_76_41_46_90_30_67_37_18_44_27_77_100_65_100_100_100_66_73_55_100_79_100_12_100_52_78_35_58_33,ExploreTrial,0.5,2,2,12,0,0,,0,0,0.0,0.0,0.0,observe_click,12,41,16,19,,,true,,,,0.3105496453900709,-OgH3rXg8L_1xz1yh5WY,29,4
3,11743,0,0,92,0,91,69359,29,94,94,94,2,,,html-keyboard-response,36,2.1.0,3196827,40,0,0_1_2_3_4_5_6_7_8_9_10_11_12_13_14_15_16_17_18_19_20_21_22_23_24_25_26_27_28_29_0_2_6_18_20_21_2_6_13_2,100_53_100_10_24_77_100_25_13_53_57_54_14_88_27_14_44_10_100_52_100_100_29_54_24_73_58_10_81_79_67_100_89_10_75_93_100_10_68_74,ExploreTrial,0.5,2,2,12,0,0,,0,0,0.0,0.0,0.0,observe_click,12,41,16,19,,,true,,,,0.3848095238095238,-OgH3rXg8L_1xz1yh5WY,29,0
4,25045,0,0,98,0,98,73819,29,90,90,90,20,,,html-keyboard-response,44,2.1.0,3288653,40,0,0_1_2_3_4_5_6_7_8_9_10_11_12_13_14_15_16_17_18_19_20_21_22_23_24_25_26_27_28_29_6_20_25_27_6_20_6_20_20_6,29_21_80_73_11_56_100_57_83_78_46_75_63_38_35_29_24_54_69_48_100_71_48_71_41_100_16_100_10_42_100_100_22_10_77_100_100_100_100_10,ExploreTrial,0.5,2,2,12,0,0,,0,0,0.0,0.0,0.0,observe_click,12,41,16,19,,,true,,,,0.3321912013536379,-OgH3rXg8L_1xz1yh5WY,29,0
5,24096,79,19,30,80,15,66091,29,81,96,96,20,,,html-keyboard-response,52,2.1.0,3385971,40,0,0_1_2_3_4_5_6_7_8_9_10_11_12_13_14_15_16_17_18_19_20_21_22_23_24_25_26_27_28_29_5_7_14_20_25_7_20_20_7_20,57_10_10_46_10_100_84_100_78_65_54_44_10_10_100_10_10_48_67_84_100_80_10_73_13_100_10_10_34_93_75_100_44_100_82_69_100_87_54_100,ExploreTrial,0.5,2,2,12,0,0,,0,0,0.0,0.0,0.0,observe_click,12,41,16,19,,,true,,,,0.3281896551724138,-OgH3rXg8L_1xz1yh5WY,29,0
6,20742,94,7,7,93,8,63850,29,35,93,93,1,,,html-keyboard-response,60,2.1.0,3484464,40,0,0_1_2_3_4_5_6_7_8_9_10_11_12_13_14_15_16_17_18_19_20_21_22_23_24_25_26_27_28_29_1_3_4_12_19_22_23_1_3_22,66_100_10_100_100_10_72_13_23_44_14_87_100_33_41_10_95_92_91_100_32_13_100_100_93_99_55_26_15_53_100_100_16_42_54_100_52_70_63_47,ExploreTrial,0.5,2,2,12,0,0,,0,0,0.0,0.0,0.0,observe_click,12,41,16,19,,,true,,,,0.3756422018348624,-OgH3rXg8L_1xz1yh5WY,35,6
7,23905,77,4,13,92,23,61394,35,19,84,84,2,,,html-keyboard-response,68,2.1.0,3574647,40,0,0_1_2_3_4_5_6_7_8_9_10_11_12_13_14_15_16_17_18_19_20_21_22_23_24_2_19_24_25_26_27_28_29_30_31_30_32_33_34_35,49_10_100_16_10_10_10_44_31_25_10_67_65_10_83_57_74_10_70_93_56_10_20_10_98_87_26_18_60_69_10_10_38_92_40_63_10_47_10_10,ExploreTrial,0.5,2,2,12,0,0,,0,0,0.0,0.0,0.0,observe_click,12,41,16,19,,,true,,,,0.3402482269503546,-OgH3rXg8L_1xz1yh5WY,27,-8
8,15834,93,0,22,75,16,76163,27,85,92,92,19,,,html-keyboard-response,76,2.1.0,3682522,40,0,0_1_2_3_4_5_6_7_8_9_10_11_12_13_14_15_16_17_18_19_20_21_22_23_24_0_8_9_12_19_21_24_0_12_19_19_19_25_26_27,100_25_52_10_86_96_15_10_100_100_90_78_100_32_82_11_75_100_42_100_10_100_91_14_100_100_85_10_93_100_10_16_10_37_95_96_100_10_79_76,ExploreTrial,0.5,2,2,12,0,0,,0,0,0.0,0.0,0.0,observe_click,12,41,16,19,,,true,,,,0.3387962962962963,-OgH3rXg8L_1xz1yh5WY,19,-8
9,14165,96,0,0,96,9,65825,19,80,88,88,11,,,html-keyboard-response,84,2.1.0,3771864,40,0,0_1_2_3_4_5_6_7_8_9_10_11_12_13_14_15_16_17_18_19_3_6_7_11_14_10_17_17_17_17_17_10_10_10_17_11_11_11_11_11,33_10_23_100_79_10_100_100_10_80_91_100_48_10_100_67_70_87_19_18_10_74_96_100_52_93_78_100_100_59_66_68_57_58_79_67_100_61_94_90,ExploreTrial,0.5,2,2,12,0,0,,0,0,0.0,0.0,0.0,observe_click,12,41,16,19,,,true,,,,0.26985981308411217,-OgH3rXg8L_1xz1yh5WY,19,0
10,10724,87,0,40,68,15,63309,19,61,90,90,12,,,html-keyboard-response,92,2.1.0,3860084,40,0,0_1_2_3_4_5_6_7_8_9_10_11_12_13_14_15_16_17_18_19_6_13_11_11_2_2_2_18_18_18_16_16_16_18_2_2_12_12_12_12,50_18_79_44_52_10_100_10_43_45_39_86_79_97_46_13_70_46_79_32_55_15_92_10_84_60_100_100_100_45_10_14_52_60_10_41_81_65_100_100,ExploreTrial,0.5,2,2,12,0,0,,0,0,0.0,0.0,0.0,observe_click,12,41,16,19,,,true,,,,0.32940097799511003,-OgH3rXg8L_1xz1yh5WY,14,-5
11,10925,0,0,97,0,97,34243,14,91,91,91,2,,,html-keyboard-response,100,2.1.0,3913895,40,0,0_0_0_0_0_1_2_3_4_5_6_7_8_9_10_11_12_13_14_2_2_7_7_11_11_11_11_11_2_2_2_2_2_2_2_2_2_2_2_2,95_86_100_100_26_43_100_44_75_83_85_100_43_56_42_97_16_76_65_100_98_10_10_10_100_94_29_86_100_100_100_67_93_74_100_100_86_100_95_72,ExploreTrial,0.5,2,2,12,0,0,,0,0,0.0,0.0,0.0,observe_click,12,41,16,19,,,true,,,,0.46831683168316834,-OgH3rXg8L_1xz1yh5WY,15,1
12,18223,84,55,22,73,13,49693,15,59,88,88,12,,,html-keyboard-response,108,2.1.0,3980983,40,0,0_1_2_3_4_5_6_7_8_9_3_3_10_11_12_12_12_12_12_12_12_12_12_12_12_12_13_14_15_13_13_13_12_12_12_12_12_12_12_12,51_54_22_57_10_59_10_66_10_10_66_29_54_54_100_75_69_88_100_100_35_56_100_100_51_10_72_50_39_30_15_44_24_98_82_10_73_19_100_19,ExploreTrial,0.5,2,2,13,0,0,,0,0,0.0,0.0,0.0,observe_click,12,41,16,19,,,true,,,,0.20260814249363868,-OgH3rXg8L_1xz1yh5WY,,
0,35351,100,8,28,90,0,58919,10,56,98,98,10,,,html-keyboard-response,5,2.1.0,86190,40,0,0_1_2_2_3_3_4_2_5_6_6_6_6_6_6_6_6_2_2_2_2_2_2_2_3_3_3_3_3_7_7_7_7_7_7_8_9_10_10_10,10_10_100_10_97_50_10_43_30_100_99_10_89_97_26_100_10_60_10_16_100_54_12_31_32_10_10_100_12_89_35_10_84_10_53_43_23_100_100_62,ExploreTrial,0.5,2,2,12,0,0,,0,0,0.0,0.0,0.0,observe_click,1,41,10,16,,,true,,,,0.31888297872340426,-OgUTQP4KgDORoKaRca2,9,-1
1,25971,100,0,0,21,38,39510,9,77,95,90,6,,,html-keyboard-response,13,2.1.0,179234,40,0,0_1_2_3_4_5_6_7_8_9_8_8_8_9_9_9_0_0_0_1_1_1_2_2_2_3_3_3_4_4_4_5_5_5_6_6_6_7_7_7,68_69_10_24_18_10_70_47_89_66_61_87_47_39_59_40_51_55_10_31_25_77_11_91_10_66_51_10_85_84_46_58_24_78_100_10_100_100_100_10,ExploreTrial,0.5,2,2,12,0,0,,0,0,0.0,0.0,0.0,observe_click,1,41,10,16,,,true,,,,0.36666666666666664,-OgUTQP4KgDORoKaRca2,9,0
2,17235,22,0,76,16,0,33340,9,68,85,83,4,,,html-keyboard-response,21,2.1.0,251257,40,0,0_0_0_1_2_3_4_5_6_7_8_9_8_8_8_9_9_9_1_1_1_2_2_2_3_3_3_4_4_4_5_5_5_6_6_6_7_7_7_7,45_61_100_26_89_89_10_10_80_10_100_10_100_37_64_10_28_19_56_18_17_20_26_17_97_34_79_100_100_88_40_10_10_12_45_56_100_12_10_43,ExploreTrial,0.5,2,2,12,0,0,,0,0,0.0,0.0,0.0,observe_click,1,41,10,16,,,true,,,,0.34451871657754013,-OgUTQP4KgDORoKaRca2,9,0
3,15691,99,0,0,100,0,61350,9,63,93,76,8,,,html-keyboard-response,34,2.1.0,377780,40,0,0_1_2_3_4_5_6_7_8_9_0_0_0_1_1_1_2_2_2_3_3_3_4_4_4_5_5_5_6_6_6_7_7_7_8_8_8_8_8_8,92_43_10_69_50_100_62_64_34_10_52_10_29_82_100_14_100_10_14_100_84_96_83_10_62_100_10_100_83_10_51_19_74_52_100_100_100_100_76_100,ExploreTrial,0.5,2,2,12,0,0,,0,0,0.0,0.0,0.0,observe_click,1,41,10,16,,,true,,,,0.3580508474576271,-OgUTQP4KgDORoKaRca2,12,3
4,27291,100,0,0,100,0,42411,12,59,90,83,4,,,html-keyboard-response,42,2.1.0,448685,40,0,0_1_2_3_4_5_6_7_8_9_10_11_12_0_0_1_1_2_2_3_3_4_4_5_5_6_6_7_7_8_8_9_9_10_10_11_11_12_12_11,19_25_100_10_14_33_10_10_21_64_72_68_53_58_100_10_45_100_49_33_92_39_100_44_11_95_10_65_10_24_52_93_45_24_96_100_92_73_59_32,ExploreTrial,0.5,2,2,12,0,0,,0,0,0.0,0.0,0.0,observe_click,1,41,10,16,,,true,,,,0.3547959183673469,-OgUTQP4KgDORoKaRca2,9,-3
5,10801,0,0,100,0,100,38472,9,97,97,97,2,,,html-keyboard-response,50,2.1.0,529837,40,0,0_1_2_3_4_5_6_7_8_9_0_0_0_1_1_1_2_2_2_3_3_3_4_4_4_5_5_5_6_6_6_7_7_7_8_8_8_9_9_9,85_10_100_10_10_99_10_70_100_59_10_74_92_71_10_10_100_63_100_17_10_100_10_73_10_48_10_100_95_84_64_36_28_10_100_52_100_100_100_78,ExploreTrial,0.5,2,2,12,0,0,,0,0,0.0,0.0,0.0,observe_click,1,41,10,16,,,true,,,,0.36666666666666664,-OgUTQP4KgDORoKaRca2,9,0
6,9521,0,0,100,0,100,33936,9,92,92,92,7,,,html-keyboard-response,58,2.1.0,582896,40,0,0_1_2_3_4_5_6_7_8_9_0_0_0_1_1_1_2_2_2_3_3_3_4_4_4_5_5_5_6_6_6_7_7_7_8_8_8_9_9_9,42_50_100_79_49_63_65_62_10_55_100_10_100_25_100_32_50_10_36_24_95_10_83_79_46_21_45_75_73_30_46_92_100_100_42_10_28_100_100_69,ExploreTrial,0.5,2,2,12,0,0,,0,0,0.0,0.0,0.0,observe_click,1,41,10,16,,,true,,,,0.36666666666666664,-OgUTQP4KgDORoKaRca2,9,0
7,12227,0,100,0,39,0,35673,9,62,94,67,9,,,html-keyboard-response,66,2.1.0,634665,40,0,0_1_2_3_4_5_6_7_8_9_0_0_0_1_1_1_2_2_2_3_3_3_4_4_4_5_5_5_6_6_6_7_7_7_8_8_8_9_9_9,58_92_16_10_21_36_40_10_42_52_60_73_24_10_10_10_59_44_10_53_29_25_34_32_28_10_10_10_13_55_52_80_68_10_60_42_78_96_100_33,ExploreTrial,0.5,2,2,12,0,0,,0,0,0.0,0.0,0.0,observe_click,1,41,10,16,,,true,,,,0.36666666666666664,-OgUTQP4KgDORoKaRca2,9,0
8,8283,100,0,0,100,0,31304,9,50,96,87,9,,,html-keyboard-response,74,2.1.0,685069,40,0,0_1_2_3_4_5_6_7_8_9_0_0_0_1_1_1_2_2_2_3_3_3_4_4_4_5_5_5_6_6_6_7_7_7_8_8_8_9_9_9,75_83_55_27_31_17_85_10_94_100_100_100_66_22_26_100_69_25_10_32_87_86_100_81_25_49_13_10_31_73_18_40_10_10_18_10_33_96_100_42,ExploreTrial,0.5,2,2,12,0,0,,0,0,0.0,0.0,0.0,observe_click,1,41,10,16,,,true,,,,0.36666666666666664,-OgUTQP4KgDORoKaRca2,9,0
9,9612,0,0,100,0,100,32057,9,87,89,87,0,,,html-keyboard-response,82,2.1.0,733647,40,0,0_1_2_3_4_5_6_7_8_9_0_0_0_1_1_1_2_2_2_3_3_3_4_4_4_5_5_5_6_6_6_7_7_7_9_9_0_0_0_0,79_19_22_10_10_100_19_69_10_70_84_100_100_35_10_100_82_43_49_10_89_10_38_13_44_68_55_96_10_52_10_100_66_100_10_46_95_100_100_19,ExploreTrial,0.5,2,2,12,0,0,,0,0,0.0,0.0,0.0,observe_click,1,41,10,16,,,true,,,,0.4433673469387755,-OgUTQP4KgDORoKaRca2,9,0
10,6545,0,0,100,0,100,31811,9,94,95,94,4,,,html-keyboard-response,90,2.1.0,783563,40,0,0_1_2_3_4_5_6_7_8_9_0_0_0_1_1_1_2_2_2_4_4_4_5_5_5_5_5_5_4_4_4_4_4_4_4_4_4_4_4_4,100_10_86_34_86_100_10_31_42_10_72_63_66_13_36_66_10_71_10_100_100_100_100_100_95_39_68_100_100_88_95_100_52_40_54_100_10_23_100_100,ExploreTrial,0.5,2,2,12,0,0,,0,0,0.0,0.0,0.0,observe_click,1,41,10,16,,,true,,,,0.30833333333333335,-OgUTQP4KgDORoKaRca2,14,5
11,11886,100,0,0,100,0,34297,14,57,90,90,13,,,html-keyboard-response,98,2.1.0,831404,40,0,0_1_2_3_4_5_6_7_8_9_0_0_0_6_6_6_9_9_9_10_11_12_13_14_10_10_10_11_11_11_12_12_12_13_13_13_13_13_12_12,56_10_10_10_40_10_61_10_37_49_10_10_32_10_10_11_10_10_38_97_10_80_100_39_81_10_50_39_10_10_100_100_75_91_100_60_100_85_100_21,ExploreTrial,0.5,2,2,12,0,0,,0,0,0.0,0.0,0.0,observe_click,1,41,10,16,,,true,,,,0.28032544378698226,-OgUTQP4KgDORoKaRca2,9,-5
12,15679,0,6,100,0,57,32155,9,78,92,78,1,,,html-keyboard-response,106,2.1.0,882891,40,0,0_1_2_3_4_5_6_7_8_9_1_1_1_1_1_1_3_3_3_3_3_3_5_5_5_5_5_7_7_7_9_9_9_8_8_8_1_1_1_1,10_100_10_90_10_87_10_82_70_63_100_100_98_10_74_80_81_100_31_99_100_53_95_45_98_68_66_32_100_47_85_95_46_32_42_25_83_100_100_16,ExploreTrial,0.5,2,2,13,0,0,,0,0,0.0,0.0,0.0,observe_click,1,41,10,16,,,true,,,,0.3841176470588235,-OgUTQP4KgDORoKaRca2,,
0,32265,0,20,80,20,60,145534,7,84,94,92,6,,,html-keyboard-response,5,2.1.0,223851724,40,0,0_0_0_0_0_1_1_1_1_1_2_2_2_2_2_3_3_3_3_3_4_4_4_4_4_5_5_5_5_5_6_6_6_6_6_7_7_7_7_7,96_17_49_10_70_27_48_19_10_48_12_88_10_47_13_100_58_55_81_95_32_10_43_92_79_100_100_25_55_59_57_100_100_77_100_80_49_78_37_100,ExploreTrial,0.5,2,2,12,0,0,,0,0,0.0,0.0,0.0,observe_click,9,41,10,41,,,true,,,,0.375,-OgUZR8AOl-l6WOVYCXF,7,0
1,17873,0,80,40,40,43,154634,7,63,90,63,4,,,html-keyboard-response,13,2.1.0,224065080,40,0,0_0_0_0_0_1_1_1_1_1_2_2_2_2_2_3_3_3_3_3_4_4_4_4_4_5_5_5_5_5_6_6_6_6_6_7_7_7_7_7,100_63_10_25_17_58_58_100_25_40_97_10_10_73_46_10_10_19_20_48_80_73_10_100_51_19_81_10_45_93_35_17_32_96_43_73_10_53_94_59,ExploreTrial,0.5,2,2,12,0,0,,0,0,0.0,0.0,0.0,observe_click,9,41,10,41,,,true,,,,0.375,-OgUZR8AOl-l6WOVYCXF,12,5
2,21492,80,0,40,60,20,239780,12,64,85,85,5,,,html-keyboard-response,21,2.1.0,224335586,40,0,0_1_0_0_1_1_2_2_2_2_3_3_3_3_4_4_4_4_5_5_5_5_6_6_7_8_9_10_9_11_12_2_2_2_4_4_4_5_5_5,80_47_28_10_61_10_60_100_100_100_100_86_45_10_95_82_99_56_84_100_100_89_10_65_17_32_84_27_10_37_33_50_92_73_100_10_53_69_100_64,ExploreTrial,0.5,2,2,12,0,0,,0,0,0.0,0.0,0.0,observe_click,9,41,10,41,,,true,,,,0.37588235294117645,-OgUZR8AOl-l6WOVYCXF,11,-1
3,24107,0,0,60,20,60,250546,11,71,94,87,10,,,html-keyboard-response,34,2.1.0,224658655,40,0,0_1_2_2_2_3_4_4_4_5_5_5_6_6_6_7_7_7_8_8_8_9_9_9_10_10_10_11_11_11_2_2_9_9_10_10_11_11_2_10,10_10_100_84_100_10_26_74_24_100_43_10_83_69_46_49_27_34_100_57_53_88_100_73_71_100_100_100_20_93_65_23_73_64_72_59_54_46_100_92,ExploreTrial,0.5,2,2,12,0,0,,0,0,0.0,0.0,0.0,observe_click,9,41,10,41,,,true,,,,0.2851503759398496,-OgUZR8AOl-l6WOVYCXF,13,2
4,14116,0,0,100,0,100,193489,13,90,98,90,0,,,html-keyboard-response,42,2.1.0,224892558,40,0,0_0_0_1_1_1_2_3_3_4_4_4_5_6_7_7_7_8_9_9_9_10_10_11_11_11_12_12_12_13_13_13_4_4_11_11_1_1_0_0,54_55_99_75_72_82_10_70_10_100_78_100_10_10_61_59_10_10_31_70_94_73_10_72_81_100_25_70_24_37_66_42_10_10_37_10_70_44_100_64,ExploreTrial,0.5,2,2,12,0,0,,0,0,0.0,0.0,0.0,observe_click,9,41,10,41,,,true,,,,0.41,-OgUZR8AOl-l6WOVYCXF,10,-3
5,19992,20,20,80,0,60,200727,10,80,93,81,0,,,html-keyboard-response,50,2.1.0,225113437,40,0,0_0_0_1_0_1_2_3_2_2_4_4_4_5_5_5_6_6_6_7_7_8_8_8_9_9_9_10_10_10_0_0_2_2_5_5_8_8_10_10,100_61_28_66_68_12_76_10_100_92_100_19_10_45_93_100_46_53_90_60_13_53_70_92_74_100_10_95_32_83_95_100_10_10_10_100_59_100_57_100,ExploreTrial,0.5,2,2,12,0,0,,0,0,0.0,0.0,0.0,observe_click,9,41,10,41,,,true,,,,0.38793532338308456,-OgUZR8AOl-l6WOVYCXF,12,2
6,20108,0,0,40,80,40,168502,12,68,91,90,4,,,html-keyboard-response,58,2.1.0,225307931,40,0,0_0_1_1_2_2_2_3_3_3_4_4_4_5_6_6_7_8_8_8_9_9_9_10_10_10_11_11_11_12_12_12_2_2_4_4_8_8_12_12,49_10_66_22_100_66_100_100_10_100_100_100_73_10_68_10_16_62_95_98_54_94_56_55_24_100_100_33_31_36_99_100_83_10_76_74_88_59_13_10,ExploreTrial,0.5,2,2,12,0,0,,0,0,0.0,0.0,0.0,observe_click,9,41,10,41,,,true,,,,0.3465686274509804,-OgUZR8AOl-l6WOVYCXF,11,-1
7,19197,20,0,0,0,20,164516,11,53,87,86,9,,,html-keyboard-response,66,2.1.0,225504188,40,0,0_1_1_1_2_2_2_3_3_3_4_4_4_5_6_5_5_7_7_7_8_8_8_9_9_9_10_11_11_11_2_2_3_3_4_4_9_9_11_11,10_87_20_88_58_91_100_97_79_100_100_100_76_67_10_96_81_47_51_37_64_28_13_77_32_99_10_100_39_51_51_59_15_100_10_100_88_87_73_29,ExploreTrial,0.5,2,2,12,0,0,,0,0,0.0,0.0,0.0,observe_click,9,41,10,41,,,true,,,,0.3430803571428571,-OgUZR8AOl-l6WOVYCXF,9,-2
8,39765,40,20,40,80,20,158223,9,55,83,79,8,,,html-keyboard-response,74,2.1.0,225693422,40,0,0_0_0_1_2_1_1_2_2_3_3_3_4_4_4_5_5_5_6_6_6_7_7_7_8_8_8_9_9_9_0_0_3_3_4_4_6_6_8_8,64_70_96_89_100_81_21_54_14_61_75_67_76_100_97_100_35_48_39_100_100_48_64_19_63_94_25_52_10_30_52_10_100_57_33_100_99_59_100_94,ExploreTrial,0.5,2,2,12,0,0,,0,0,0.0,0.0,0.0,observe_click,9,41,10,41,,,true,,,,0.36765536723163844,-OgUZR8AOl-l6WOVYCXF,10,1
9,16138,0,0,100,0,100,141018,10,89,95,89,5,,,html-keyboard-response,82,2.1.0,225882356,40,0,0_0_1_1_1_2_2_2_3_3_3_4_4_4_5_5_5_6_6_6_7_7_7_8_8_8_9_9_10_10_10_1_1_3_3_5_5_6_6_5,10_10_100_99_10_95_22_12_90_62_91_83_69_33_98_100_55_100_86_100_56_36_21_26_84_20_10_33_79_100_77_75_72_99_67_100_100_70_76_87,ExploreTrial,0.5,2,2,12,0,0,,0,0,0.0,0.0,0.0,observe_click,9,41,10,41,,,true,,,,0.34332460732984293,-OgUZR8AOl-l6WOVYCXF,10,0
10,18596,0,0,100,0,100,141173,10,86,90,86,6,,,html-keyboard-response,90,2.1.0,226047638,40,0,0_0_1_1_1_2_2_2_3_3_4_4_4_5_5_6_6_6_7_7_7_8_8_9_9_9_10_10_10_1_1_2_2_4_4_6_6_10_10_6,14_10_100_76_79_74_88_79_65_45_100_99_100_10_49_91_100_70_65_60_10_30_43_85_33_28_100_58_100_75_100_10_85_47_10_100_100_59_84_10,ExploreTrial,0.5,2,2,12,0,0,,0,0,0.0,0.0,0.0,observe_click,9,41,10,41,,,true,,,,0.35907960199004973,-OgUZR8AOl-l6WOVYCXF,10,0
11,10709,100,0,0,100,0,125564,10,52,97,97,10,,,html-keyboard-response,98,2.1.0,226198599,40,0,0_0_1_1_1_2_2_2_3_3_3_4_4_4_5_5_6_6_7_7_7_8_8_8_9_9_9_10_10_10_1_1_2_2_7_7_8_8_10_10,35_23_94_65_100_67_100_82_42_100_31_83_67_10_10_55_10_10_100_100_100_100_93_10_93_39_10_100_99_74_10_90_84_10_36_100_100_17_72_100,ExploreTrial,0.5,2,2,12,0,0,,0,0,0.0,0.0,0.0,observe_click,9,41,10,41,,,true,,,,0.35619047619047617,-OgUZR8AOl-l6WOVYCXF,9,-1
12,23496,20,0,60,40,60,161410,9,74,96,86,4,,,html-keyboard-response,106,2.1.0,226383069,40,0,0_0_0_1_1_1_2_2_2_3_3_3_4_4_4_5_5_6_6_6_7_7_7_8_8_9_9_9_0_0_1_1_2_2_3_3_4_4_9_9,10_100_100_100_81_33_84_100_82_88_83_67_100_52_100_10_14_50_97_20_100_42_10_10_10_100_100_100_79_70_100_100_80_10_10_95_100_100_23_41,ExploreTrial,0.5,2,2,13,0,0,,0,0,0.0,0.0,0.0,observe_click,9,41,10,41,,,true,,,,0.4190625,-OgUZR8AOl-l6WOVYCXF,,
0,38526,30,0,85,39,28,135552,18,77,93,90,2,,,html-keyboard-response,5,2.1.0,5095988,40,0,0_0_1_2_3_4_5_6_7_8_9_10_11_12_13_14_0_2_3_10_13_2_3_15_16_17_18_8_5_5_2_13_13_3_3_2_2_2_2_2,32_100_13_100_100_44_89_52_10_90_10_100_30_62_100_57_23_100_100_50_64_57_45_26_82_40_76_59_100_41_100_100_37_90_24_97_100_10_100_100,ExploreTrial,0.5,2,2,12,0,0,,0,0,0.0,0.0,0.0,observe_click,5,41,6,98,,,true,,,,0.44454887218045114,-OgUrMGAalT0sAIvdCvD,19,1
1,26546,94,0,6,82,71,117330,19,91,94,94,0,,,html-keyboard-response,13,2.1.0,5265189,40,0,0_1_2_3_4_5_6_7_8_9_10_11_12_13_14_0_1_3_5_11_10_8_5_0_0_10_0_15_16_17_18_19_0_19_18_15_15_15_5_5,100_100_60_100_27_100_25_10_90_74_94_100_10_34_21_100_85_11_100_68_100_10_24_100_55_24_57_79_10_31_77_86_67_58_34_100_58_16_100_35,ExploreTrial,0.5,2,2,12,0,0,,0,0,0.0,0.0,0.0,observe_click,5,41,6,98,,,true,,,,0.42201492537313434,-OgUrMGAalT0sAIvdCvD,14,-5
2,20875,0,6,80,25,97,69854,14,81,90,81,5,,,html-keyboard-response,21,2.1.0,5372853,40,0,0_1_2_3_4_5_6_7_8_9_10_11_12_13_14_3_5_5_9_9_9_9_9_12_12_9_14_14_5_5_5_5_5_5_5_5_5_5_5_5,10_68_52_100_51_100_58_10_19_93_27_56_88_10_84_10_93_55_93_100_49_100_12_10_41_46_85_31_100_80_74_50_95_88_72_100_73_100_58_89,ExploreTrial,0.5,2,2,12,0,0,,0,0,0.0,0.0,0.0,observe_click,5,41,6,98,,,true,,,,0.2813380281690141,-OgUrMGAalT0sAIvdCvD,4,-10
3,73845,0,38,80,17,81,60704,4,83,94,83,0,,,html-keyboard-response,34,2.1.0,5508267,40,0,0_1_2_3_4_1_1_1_1_1_0_2_3_4_0_0_1_0_0_0_0_0_0_0_0_0_0_0_0_0_0_0_0_0_0_0_0_0_0_0,11_60_10_23_18_62_93_88_75_69_100_10_68_12_98_93_26_100_84_100_100_10_45_65_100_99_100_100_84_81_86_100_81_100_74_35_100_10_100_100,ExploreTrial,0.5,2,2,12,0,0,,0,0,0.0,0.0,0.0,observe_click,5,41,6,98,,,true,,,,0.775,-OgUrMGAalT0sAIvdCvD,7,3
4,31610,0,7,77,22,78,83682,7,79,99,79,0,,,html-keyboard-response,42,2.1.0,5681028,40,0,0_1_0_0_0_0_0_0_1_2_3_4_4_4_4_3_3_2_0_5_6_7_6_6_6_6_6_0_0_0_6_6_6_6_6_6_6_6_6_0,100_55_100_100_59_92_38_10_10_20_27_91_94_10_10_83_37_21_90_64_100_42_65_100_86_13_88_98_10_32_63_95_61_49_51_10_67_16_25_10,ExploreTrial,0.5,2,2,12,0,0,,0,0,0.0,0.0,0.0,observe_click,5,41,6,98,,,true,,,,0.4317669172932331,-OgUrMGAalT0sAIvdCvD,12,5
5,16869,91,0,10,91,7,33999,12,75,96,96,5,,,html-keyboard-response,50,2.1.0,5756668,40,0,0_1_2_3_4_5_6_7_8_9_10_11_12_4_4_4_12_12_12_12_12_12_10_10_10_10_10_10_6_6_6_6_5_5_5_5_5_5_5_5,10_39_49_29_100_85_85_26_67_27_100_70_100_69_10_73_100_100_10_10_64_43_100_10_100_81_57_100_82_21_100_26_100_89_77_100_100_80_100_10,ExploreTrial,0.5,2,2,12,0,0,,0,0,0.0,0.0,0.0,observe_click,5,41,6,98,,,true,,,,0.2666083916083916,-OgUrMGAalT0sAIvdCvD,12,0
6,33881,79,0,16,38,15,50353,12,55,95,83,3,,,html-keyboard-response,58,2.1.0,5832314,40,0,0_1_2_3_4_5_6_7_8_9_10_11_12_5_12_12_12_12_12_3_3_3_3_3_0_0_0_0_3_3_0_0_3_3_3_3_6_8_10_11,71_10_67_100_27_100_61_10_57_10_34_10_100_43_20_100_56_10_10_60_100_40_100_35_100_40_64_28_100_93_28_10_63_86_35_76_45_27_20_10,ExploreTrial,0.5,2,2,12,0,0,,0,0,0.0,0.0,0.0,observe_click,5,41,6,98,,,true,,,,0.4430094786729858,-OgUrMGAalT0sAIvdCvD,10,-2
7,24038,8,30,88,22,75,31539,10,66,92,66,10,,,html-keyboard-response,66,2.1.0,5910811,40,0,0_1_2_1_1_2_0_0_0_0_0_0_0_0_0_0_0_3_4_5_6_7_7_7_7_7_7_7_8_9_10_10_10_10_10_10_10_10_10_10,45_91_54_10_10_51_51_83_100_55_43_10_69_29_22_18_100_10_10_51_11_100_44_58_33_10_10_10_29_10_100_59_28_72_26_100_10_100_34_93,ExploreTrial,0.5,2,2,12,0,0,,0,0,0.0,0.0,0.0,observe_click,5,41,6,98,,,true,,,,0.47787958115183243,-OgUrMGAalT0sAIvdCvD,9,-1
8,48604,20,0,60,30,19,54345,9,75,90,87,7,,,html-keyboard-response,74,2.1.0,5995687,40,0,0_1_2_3_4_2_2_2_2_2_5_6_7_8_9_7_7_7_7_9_9_9_9_9_9_9_7_7_7_7_7_7_7_7_9_9_9_9_7_9,10_74_100_91_10_25_69_63_58_55_10_19_85_60_100_40_75_85_90_100_85_60_46_100_39_100_92_100_11_100_10_20_26_43_24_100_50_61_100_69,ExploreTrial,0.5,2,2,12,0,0,,0,0,0.0,0.0,0.0,observe_click,5,41,6,98,,,true,,,,0.2283464566929134,-OgUrMGAalT0sAIvdCvD,4,-5
9,27248,0,5,78,8,78,45364,4,83,89,83,2,,,html-keyboard-response,82,2.1.0,6098437,40,0,0_0_0_0_1_2_3_1_1_4_4_4_4_3_3_3_2_2_2_3_3_2_2_2_2_0_2_0_2_0_2_0_2_2_2_2_2_2_2_2,100_10_53_100_81_41_10_45_31_34_91_60_37_39_76_93_63_98_86_41_58_100_100_100_13_46_100_10_95_33_100_57_59_90_100_18_100_100_47_94,ExploreTrial,0.5,2,2,12,0,0,,0,0,0.0,0.0,0.0,observe_click,5,41,6,98,,,true,,,,0.3396666666666667,-OgUrMGAalT0sAIvdCvD,3,-1
10,20214,20,0,84,17,93,46658,3,91,97,92,0,,,html-keyboard-response,90,2.1.0,6184298,40,0,0_1_2_3_3_0_1_2_0_3_0_3_0_3_0_3_0_3_0_3_0_3_3_0_3_3_0_0_3_3_3_3_0_0_0_0_0_0_0_0,93_10_13_92_100_45_33_51_53_47_100_80_94_100_100_31_100_86_20_100_65_100_30_100_81_81_100_59_91_44_98_66_100_80_100_87_100_100_72_19,ExploreTrial,0.5,2,2,12,0,0,,0,0,0.0,0.0,0.0,observe_click,5,41,6,98,,,true,,,,0.5462962962962963,-OgUrMGAalT0sAIvdCvD,4,1
11,71233,9,6,79,9,69,84196,4,88,95,88,0,,,html-keyboard-response,98,2.1.0,6299493,40,0,0_1_2_3_4_0_1_2_3_4_0_1_0_0_0_1_1_0_0_1_0_0_4_4_4_4_4_4_4_4_4_0_0_0_0_0_4_4_4_0,100_100_49_55_100_100_81_10_17_48_100_55_52_44_30_36_100_100_100_67_100_89_100_55_99_68_99_46_84_90_79_87_100_15_100_100_100_52_100_90,ExploreTrial,0.5,2,2,12,0,0,,0,0,0.0,0.0,0.0,observe_click,5,41,6,98,,,true,,,,0.5305555555555556,-OgUrMGAalT0sAIvdCvD,5,1
12,29129,78,6,68,13,83,41128,5,92,95,92,5,,,html-keyboard-response,106,2.1.0,6417874,40,0,0_1_2_3_4_1_3_1_3_3_3_1_1_1_3_3_3_3_5_3_3_5_5_5_5_5_5_5_5_5_5_5_3_3_3_3_3_3_5_5,31_100_14_98_10_45_63_94_10_95_87_50_50_50_100_100_100_64_100_52_69_100_10_100_70_100_84_77_74_10_64_82_100_55_87_85_37_68_82_98,ExploreTrial,0.5,2,2,13,0,0,,0,0,0.0,0.0,0.0,observe_click,5,41,6,98,,,true,,,,0.23778195488721804,-OgUrMGAalT0sAIvdCvD,,
0,47300,63,0,55,82,10,266689,18,79,95,95,16,,,html-keyboard-response,5,2.1.0,2381954,40,0,0_0_0_1_1_2_3_4_4_5_5_6_6_6_6_6_7_7_8_8_8_9_9_10_11_12_12_13_14_15_16_16_16_16_16_16_17_17_18_18,93_89_28_100_52_10_23_100_27_52_27_100_100_56_100_100_100_10_70_100_52_62_10_41_10_68_23_10_10_38_100_100_100_100_71_100_80_17_94_68,ExploreTrial,0.5,2,2,12,0,0,,0,0,0.0,0.0,0.0,observe_click,3,41,30,33,,,true,,,,0.35535714285714287,-OgUuT9xt4q6mndor_Qm,19,1
1,26014,81,84,15,81,7,204033,19,73,97,95,19,,,html-keyboard-response,13,2.1.0,2652738,40,0,0_0_1_1_1_1_1_2_3_3_4_5_5_5_5_6_6_7_8_9_10_11_12_13_14_14_15_16_16_16_17_17_17_18_18_19_19_19_19_19,100_38_79_100_100_82_82_17_98_10_42_100_92_89_58_100_40_26_55_41_57_10_74_42_100_44_37_100_79_31_100_100_10_80_47_100_100_89_98_88,ExploreTrial,0.5,2,2,12,0,0,,0,0,0.0,0.0,0.0,observe_click,3,41,30,33,,,true,,,,0.39119897959183675,-OgUuT9xt4q6mndor_Qm,33,14
2,15134,0,0,79,0,0,233700,33,95,95,95,32,,,html-keyboard-response,21,2.1.0,2958881,40,0,0_1_2_3_4_5_6_7_8_9_3_8_10_11_12_13_14_15_16_17_18_19_13_14_20_21_22_23_24_25_26_27_28_29_24_29_30_31_32_33,89_54_90_100_29_62_45_60_100_14_39_10_46_64_10_100_100_48_49_10_83_59_38_70_94_10_62_96_100_35_10_54_10_100_10_82_45_10_84_53,ExploreTrial,0.5,2,2,12,0,0,,0,0,0.0,0.0,0.0,observe_click,3,41,30,33,,,true,,,,0.3428680981595092,-OgUuT9xt4q6mndor_Qm,31,-2
3,25682,66,10,17,86,0,112975,31,85,90,90,22,,,html-keyboard-response,34,2.1.0,3147212,40,0,0_1_2_3_4_5_6_7_8_9_9_10_11_12_13_14_15_16_17_18_19_12_13_13_20_21_22_23_24_25_26_27_28_29_22_23_22_23_30_31,79_10_51_52_54_10_61_10_45_100_78_79_43_100_100_70_10_10_27_78_17_100_57_11_100_82_100_100_36_50_21_58_49_46_100_100_94_10_34_10,ExploreTrial,0.5,2,2,12,0,0,,0,0,0.0,0.0,0.0,observe_click,3,41,30,33,,,true,,,,0.3141785150078989,-OgUuT9xt4q6mndor_Qm,30,-1
4,16389,59,0,0,91,0,177983,30,66,92,92,11,,,html-keyboard-response,42,2.1.0,3368826,40,0,0_1_2_3_4_0_1_5_6_7_8_9_9_9_10_11_12_13_14_15_11_14_16_17_18_19_20_21_22_23_20_18_24_25_26_27_28_29_18_30,100_74_17_54_18_22_41_40_27_23_62_100_100_77_38_100_51_72_100_76_90_45_57_10_95_15_96_73_43_10_76_100_10_10_41_23_71_77_54_95,ExploreTrial,0.5,2,2,12,0,0,,0,0,0.0,0.0,0.0,observe_click,3,41,30,33,,,true,,,,0.35314159292035396,-OgUuT9xt4q6mndor_Qm,39,9
5,23575,0,0,0,49,0,84109,39,61,91,91,36,,,html-keyboard-response,50,2.1.0,3487016,40,0,0_1_2_3_4_5_6_7_8_9_10_11_12_13_14_15_16_17_18_19_20_21_22_23_24_25_26_27_28_29_30_31_32_33_34_35_36_37_38_39,10_76_10_36_41_96_25_34_100_100_58_59_73_98_37_21_10_100_13_45_70_100_10_44_100_88_55_100_16_53_36_96_34_25_10_72_100_11_10_32,ExploreTrial,0.5,2,2,12,0,0,,0,0,0.0,0.0,0.0,observe_click,3,41,30,33,,,true,,,,0.3416666666666667,-OgUuT9xt4q6mndor_Qm,31,-8
6,27590,39,0,15,19,0,136844,31,77,94,94,23,,,html-keyboard-response,58,2.1.0,3681191,40,0,0_0_1_2_2_3_4_4_5_6_7_8_9_10_11_12_13_14_15_16_17_18_18_19_20_21_22_23_23_23_24_25_26_27_28_28_29_29_30_31,90_10_35_100_76_10_100_45_21_51_15_46_10_10_10_67_76_52_49_61_77_100_26_29_77_54_44_100_100_99_10_23_77_54_100_43_84_10_10_10,ExploreTrial,0.5,2,2,12,0,0,,0,0,0.0,0.0,0.0,observe_click,3,41,30,33,,,true,,,,0.3575040128410915,-OgUuT9xt4q6mndor_Qm,31,0
7,25845,17,0,21,73,0,88315,31,89,92,92,1,,,html-keyboard-response,66,2.1.0,3832626,40,0,0_1_2_3_4_5_6_7_1_2_7_8_9_10_11_12_13_14_15_10_14_16_17_18_19_20_21_22_23_24_25_26_27_28_29_30_31_1_1_1,52_100_100_36_71_75_10_100_100_10_65_10_91_100_71_33_78_100_75_100_24_11_85_37_91_98_10_80_58_10_18_25_63_18_53_13_28_100_100_58,ExploreTrial,0.5,2,2,12,0,0,,0,0,0.0,0.0,0.0,observe_click,3,41,30,33,,,true,,,,0.4120544090056285,-OgUuT9xt4q6mndor_Qm,31,0
8,14191,21,0,13,67,0,65956,31,87,99,99,5,,,html-keyboard-response,74,2.1.0,3935544,40,0,0_1_2_3_4_5_6_7_8_9_10_11_12_13_14_15_10_4_16_17_18_19_20_21_22_23_22_17_22_4_24_25_26_27_28_29_30_31_31_22,38_46_10_77_100_76_39_91_63_47_100_10_30_46_10_24_10_100_79_100_51_60_71_10_100_67_100_54_89_10_49_38_68_24_51_10_62_100_50_10,ExploreTrial,0.5,2,2,12,0,0,,0,0,0.0,0.0,0.0,observe_click,3,41,30,33,,,true,,,,0.33781847133757964,-OgUuT9xt4q6mndor_Qm,18,-13
9,27445,17,0,12,77,0,94157,18,53,93,93,18,,,html-keyboard-response,82,2.1.0,4077779,40,0,0_1_2_2_0_3_4_5_6_7_6_8_9_10_11_12_13_14_15_9_9_9_6_6_6_10_10_10_10_10_10_16_16_16_17_17_17_17_18_18,100_61_100_10_59_47_83_77_90_47_100_38_100_89_10_69_17_78_78_100_100_52_81_61_10_100_100_70_77_97_10_81_45_100_100_95_83_20_100_90,ExploreTrial,0.5,2,2,12,0,0,,0,0,0.0,0.0,0.0,observe_click,3,41,30,33,,,true,,,,0.3098051948051948,-OgUuT9xt4q6mndor_Qm,27,9
10,19914,20,0,11,59,2,57572,27,84,85,85,10,,,html-keyboard-response,90,2.1.0,4171144,40,0,0_1_2_3_4_5_6_7_8_9_10_11_12_13_14_15_5_10_10_16_17_18_19_20_21_22_23_18_16_16_16_16_23_23_24_25_26_27_27_16,100_19_15_54_10_85_10_72_68_67_73_10_48_51_10_10_43_88_100_100_44_100_14_10_12_64_100_74_100_92_63_100_78_35_18_98_100_99_10_14,ExploreTrial,0.5,2,2,12,0,0,,0,0,0.0,0.0,0.0,observe_click,3,41,30,33,,,true,,,,0.30374564459930314,-OgUuT9xt4q6mndor_Qm,28,1
11,19806,59,0,6,87,0,50466,28,32,94,94,19,,,html-keyboard-response,98,2.1.0,4251282,40,0,0_1_0_1_2_3_4_5_6_7_8_9_10_11_12_13_14_15_4_16_12_6_7_7_17_18_19_20_21_22_23_24_25_26_27_22_22_24_22_28,93_100_10_10_100_15_10_34_12_87_10_40_78_58_10_42_10_40_100_81_16_88_81_46_11_17_100_100_100_100_80_100_94_66_49_100_97_10_68_10,ExploreTrial,0.5,2,2,12,0,0,,0,0,0.0,0.0,0.0,observe_click,3,41,30,33,,,true,,,,0.3697467166979362,-OgUuT9xt4q6mndor_Qm,29,1
12,18002,28,0,13,43,0,70502,29,54,88,88,25,,,html-keyboard-response,106,2.1.0,4356274,40,0,0_1_2_3_4_5_6_7_4_3_8_9_10_11_12_13_14_15_14_13_16_17_18_19_20_21_22_23_18_18_24_25_26_27_28_29_27_24_24_3,10_28_26_82_97_18_43_60_95_100_86_93_10_91_65_100_100_68_45_42_38_74_100_10_56_10_44_50_100_10_100_98_15_100_35_41_10_100_46_33,ExploreTrial,0.5,2,2,13,0,0,,0,0,0.0,0.0,0.0,observe_click,3,41,30,33,,,true,,,,0.3414665523156089,-OgUuT9xt4q6mndor_Qm,,
0,26951,15,66,21,59,15,164796,17,64,84,80,9,,,html-keyboard-response,5,2.1.0,12276108,40,0,0_1_2_3_4_5_6_7_8_9_4_4_5_7_8_9_4_4_4_5_7_7_3_3_9_9_9_9_9_10_11_12_13_14_15_16_17_17_17_17,59_64_10_81_100_100_51_100_100_100_100_100_88_92_59_84_10_10_10_10_37_57_37_15_100_96_10_10_49_36_10_23_61_10_66_10_100_25_99_41,ExploreTrial,0.5,2,2,12,0,0,,0,0,0.0,0.0,0.0,observe_click,10,41,11,70,,,true,,,,0.3273219814241486,-OgVnCNVuoGy_yzrsEoq,16,-1
1,14651,0,0,46,35,64,122940,16,74,96,96,3,,,html-keyboard-response,13,2.1.0,12458966,40,0,0_1_2_3_3_3_3_3_3_3_4_2_1_0_4_5_6_7_8_5_8_8_9_10_11_12_13_14_13_13_15_16_16_16_16_16_16_3_3_3,98_34_51_100_10_100_96_100_90_100_36_100_54_58_73_91_65_10_100_52_100_33_71_18_54_72_94_10_100_56_75_98_100_81_100_77_91_100_100_42,ExploreTrial,0.5,2,2,12,0,0,,0,0,0.0,0.0,0.0,observe_click,10,41,11,70,,,true,,,,0.406986531986532,-OgVnCNVuoGy_yzrsEoq,10,-6
2,16536,67,17,0,67,72,160384,10,58,93,93,0,,,html-keyboard-response,21,2.1.0,12647273,40,0,0_0_0_0_1_2_2_2_3_3_1_4_4_5_5_5_5_6_6_6_6_7_8_7_7_7_7_8_8_8_8_9_9_10_10_10_10_10_10_0,100_100_80_79_39_100_80_66_66_10_69_94_78_100_57_100_10_100_86_10_16_27_83_92_100_100_70_100_63_100_14_24_75_50_100_74_100_93_97_86,ExploreTrial,0.5,2,2,12,0,0,,0,0,0.0,0.0,0.0,observe_click,10,41,11,70,,,true,,,,0.3434931506849315,-OgVnCNVuoGy_yzrsEoq,10,0
3,15094,0,18,83,31,65,217013,10,90,95,90,2,,,html-keyboard-response,34,2.1.0,12937387,40,0,0_0_1_1_2_2_2_2_3_3_3_4_4_5_5_5_5_6_6_7_7_7_6_8_8_9_9_8_0_0_4_2_2_2_2_2_10_10_5_2,13_23_10_64_100_62_100_84_100_10_21_10_10_74_100_96_21_16_100_10_100_39_59_45_71_49_35_10_100_29_65_100_100_100_73_70_91_34_74_100,ExploreTrial,0.5,2,2,12,0,0,,0,0,0.0,0.0,0.0,observe_click,10,41,11,70,,,true,,,,0.388905325443787,-OgVnCNVuoGy_yzrsEoq,16,6
4,46278,24,0,30,62,15,179578,16,80,96,96,13,,,html-keyboard-response,42,2.1.0,13156052,40,0,0_0_1_1_2_2_3_3_4_5_6_6_7_8_8_9_10_11_11_12_12_12_13_13_13_13_14_15_15_16_13_13_13_13_13_13_13_13_13_13,100_10_61_34_11_10_19_34_14_10_63_40_10_100_48_10_59_100_50_100_100_41_100_82_75_100_13_99_45_21_87_100_100_37_83_100_100_100_100_100,ExploreTrial,0.5,2,2,12,0,0,,0,0,0.0,0.0,0.0,observe_click,10,41,11,70,,,true,,,,0.279,-OgVnCNVuoGy_yzrsEoq,14,-2
5,24042,0,0,97,0,97,188778,14,98,98,98,4,,,html-keyboard-response,50,2.1.0,13417391,40,0,0_0_0_1_2_1_3_1_2_3_4_4_4_5_5_5_6_7_7_7_8_9_9_10_10_11_12_13_13_14_14_4_1_4_4_4_4_4_4_1,86_39_70_80_55_100_47_60_40_56_100_100_69_99_51_10_23_44_44_12_17_64_34_95_10_10_10_84_10_73_36_96_83_100_100_72_25_63_100_68,ExploreTrial,0.5,2,2,12,0,0,,0,0,0.0,0.0,0.0,observe_click,10,41,11,70,,,true,,,,0.41045454545454546,-OgVnCNVuoGy_yzrsEoq,13,-1
6,17325,15,0,24,61,0,138285,13,77,94,94,13,,,html-keyboard-response,58,2.1.0,13595540,40,0,0_1_1_1_1_1_2_2_2_3_3_3_3_4_4_5_6_6_5_6_7_8_8_8_9_10_10_9_11_11_11_12_13_13_13_13_13_13_13_13,10_100_64_96_100_51_45_100_61_44_100_100_49_65_59_48_100_53_26_55_27_74_80_13_41_70_10_21_89_100_35_33_98_100_100_92_100_100_64_100,ExploreTrial,0.5,2,2,12,0,0,,0,0,0.0,0.0,0.0,observe_click,10,41,11,70,,,true,,,,0.3661552346570397,-OgVnCNVuoGy_yzrsEoq,19,6
7,19501,78,0,0,60,0,186278,19,55,88,88,11,,,html-keyboard-response,66,2.1.0,13822944,40,0,0_1_2_1_1_3_4_5_5_6_6_6_7_8_9_10_11_11_11_12_12_13_13_14_14_15_15_15_16_17_17_18_18_19_19_19_15_1_11_11,10_95_10_10_55_10_37_100_35_71_71_10_15_29_33_32_100_68_10_83_34_63_10_71_10_50_77_72_10_63_46_87_10_100_10_32_10_46_97_77,ExploreTrial,0.5,2,2,12,0,0,,0,0,0.0,0.0,0.0,observe_click,10,41,11,70,,,true,,,,0.32378345498783456,-OgVnCNVuoGy_yzrsEoq,9,-10
8,13730,23,0,37,71,13,136843,9,78,91,91,4,,,html-keyboard-response,74,2.1.0,13989715,40,0,0_0_0_0_1_1_2_2_2_3_3_4_4_4_4_5_5_6_6_6_7_7_7_7_4_8_8_8_8_8_8_8_4_4_4_8_9_9_9_4,50_100_10_77_10_45_94_72_36_46_24_100_67_73_100_60_10_31_86_48_10_100_100_13_100_100_41_100_100_100_55_78_82_97_74_61_100_100_23_100,ExploreTrial,0.5,2,2,12,0,0,,0,0,0.0,0.0,0.0,observe_click,10,41,11,70,,,true,,,,0.3232233502538071,-OgVnCNVuoGy_yzrsEoq,11,2
9,15755,37,15,16,79,0,135690,11,74,93,82,6,,,html-keyboard-response,82,2.1.0,14198365,40,0,0_0_0_1_1_2_3_2_3_4_4_5_5_6_6_6_6_6_6_7_8_8_8_9_10_11_11_11_11_11_11_11_11_6_6_6_6_11_6_6,100_10_10_11_31_20_10_10_39_87_16_59_10_100_86_57_100_86_39_10_76_75_23_34_57_100_100_100_100_64_20_100_57_100_62_77_100_10_15_38,ExploreTrial,0.5,2,2,12,0,0,,0,0,0.0,0.0,0.0,observe_click,10,41,11,70,,,true,,,,0.30906374501992034,-OgVnCNVuoGy_yzrsEoq,12,1
10,22757,0,0,77,0,95,131333,12,92,92,92,12,,,html-keyboard-response,90,2.1.0,14386581,40,0,0_0_1_1_1_1_2_2_3_4_4_4_5_6_7_8_8_8_9_10_11_11_11_11_11_12_12_12_12_12_12_12_12_12_8_7_12_12_1_12,10_50_10_100_10_91_57_54_14_90_84_48_10_44_62_89_37_86_10_10_75_94_100_10_52_100_98_85_66_99_63_45_100_100_34_10_48_56_63_100,ExploreTrial,0.5,2,2,12,0,0,,0,0,0.0,0.0,0.0,observe_click,10,41,11,70,,,true,,,,0.32516722408026755,-OgVnCNVuoGy_yzrsEoq,14,2
11,20941,0,59,54,60,50,130396,14,80,95,80,6,,,html-keyboard-response,98,2.1.0,14549768,40,0,0_1_1_1_2_2_3_3_3_4_5_4_4_4_4_2_1_6_6_6_6_6_6_7_7_7_8_9_10_10_10_10_11_11_11_12_13_14_6_10,23_100_79_24_73_60_88_82_10_40_10_77_33_88_52_75_10_100_10_100_76_81_21_60_100_10_10_34_97_52_83_10_59_64_20_10_10_10_94_31,ExploreTrial,0.5,2,2,12,0,0,,0,0,0.0,0.0,0.0,observe_click,10,41,11,70,,,true,,,,0.3439024390243902,-OgVnCNVuoGy_yzrsEoq,10,-4
12,35211,58,0,17,84,24,123150,10,70,90,90,10,,,html-keyboard-response,106,2.1.0,14705317,40,0,0_0_0_1_1_1_1_2_2_3_4_5_5_6_7_6_8_9_10_10_10_1_1_0_0_1_7_8_9_10_10_10_10_10_10_10_10_10_10_10,100_33_77_48_85_100_95_83_10_23_13_65_10_77_18_15_12_10_75_56_70_82_37_45_15_39_10_14_35_100_100_71_82_100_77_56_38_100_100_70,ExploreTrial,0.5,2,2,13,0,0,,0,0,0.0,0.0,0.0,observe_click,10,41,11,70,,,true,,,,0.3918859649122807,-OgVnCNVuoGy_yzrsEoq,,
0,30971,21,0,40,98,13,182729,33,68,84,84,5,,,html-keyboard-response,5,2.1.0,569873,40,0,0_1_2_3_4_5_6_7_8_9_10_11_12_13_14_15_14_0_2_16_17_18_19_20_21_22_23_24_25_5_21_26_27_28_29_30_31_32_33_1,10_57_10_70_10_100_48_20_38_55_51_18_77_12_98_54_22_21_81_10_78_17_59_24_100_42_10_10_74_100_54_42_10_50_10_79_65_15_21_10,ExploreTrial,0.5,2,2,12,0,0,,0,0,0.0,0.0,0.0,observe_click,12,41,15,100,,,true,,,,0.385182119205298,-OgVnkpN1WHR2Pb9PzIf,11,-22
1,22473,0,89,18,80,34,345675,11,91,94,91,10,,,html-keyboard-response,13,2.1.0,970225,40,0,0_1_2_3_4_5_6_7_8_9_0_1_2_3_4_5_6_7_8_9_0_2_3_6_7_2_3_6_7_2_6_7_2_6_10_11_10_11_10_10,53_10_37_100_53_20_82_72_11_10_41_71_100_10_10_31_20_72_54_70_10_69_100_100_73_45_10_100_46_94_82_65_100_62_77_10_100_100_83_100,ExploreTrial,0.5,2,2,12,0,0,,0,0,0.0,0.0,0.0,observe_click,12,41,15,100,,,true,,,,0.3531990521327014,-OgVnkpN1WHR2Pb9PzIf,16,5
2,17327,95,10,23,22,8,187197,16,77,91,91,9,,,html-keyboard-response,21,2.1.0,1202431,40,0,0_1_2_3_4_5_6_7_8_9_10_11_12_13_14_0_1_2_3_4_5_6_7_8_9_10_11_12_13_14_9_10_12_15_16_9_12_12_9_13,13_10_10_23_10_42_51_100_23_100_100_100_100_100_31_42_69_21_34_43_10_51_18_57_100_71_10_100_42_44_96_46_100_31_31_100_39_100_83_100,ExploreTrial,0.5,2,2,12,0,0,,0,0,0.0,0.0,0.0,observe_click,12,41,15,100,,,true,,,,0.30894495412844036,-OgVnkpN1WHR2Pb9PzIf,15,-1
3,17186,90,14,7,13,13,171705,15,76,96,96,1,,,html-keyboard-response,34,2.1.0,1454558,40,0,0_1_2_3_4_5_6_7_8_9_10_11_12_0_1_2_3_4_5_6_7_8_9_10_11_12_1_5_6_1_5_6_13_14_15_13_14_14_14_6,60_100_10_58_53_31_100_10_10_35_10_24_10_47_77_66_13_10_91_56_10_71_10_49_83_10_100_100_79_100_77_100_66_100_46_10_100_14_38_84,ExploreTrial,0.5,2,2,12,0,0,,0,0,0.0,0.0,0.0,observe_click,12,41,15,100,,,true,,,,0.36351590106007065,-OgVnkpN1WHR2Pb9PzIf,15,0
4,11061,45,47,42,43,51,235628,15,78,98,86,8,,,html-keyboard-response,42,2.1.0,1724978,40,0,0_1_2_3_4_5_6_7_8_9_10_11_12_2_3_6_7_8_10_12_3_6_12_10_8_6_8_10_12_13_14_15_13_15_13_15_13_15_15_8,10_16_62_100_10_10_100_56_100_38_100_45_85_37_22_67_27_98_83_100_63_82_54_64_54_28_100_63_10_100_13_82_10_100_92_52_71_79_61_46,ExploreTrial,0.5,2,2,12,0,0,,0,0,0.0,0.0,0.0,observe_click,12,41,15,100,,,true,,,,0.2834285714285714,-OgVnkpN1WHR2Pb9PzIf,20,5
5,14995,25,95,21,98,18,179484,20,44,97,79,4,,,html-keyboard-response,50,2.1.0,1929778,40,0,0_1_2_3_4_5_6_7_8_9_10_11_12_13_14_15_16_17_18_19_0_2_4_5_6_9_12_13_14_18_2_4_9_12_12_14_18_20_20_9,93_64_80_10_100_86_69_10_29_87_55_10_73_67_92_59_10_23_81_19_10_77_96_10_10_100_100_10_55_77_21_38_50_10_38_68_39_55_16_10,ExploreTrial,0.5,2,2,12,0,0,,0,0,0.0,0.0,0.0,observe_click,12,41,15,100,,,true,,,,0.34561068702290076,-OgVnkpN1WHR2Pb9PzIf,24,4
6,12473,48,48,49,48,48,116403,24,85,92,92,12,,,html-keyboard-response,58,2.1.0,2074093,40,0,0_1_2_3_4_5_6_7_8_9_10_11_12_13_14_15_16_17_18_19_8_12_14_15_14_12_8_8_12_14_12_14_20_21_22_23_24_14_12_12,48_30_76_10_10_51_10_15_100_79_15_54_100_10_100_100_63_73_10_28_79_100_100_54_70_100_94_38_81_69_100_99_10_51_44_10_10_100_73_100,ExploreTrial,0.5,2,2,12,0,0,,0,0,0.0,0.0,0.0,observe_click,12,41,15,100,,,true,,,,0.2745841995841996,-OgVnkpN1WHR2Pb9PzIf,24,0
7,10830,43,50,47,49,45,112947,24,97,98,98,24,,,html-keyboard-response,66,2.1.0,2216413,40,0,0_1_2_3_4_5_6_7_8_9_10_11_12_13_14_15_16_17_18_19_0_3_13_14_16_0_3_16_3_16_20_21_22_23_21_22_23_24_2_24,100_10_53_100_10_10_43_60_57_21_10_10_13_100_100_31_88_45_31_56_98_100_10_10_100_10_82_100_100_78_55_100_100_100_53_37_43_94_29_89,ExploreTrial,0.5,2,2,12,0,0,,0,0,0.0,0.0,0.0,observe_click,12,41,15,100,,,true,,,,0.37615546218487395,-OgVnkpN1WHR2Pb9PzIf,19,-5
8,10607,45,48,47,47,48,165068,19,62,97,78,8,,,html-keyboard-response,74,2.1.0,2402659,40,0,0_1_2_3_4_5_6_7_8_9_10_11_12_13_14_15_16_17_18_19_0_4_7_8_9_0_4_7_8_9_4_7_8_9_7_8_9_8_9_9,85_10_13_12_94_62_10_100_100_97_23_14_10_62_10_53_67_62_71_10_73_99_100_90_42_10_10_10_10_65_75_100_100_100_70_68_88_85_100_50,ExploreTrial,0.5,2,2,12,0,0,,0,0,0.0,0.0,0.0,observe_click,12,41,15,100,,,true,,,,0.32299382716049385,-OgVnkpN1WHR2Pb9PzIf,19,0
9,10431,50,49,51,49,51,122047,19,63,94,94,5,,,html-keyboard-response,82,2.1.0,2548826,40,0,0_0_0_1_2_3_4_5_6_7_8_9_10_11_12_13_14_15_16_17_18_19_3_4_5_9_13_15_4_5_9_13_15_5_9_13_15_5_15_5,43_82_32_37_57_82_100_89_45_45_46_85_10_21_66_81_56_100_26_34_33_66_25_10_100_79_100_100_18_83_23_55_59_95_10_10_72_57_32_100,ExploreTrial,0.5,2,2,12,0,0,,0,0,0.0,0.0,0.0,observe_click,12,41,15,100,,,true,,,,0.3546875,-OgVnkpN1WHR2Pb9PzIf,14,-5
10,13497,23,25,59,0,98,187179,14,92,92,92,8,,,html-keyboard-response,90,2.1.0,2759339,40,0,0_1_2_3_4_5_6_7_8_9_10_11_12_13_14_0_1_2_3_4_5_6_7_14_13_12_11_10_9_8_1_3_6_8_10_11_12_6_8_11,10_31_13_100_60_79_100_16_80_49_77_100_28_90_58_80_100_58_52_51_10_54_26_10_10_100_13_100_45_100_49_10_95_100_66_97_22_40_100_70,ExploreTrial,0.5,2,2,12,0,0,,0,0,0.0,0.0,0.0,observe_click,12,41,15,100,,,true,,,,0.33181818181818185,-OgVnkpN1WHR2Pb9PzIf,19,5
11,12230,55,52,53,53,53,143250,19,69,90,85,18,,,html-keyboard-response,98,2.1.0,2926500,40,0,0_1_2_3_4_5_6_7_8_9_10_11_12_13_14_15_16_17_18_19_1_3_8_11_12_13_18_3_8_11_12_13_18_3_8_11_13_18_13_18,10_47_10_100_38_17_48_12_100_10_10_100_83_81_46_10_55_49_86_32_10_100_100_37_58_100_65_100_10_100_40_70_79_19_10_10_50_100_14_50,ExploreTrial,0.5,2,2,12,0,0,,0,0,0.0,0.0,0.0,observe_click,12,41,15,100,,,true,,,,0.31080246913580245,-OgVnkpN1WHR2Pb9PzIf,14,-5
12,10171,49,55,49,50,50,201733,14,82,87,82,1,,,html-keyboard-response,106,2.1.0,3152749,40,0,0_1_2_3_4_5_6_7_8_9_10_11_12_13_14_0_1_3_7_11_13_0_1_3_12_13_1_3_12_13_1_3_12_13_1_3_12_13_1_12,100_83_10_100_26_10_10_61_35_55_10_84_100_100_10_51_100_90_58_50_32_55_96_100_86_80_93_100_100_100_100_82_10_76_100_68_100_48_100_100,ExploreTrial,0.5,2,2,13,0,0,,0,0,0.0,0.0,0.0,observe_click,12,41,15,100,,,true,,,,0.416635687732342,-OgVnkpN1WHR2Pb9PzIf,,
0,18775,0,0,100,0,100,152242,19,96,96,96,4,,,html-keyboard-response,5,2.1.0,4638014,40,0,0_1_2_3_4_5_6_7_8_9_10_11_12_13_14_15_16_17_18_19_4_5_10_16_1_1_4_5_19_19_19_4_4_4_4_4_4_4_4_4,10_100_62_67_100_82_10_46_52_10_100_29_60_69_22_15_100_20_15_71_100_100_10_10_100_44_70_30_100_100_21_100_100_100_100_94_100_100_73_100,ExploreTrial,0.5,2,2,12,0,0,,0,0,0.0,0.0,0.0,observe_click,7,41,26,100,,,true,,,,0.40022796352583584,-OgWdLy6hb3SUlhP_1_f,28,9
1,10087,0,0,100,0,100,116901,28,94,94,94,14,,,html-keyboard-response,13,2.1.0,4782182,40,0,0_1_2_3_4_5_6_7_8_9_10_11_12_13_14_15_16_17_18_19_4_6_12_14_17_19_12_14_14_20_20_21_22_23_24_25_26_27_28_28,10_71_58_64_80_67_100_67_10_10_24_60_71_44_70_51_10_88_10_97_35_46_100_100_68_47_46_88_100_97_10_10_41_38_10_51_10_62_97_10,ExploreTrial,0.5,2,2,12,0,0,,0,0,0.0,0.0,0.0,observe_click,7,41,26,100,,,true,,,,0.3189929328621908,-OgWdLy6hb3SUlhP_1_f,26,-2
2,18080,0,28,83,13,87,86491,26,93,98,93,15,,,html-keyboard-response,21,2.1.0,4884151,40,0,0_1_2_3_4_5_6_7_8_9_10_11_12_13_14_15_16_17_18_19_2_2_7_11_12_13_15_15_15_16_16_20_21_22_23_22_22_24_25_26,48_56_100_31_51_23_74_100_61_10_52_100_90_100_48_100_100_46_10_10_83_10_10_42_10_48_100_100_55_100_54_69_55_88_62_74_68_62_40_100,ExploreTrial,0.5,2,2,12,0,0,,0,0,0.0,0.0,0.0,observe_click,7,41,26,100,,,true,,,,0.32153179190751446,-OgWdLy6hb3SUlhP_1_f,24,-2
3,27338,63,9,47,38,49,96924,24,90,92,92,6,,,html-keyboard-response,34,2.1.0,5035037,40,0,0_1_2_3_4_5_6_7_8_9_10_11_12_13_14_15_16_17_18_19_3_6_6_6_6_10_13_12_9_20_20_21_21_22_23_23_6_24_6_6,13_48_77_100_87_83_100_49_65_86_100_10_91_100_73_10_10_61_10_41_15_100_100_100_25_35_58_20_10_100_63_100_29_10_100_29_100_34_64_64,ExploreTrial,0.5,2,2,12,0,0,,0,0,0.0,0.0,0.0,observe_click,7,41,26,100,,,true,,,,0.34586092715231787,-OgWdLy6hb3SUlhP_1_f,22,-2
4,14119,75,69,0,98,0,93400,22,44,87,87,11,,,html-keyboard-response,42,2.1.0,5166203,40,0,0_0_1_2_3_4_5_6_7_8_9_10_11_12_0_2_8_9_11_13_14_15_16_17_13_13_16_18_19_20_20_20_21_22_21_22_2_11_11_11,94_95_59_82_31_20_50_10_38_100_100_10_100_10_19_65_40_56_65_100_10_10_100_10_73_10_16_33_37_100_100_28_74_100_10_10_62_64_86_65,ExploreTrial,0.5,2,2,12,0,0,,0,0,0.0,0.0,0.0,observe_click,7,41,26,100,,,true,,,,0.3520880361173815,-OgWdLy6hb3SUlhP_1_f,19,-3
5,19506,78,36,50,46,59,79809,19,85,96,96,14,,,html-keyboard-response,50,2.1.0,5267181,40,0,0_1_2_3_4_5_6_7_8_9_10_11_12_13_14_15_16_17_18_19_4_16_16_16_16_16_18_10_10_10_14_14_14_14_14_14_14_14_14_15,10_37_42_42_100_53_57_53_59_10_84_59_10_41_100_100_95_46_100_68_44_96_72_90_100_56_21_56_100_41_100_93_100_28_77_82_100_74_34_34,ExploreTrial,0.5,2,2,12,0,0,,0,0,0.0,0.0,0.0,observe_click,7,41,26,100,,,true,,,,0.2394708423326134,-OgWdLy6hb3SUlhP_1_f,15,-4
6,21276,79,64,36,79,34,110717,15,68,88,83,14,,,html-keyboard-response,58,2.1.0,5407282,40,0,0_1_2_3_4_5_6_7_8_9_10_11_12_13_14_3_6_6_7_7_8_10_12_13_13_13_14_14_14_15_15_13_2_14_14_14_14_14_13_14,26_55_78_100_18_78_96_70_71_10_75_27_100_100_98_33_100_10_100_17_22_44_10_100_100_70_96_96_49_92_45_28_39_100_100_82_29_54_47_100,ExploreTrial,0.5,2,2,12,0,0,,0,0,0.0,0.0,0.0,observe_click,7,41,26,100,,,true,,,,0.25936692506459946,-OgWdLy6hb3SUlhP_1_f,9,-6
7,14294,0,0,95,99,45,189848,9,71,97,95,1,,,html-keyboard-response,66,2.1.0,5626193,40,0,0_0_1_2_3_4_5_6_7_8_9_9_8_7_5_4_3_2_1_0_9_7_3_2_1_5_0_7_7_4_5_3_0_1_1_1_9_7_7_7,100_65_50_72_60_15_57_10_100_10_100_60_10_49_44_100_81_15_74_73_29_100_50_71_70_65_84_100_55_36_64_48_10_100_51_98_10_42_100_32,ExploreTrial,0.5,2,2,12,0,0,,0,0,0.0,0.0,0.0,observe_click,7,41,26,100,,,true,,,,0.40294117647058825,-OgWdLy6hb3SUlhP_1_f,14,5
8,16609,75,74,16,82,17,130833,14,66,96,89,9,,,html-keyboard-response,74,2.1.0,5779998,40,0,0_1_2_3_4_5_6_7_8_9_10_11_12_13_14_1_1_2_2_2_3_3_7_8_8_10_10_11_11_13_13_7_9_9_9_1_1_1_9_1,10_100_79_85_10_10_10_62_86_52_91_100_10_100_47_69_77_100_100_47_90_59_10_91_42_10_51_36_75_10_10_72_100_94_77_35_98_100_82_10,ExploreTrial,0.5,2,2,12,0,0,,0,0,0.0,0.0,0.0,observe_click,7,41,26,100,,,true,,,,0.3786964980544747,-OgWdLy6hb3SUlhP_1_f,25,11
9,17024,25,22,91,22,88,83270,25,91,96,91,23,,,html-keyboard-response,82,2.1.0,5887790,40,0,0_1_2_3_4_5_0_1_2_3_6_7_8_9_7_8_10_11_12_13_14_14_15_15_15_16_15_17_18_19_20_21_22_23_23_23_23_24_25_15,10_53_10_100_24_37_60_75_48_24_33_95_76_15_33_10_56_20_10_40_98_10_100_75_95_49_10_32_33_75_10_65_18_100_100_36_61_48_10_41,ExploreTrial,0.5,2,2,12,0,0,,0,0,0.0,0.0,0.0,observe_click,7,41,26,100,,,true,,,,0.3609918200408998,-OgWdLy6hb3SUlhP_1_f,5,-20
10,13173,66,47,51,47,50,110898,5,70,93,78,5,,,html-keyboard-response,90,2.1.0,6022831,40,0,0_0_1_2_3_2_2_2_3_3_3_3_3_3_1_4_4_4_4_4_4_4_4_4_5_5_5_5_5_5_5_5_5_5_5_5_3_4_3_3,72_10_61_100_86_100_100_25_88_64_100_97_98_30_52_96_81_59_100_100_100_33_100_26_85_100_86_81_53_100_100_95_94_100_42_10_100_65_100_10,ExploreTrial,0.5,2,2,12,0,0,,0,0,0.0,0.0,0.0,observe_click,7,41,26,100,,,true,,,,0.21571428571428572,-OgWdLy6hb3SUlhP_1_f,22,17
11,10981,69,19,94,13,92,42155,22,95,97,97,21,,,html-keyboard-response,98,2.1.0,6085957,40,0,0_1_2_3_4_5_6_7_8_9_10_11_12_13_14_15_11_4_16_17_18_19_20_21_22_21_21_21_21_21_21_21_21_21_21_21_21_21_21_21,43_75_58_41_100_10_10_56_31_78_26_85_23_17_48_100_10_48_100_22_10_25_10_89_100_100_98_91_100_85_100_87_41_100_100_86_85_92_88_78,ExploreTrial,0.5,2,2,12,0,0,,0,0,0.0,0.0,0.0,observe_click,7,41,26,100,,,true,,,,0.26710977701543737,-OgWdLy6hb3SUlhP_1_f,25,3
12,10955,0,0,96,0,94,60927,25,95,95,95,7,,,html-keyboard-response,106,2.1.0,6163536,40,0,0_1_2_3_4_5_6_7_8_9_10_11_12_13_14_15_16_17_18_19_20_17_21_22_23_24_25_10_10_10_10_10_11_11_11_13_19_7_7_7,81_19_82_100_73_23_10_100_20_54_99_100_33_100_10_55_10_91_14_78_10_10_38_33_10_24_10_100_100_82_33_31_100_100_42_22_30_100_100_100,ExploreTrial,0.5,2,2,13,0,0,,0,0,0.0,0.0,0.0,observe_click,7,41,26,100,,,true,,,,0.3040794979079498,-OgWdLy6hb3SUlhP_1_f,,
0,26030,19,0,76,59,59,231622,24,76,88,88,1,,,html-keyboard-response,5,2.1.0,63258605,40,0,0_1_2_3_4_5_6_7_8_9_3_5_8_10_11_12_13_14_15_14_16_17_18_19_20_21_22_23_19_21_21_8_21_8_24_1_1_1_1_21,40_97_10_100_55_100_10_56_100_60_60_10_96_36_52_43_10_100_10_10_59_10_27_100_61_100_10_17_10_100_100_100_58_10_10_100_96_98_73_10,ExploreTrial,0.5,2,2,12,0,0,,0,0,0.0,0.0,0.0,observe_click,2,41,24,82,,,true,,,,0.3858167770419426,-Og_ZOqnhAU7HxRuxqXz,19,-5
1,24855,0,0,99,0,100,282875,19,96,96,96,16,,,html-keyboard-response,13,2.1.0,63586732,40,0,0_1_2_3_4_5_6_7_8_9_10_11_12_13_14_15_0_13_13_13_16_17_18_19_19_16_0_17_9_13_13_17_17_0_0_16_16_16_16_13,100_10_10_42_10_50_83_49_10_92_51_39_20_100_77_69_90_100_100_72_100_96_80_100_10_72_73_84_39_100_62_100_46_100_26_100_100_71_100_39,ExploreTrial,0.5,2,2,12,0,0,,0,0,0.0,0.0,0.0,observe_click,2,41,24,82,,,true,,,,0.32230679156908665,-Og_ZOqnhAU7HxRuxqXz,23,4
2,28865,37,79,26,77,22,220542,23,94,96,94,23,,,html-keyboard-response,21,2.1.0,63868237,40,0,0_1_2_3_4_5_6_7_8_9_10_11_12_13_14_15_16_17_18_19_2_7_7_7_17_10_2_20_21_22_23_23_23_23_23_7_23_2_23_7,64_71_100_17_11_32_53_100_18_10_97_10_14_54_33_10_47_98_12_50_81_99_98_82_53_34_95_66_81_50_100_100_100_100_35_68_52_55_100_10,ExploreTrial,0.5,2,2,12,0,0,,0,0,0.0,0.0,0.0,observe_click,2,41,24,82,,,true,,,,0.36234439834024895,-Og_ZOqnhAU7HxRuxqXz,27,4
3,29387,29,0,58,46,22,117022,27,71,85,85,24,,,html-keyboard-response,34,2.1.0,64098301,40,0,0_1_2_3_4_5_6_7_8_9_10_11_12_13_14_15_16_17_18_19_3_13_16_20_21_22_23_21_13_24_25_24_25_21_13_24_24_26_24_27,40_10_10_97_73_21_74_65_10_10_21_78_10_97_70_20_100_18_27_28_72_100_53_72_100_59_51_88_10_100_100_81_45_65_76_92_100_72_100_31,ExploreTrial,0.5,2,2,12,0,0,,0,0,0.0,0.0,0.0,observe_click,2,41,24,82,,,true,,,,0.30479966611018366,-Og_ZOqnhAU7HxRuxqXz,23,-4
4,16488,59,0,41,79,38,173665,23,85,96,94,5,,,html-keyboard-response,42,2.1.0,64312810,40,0,0_1_2_3_4_5_6_7_8_9_10_11_12_13_14_15_16_17_18_19_5_14_11_18_14_20_21_22_23_19_14_14_18_18_18_18_5_5_5_5,40_67_24_21_35_100_39_78_62_27_10_100_33_42_100_40_11_75_93_81_36_83_35_71_60_38_56_33_10_13_79_54_92_80_10_100_100_100_84_83,ExploreTrial,0.5,2,2,12,0,0,,0,0,0.0,0.0,0.0,observe_click,2,41,24,82,,,true,,,,0.30759958071278826,-Og_ZOqnhAU7HxRuxqXz,25,2
5,14808,82,0,38,61,37,149899,25,72,95,80,24,,,html-keyboard-response,50,2.1.0,64489377,40,0,0_1_2_3_4_5_6_7_6_6_8_9_10_11_12_13_14_15_14_8_6_16_17_18_16_19_6_20_21_22_23_21_14_14_24_25_24_24_24_24,30_10_49_10_27_19_83_33_100_53_60_10_59_15_49_60_93_42_45_71_63_69_10_42_44_44_28_72_86_14_48_50_79_51_100_64_54_100_56_72,ExploreTrial,0.5,2,2,12,0,0,,0,0,0.0,0.0,0.0,observe_click,2,41,24,82,,,true,,,,0.3236842105263158,-Og_ZOqnhAU7HxRuxqXz,15,-10
6,17374,24,61,76,21,22,154137,15,75,94,79,11,,,html-keyboard-response,58,2.1.0,64673075,40,0,0_1_2_3_4_5_6_7_8_9_0_2_2_9_9_2_7_0_0_0_10_11_12_10_11_11_11_10_10_11_13_14_15_11_11_10_10_0_2_10,84_67_100_10_77_24_11_83_40_95_50_83_35_76_12_13_18_100_67_55_100_100_53_92_100_84_10_49_10_44_39_55_77_100_92_74_57_58_33_24,ExploreTrial,0.5,2,2,12,0,0,,0,0,0.0,0.0,0.0,observe_click,2,41,24,82,,,true,,,,0.3696236559139785,-Og_ZOqnhAU7HxRuxqXz,20,5
7,14289,0,0,100,0,100,129749,20,95,95,95,17,,,html-keyboard-response,66,2.1.0,64833744,40,0,0_1_2_3_4_5_6_7_3_5_6_5_3_3_8_9_10_11_12_13_14_15_14_3_14_6_16_17_18_19_19_17_17_17_17_3_17_16_16_20,53_23_34_100_32_100_100_17_98_100_60_67_93_10_20_10_72_57_59_64_100_18_28_100_10_24_83_100_10_90_55_100_86_100_56_38_100_100_38_14,ExploreTrial,0.5,2,2,12,0,0,,0,0,0.0,0.0,0.0,observe_click,2,41,24,82,,,true,,,,0.34190997566909975,-Og_ZOqnhAU7HxRuxqXz,19,-1
8,13225,60,0,24,62,22,181508,19,76,94,82,19,,,html-keyboard-response,74,2.1.0,65037460,40,0,0_1_2_3_4_5_6_7_3_4_5_6_4_8_9_10_11_12_13_14_15_11_15_4_16_17_18_19_16_16_15_15_19_15_18_19_19_19_19_15,10_65_14_100_100_100_100_63_59_100_49_21_41_26_10_25_100_10_14_10_100_36_50_10_91_42_84_100_100_10_99_98_72_62_10_100_79_100_60_81,ExploreTrial,0.5,2,2,12,0,0,,0,0,0.0,0.0,0.0,observe_click,2,41,24,82,,,true,,,,0.3094519015659955,-Og_ZOqnhAU7HxRuxqXz,25,6
9,17025,77,0,11,69,14,116145,25,76,87,87,8,,,html-keyboard-response,82,2.1.0,65175738,40,0,0_0_1_2_3_4_5_6_7_8_9_10_11_12_13_14_15_8_12_14_8_8_16_17_18_19_8_16_12_20_21_22_23_8_24_25_8_12_14_8,13_10_69_81_10_54_10_45_46_100_53_30_48_100_44_100_25_81_75_16_100_100_88_16_54_31_46_38_10_10_71_35_17_100_16_18_34_75_15_10,ExploreTrial,0.5,2,2,12,0,0,,0,0,0.0,0.0,0.0,observe_click,2,41,24,82,,,true,,,,0.32489154013015187,-Og_ZOqnhAU7HxRuxqXz,18,-7
10,18810,0,0,100,0,100,159573,18,94,94,94,1,,,html-keyboard-response,90,2.1.0,65359301,40,0,0_1_2_3_4_5_6_7_8_9_10_11_12_13_14_15_1_6_6_6_6_1_1_1_12_8_8_1_8_1_16_17_18_16_16_6_6_1_8_1,51_100_10_49_70_78_100_10_92_25_23_10_100_77_40_10_85_100_94_100_46_100_100_88_10_68_100_65_27_77_100_36_29_11_10_99_45_100_12_91,ExploreTrial,0.5,2,2,12,0,0,,0,0,0.0,0.0,0.0,observe_click,2,41,24,82,,,true,,,,0.4115979381443299,-Og_ZOqnhAU7HxRuxqXz,21,3
11,19236,0,62,23,66,24,151267,21,80,94,80,20,,,html-keyboard-response,98,2.1.0,65536724,40,0,0_1_2_3_4_5_6_7_8_1_5_7_0_5_9_10_11_12_13_14_15_12_15_7_7_5_1_16_17_18_19_12_20_21_20_20_20_20_20_15,87_100_69_10_11_100_45_100_66_16_83_42_17_41_46_10_12_91_44_10_100_46_10_100_10_10_55_10_10_59_30_74_96_86_100_100_69_100_30_47,ExploreTrial,0.5,2,2,12,0,0,,0,0,0.0,0.0,0.0,observe_click,2,41,24,82,,,true,,,,0.3641252955082742,-Og_ZOqnhAU7HxRuxqXz,23,2
12,17426,0,0,100,0,100,123163,23,99,99,99,9,,,html-keyboard-response,106,2.1.0,65690122,40,0,0_1_2_3_4_5_6_7_8_9_10_11_12_13_14_15_9_9_9_9_2_9_2_2_16_17_18_19_19_9_9_2_20_21_21_22_23_19_21_2,54_15_84_10_11_10_61_31_34_100_10_73_63_72_56_58_95_100_100_88_81_43_100_83_75_10_66_100_15_89_100_41_14_100_15_36_10_73_27_82,ExploreTrial,0.5,2,2,13,0,0,,0,0,0.0,0.0,0.0,observe_click,2,41,24,82,,,true,,,,0.3676573426573427,-Og_ZOqnhAU7HxRuxqXz,,
0,43096,93,12,16,86,17,309320,22,55,97,87,16,,,html-keyboard-response,5,2.1.0,1824089,40,0,0_1_2_3_4_5_6_7_8_9_10_11_12_13_14_15_16_17_18_19_0_1_3_7_15_19_16_12_16_8_4_20_21_22_16_15_15_16_16_15,59_10_10_67_100_45_74_100_79_44_10_62_91_22_36_100_100_23_10_100_100_43_10_21_81_31_100_32_100_13_39_66_10_55_21_100_82_100_91_30,ExploreTrial,0.5,2,2,12,0,0,,0,0,0.0,0.0,0.0,observe_click,6,41,10,77,,,true,,,,0.3245525727069351,-Og_rP_VnJ4TdS1Hd1ty,19,-3
1,37295,71,19,16,12,11,316725,19,67,97,94,4,,,html-keyboard-response,13,2.1.0,2213564,40,0,0_1_2_3_4_5_6_7_8_9_10_11_12_13_14_15_16_17_18_19_1_4_8_11_16_19_4_11_19_16_16_8_11_19_16_8_16_19_4_4,10_74_10_60_100_25_59_10_100_54_61_100_53_13_41_26_100_89_10_100_10_100_100_100_100_100_10_53_47_100_70_94_10_65_83_10_66_100_100_61,ExploreTrial,0.5,2,2,12,0,0,,0,0,0.0,0.0,0.0,observe_click,6,41,10,77,,,true,,,,0.32357142857142857,-Og_rP_VnJ4TdS1Hd1ty,19,0
2,29560,67,43,16,17,12,185512,19,60,95,85,7,,,html-keyboard-response,21,2.1.0,2468212,40,0,0_1_2_3_4_5_6_7_8_9_10_11_12_13_14_15_16_17_18_19_6_7_15_19_16_17_2_15_15_6_7_7_7_7_15_6_17_15_15_7,49_10_89_10_51_10_100_100_10_28_10_36_20_28_79_100_98_93_13_100_100_100_100_55_35_100_49_100_46_10_94_100_59_18_55_59_22_59_54_70,ExploreTrial,0.5,2,2,12,0,0,,0,0,0.0,0.0,0.0,observe_click,6,41,10,77,,,true,,,,0.3026155717761557,-Og_rP_VnJ4TdS1Hd1ty,19,0
3,33577,55,12,15,46,22,239946,19,80,93,89,13,,,html-keyboard-response,34,2.1.0,2788252,40,0,0_1_2_3_4_5_6_7_8_9_10_11_12_13_14_15_16_17_18_19_0_8_10_13_11_0_8_10_0_10_4_11_8_11_0_13_13_13_0_8,87_10_26_39_56_51_45_35_100_66_87_68_10_69_51_10_13_56_21_46_72_10_75_57_56_77_10_19_28_100_10_63_10_44_54_100_100_100_28_44,ExploreTrial,0.5,2,2,12,0,0,,0,0,0.0,0.0,0.0,observe_click,6,41,10,77,,,true,,,,0.36121700879765395,-Og_rP_VnJ4TdS1Hd1ty,19,0
4,38313,26,8,13,31,23,190822,19,52,91,91,0,,,html-keyboard-response,42,2.1.0,3028004,40,0,0_1_2_3_4_5_6_7_8_9_10_11_12_13_14_15_16_17_18_19_0_2_3_4_7_19_17_12_13_16_10_0_19_13_12_7_12_0_7_17,97_69_97_67_100_74_67_100_10_10_77_55_98_83_10_10_67_83_56_100_80_35_10_18_100_100_97_80_41_10_10_74_42_20_76_27_12_46_10_10,ExploreTrial,0.5,2,2,12,0,0,,0,0,0.0,0.0,0.0,observe_click,6,41,10,77,,,true,,,,0.36605263157894735,-Og_rP_VnJ4TdS1Hd1ty,19,0
5,16706,60,7,17,57,19,138271,19,29,98,90,7,,,html-keyboard-response,50,2.1.0,3219159,40,0,0_1_2_3_4_5_6_7_8_9_10_11_12_13_14_15_16_17_18_19_18_19_16_5_15_9_8_9_8_8_8_19_18_9_9_5_15_15_7_7,45_72_61_58_23_100_49_81_65_69_37_63_42_18_50_100_20_73_10_10_100_100_11_72_64_100_100_50_99_80_98_10_10_81_52_26_67_58_95_100,ExploreTrial,0.5,2,2,12,0,0,,0,0,0.0,0.0,0.0,observe_click,6,41,10,77,,,true,,,,0.2933453237410072,-Og_rP_VnJ4TdS1Hd1ty,19,0
6,16957,61,11,18,60,16,159759,19,19,89,89,5,,,html-keyboard-response,58,2.1.0,3408179,40,0,0_1_2_3_4_5_6_7_8_9_10_11_12_13_14_15_16_17_18_19_6_12_14_10_8_12_13_13_6_6_14_14_10_10_12_14_13_12_10_5,10_55_10_10_23_77_100_52_72_10_100_28_100_100_100_10_10_10_23_14_100_100_91_66_33_53_100_23_10_37_100_77_100_48_86_56_69_63_73_82,ExploreTrial,0.5,2,2,12,0,0,,0,0,0.0,0.0,0.0,observe_click,6,41,10,77,,,true,,,,0.25853960396039605,-Og_rP_VnJ4TdS1Hd1ty,9,-10
7,22091,63,12,14,62,33,289727,9,74,95,89,3,,,html-keyboard-response,66,2.1.0,3727101,40,0,0_1_2_3_4_5_6_7_8_9_8_1_2_3_4_6_0_3_4_6_7_5_8_9_8_0_4_3_5_5_5_6_7_7_3_8_6_3_8_3,57_68_59_100_71_10_100_10_100_10_67_10_10_60_100_91_27_61_34_10_100_100_100_70_61_10_50_58_10_70_98_65_10_42_100_70_25_92_100_36,ExploreTrial,0.5,2,2,12,0,0,,0,0,0.0,0.0,0.0,observe_click,6,41,10,77,,,true,,,,0.30416666666666664,-Og_rP_VnJ4TdS1Hd1ty,9,0
8,20988,9,6,40,10,23,226306,9,80,95,95,0,,,html-keyboard-response,74,2.1.0,3987507,40,0,0_1_2_3_4_5_6_7_8_9_2_0_8_6_4_0_0_0_8_8_8_6_6_6_2_6_6_0_8_0_8_6_0_0_0_6_6_8_0_0,64_10_83_39_100_27_100_10_100_10_93_84_57_100_14_100_100_90_100_100_10_84_75_100_42_100_57_100_100_100_78_62_91_100_64_20_47_42_100_10,ExploreTrial,0.5,2,2,12,0,0,,0,0,0.0,0.0,0.0,observe_click,6,41,10,77,,,true,,,,0.4415644171779141,-Og_rP_VnJ4TdS1Hd1ty,9,0
9,18096,15,0,36,9,14,227959,9,76,94,94,7,,,html-keyboard-response,82,2.1.0,4252334,40,0,0_1_2_3_4_5_6_7_8_9_0_1_6_7_8_1_3_6_7_0_2_6_7_8_2_4_7_5_9_8_8_0_0_0_0_7_8_1_0_7,71_86_10_66_43_10_91_81_68_32_10_49_89_100_37_10_33_42_15_45_68_10_92_32_15_10_10_10_53_76_52_100_100_100_91_48_10_27_28_100,ExploreTrial,0.5,2,2,12,0,0,,0,0,0.0,0.0,0.0,observe_click,6,41,10,77,,,true,,,,0.413728323699422,-Og_rP_VnJ4TdS1Hd1ty,9,0
10,23443,0,0,60,4,58,191126,9,90,97,90,3,,,html-keyboard-response,90,2.1.0,4476207,40,0,0_1_2_3_4_5_6_7_8_9_0_1_2_3_4_5_6_7_8_9_2_3_5_7_8_3_7_0_2_2_3_4_4_4_7_2_3_7_7_4,80_100_100_100_91_100_66_100_68_21_82_22_100_100_86_100_72_64_94_10_78_100_62_100_40_85_42_55_91_86_100_100_100_56_10_79_71_100_100_30,ExploreTrial,0.5,2,2,12,0,0,,0,0,0.0,0.0,0.0,observe_click,6,41,10,77,,,true,,,,0.33591954022988507,-Og_rP_VnJ4TdS1Hd1ty,9,0
11,14262,50,7,15,52,11,177679,9,87,93,93,6,,,html-keyboard-response,98,2.1.0,4690044,40,0,0_1_2_3_4_5_6_7_8_9_0_0_6_6_6_7_7_5_4_4_3_3_3_3_3_3_0_0_0_7_7_4_3_7_6_6_0_7_6_6,100_50_10_100_63_74_100_100_10_40_100_58_100_26_73_56_34_10_100_67_100_76_100_100_100_36_100_13_100_54_10_42_37_81_97_71_23_93_89_49,ExploreTrial,0.5,2,2,12,0,0,,0,0,0.0,0.0,0.0,observe_click,6,41,10,77,,,true,,,,0.3504491017964072,-Og_rP_VnJ4TdS1Hd1ty,9,0
12,20360,0,0,63,0,58,134362,9,98,98,98,6,,,html-keyboard-response,106,2.1.0,4849087,40,0,0_1_2_3_4_5_6_7_8_9_0_2_3_5_6_6_5_5_5_2_2_2_2_0_0_0_0_0_2_2_2_2_5_5_5_5_5_6_6_6,66_10_91_77_22_100_63_10_10_42_49_34_58_11_71_52_100_99_43_100_31_61_100_26_55_73_100_39_49_49_62_100_62_100_10_39_10_100_61_77,ExploreTrial,0.5,2,2,13,0,0,,0,0,0.0,0.0,0.0,observe_click,6,41,10,77,,,true,,,,0.38776595744680853,-Og_rP_VnJ4TdS1Hd1ty,,
0,61725,0,20,0,40,0,465547,19,82,91,86,14,,,html-keyboard-response,5,2.1.0,2713734,40,0,0_1_2_3_4_5_6_7_8_9_10_11_12_13_14_15_16_17_18_19_2_4_5_8_9_10_12_13_14_16_17_18_12_14_10_17_2_14_17_2,10_10_100_10_47_53_10_26_100_61_69_25_100_74_95_33_100_99_45_10_40_80_10_39_25_100_95_38_81_10_58_10_10_100_27_75_68_72_16_55,ExploreTrial,0.5,2,2,12,0,0,,0,0,0.0,0.0,0.0,observe_click,19,41,20,100,,,true,,,,0.3145320197044335,-OgaGMI0SorSW_UFtHRw,19,0
1,87711,90,0,95,62,49,286020,19,66,98,98,4,,,html-keyboard-response,13,2.1.0,3108459,40,0,0_1_2_3_4_5_6_7_8_9_10_11_12_13_14_15_16_17_18_19_0_1_4_5_7_8_9_10_13_16_17_19_0_1_4_17_0_1_4_17,100_98_10_10_100_100_10_42_49_100_41_10_10_100_26_10_95_71_10_91_87_100_88_46_10_67_52_10_49_57_100_64_100_66_100_97_79_100_100_73,ExploreTrial,0.5,2,2,12,0,0,,0,0,0.0,0.0,0.0,observe_click,19,41,20,100,,,true,,,,0.416399416909621,-OgaGMI0SorSW_UFtHRw,19,0
2,43122,0,0,97,66,38,364811,19,69,92,92,12,,,html-keyboard-response,21,2.1.0,3587893,40,0,0_1_2_3_4_5_6_7_8_9_10_11_12_13_14_15_16_17_18_19_18_17_16_15_12_11_9_8_5_3_2_1_0_0_2_11_12_18_12_11,61_51_56_64_20_51_36_10_59_100_10_100_56_46_50_78_99_52_62_29_75_49_36_54_100_47_10_30_42_10_100_30_69_26_54_100_94_97_77_69,ExploreTrial,0.5,2,2,12,0,0,,0,0,0.0,0.0,0.0,observe_click,19,41,20,100,,,true,,,,0.36347184986595177,-OgaGMI0SorSW_UFtHRw,19,0
3,50842,22,0,79,47,35,311292,19,74,94,89,9,,,html-keyboard-response,34,2.1.0,4035980,40,0,0_1_2_3_4_5_6_7_8_9_10_11_12_13_14_15_16_17_18_19_3_9_10_2_5_4_15_10_9_2_4_5_2_4_5_9_10_9_4_10,54_43_91_100_61_72_56_16_10_100_100_43_57_29_41_59_53_28_10_10_22_83_100_69_93_100_21_15_45_95_100_34_15_67_25_100_60_100_68_30,ExploreTrial,0.5,2,2,12,0,0,,0,0,0.0,0.0,0.0,observe_click,19,41,20,100,,,true,,,,0.35257009345794393,-OgaGMI0SorSW_UFtHRw,19,0
4,32664,0,65,91,66,25,333127,19,62,95,79,19,,,html-keyboard-response,42,2.1.0,4434982,40,0,0_1_2_3_4_5_6_7_8_9_10_11_12_13_14_15_16_17_18_19_0_1_4_7_9_12_16_18_19_0_4_7_12_19_9_19_7_4_12_12,60_94_10_45_64_10_43_100_36_98_10_49_100_43_26_35_100_10_75_100_71_10_73_44_18_21_10_34_41_10_10_10_26_79_29_66_23_10_100_57,ExploreTrial,0.5,2,2,12,0,0,,0,0,0.0,0.0,0.0,observe_click,19,41,20,100,,,true,,,,0.36174540682414696,-OgaGMI0SorSW_UFtHRw,19,0
5,35096,0,0,0,50,100,337812,19,84,96,84,9,,,html-keyboard-response,50,2.1.0,4828341,40,0,0_1_2_3_4_5_6_7_8_9_10_11_12_13_14_15_16_17_18_19_1_3_7_8_9_10_12_13_14_16_18_7_9_18_9_18_7_7_18_9,33_100_50_73_47_20_43_90_85_80_75_54_91_100_100_67_100_10_100_68_48_66_100_56_100_10_39_14_59_28_80_84_35_57_100_79_25_12_37_44,ExploreTrial,0.5,2,2,12,0,0,,0,0,0.0,0.0,0.0,observe_click,19,41,20,100,,,true,,,,0.3063895781637717,-OgaGMI0SorSW_UFtHRw,23,4
6,42092,0,0,78,30,75,277132,23,85,93,90,21,,,html-keyboard-response,58,2.1.0,5157073,40,0,0_1_2_3_4_5_6_7_8_9_10_11_12_13_14_15_16_17_18_19_20_21_22_23_1_3_7_12_8_20_21_3_7_12_20_21_7_12_21_21,39_100_58_100_55_43_10_100_100_35_55_10_97_40_10_10_43_10_10_50_100_100_10_42_73_100_94_100_48_84_100_45_100_96_42_78_70_69_100_100,ExploreTrial,0.5,2,2,12,0,0,,0,0,0.0,0.0,0.0,observe_click,19,41,20,100,,,true,,,,0.3421610169491525,-OgaGMI0SorSW_UFtHRw,25,2
7,23211,0,0,98,90,34,203172,25,72,94,84,24,,,html-keyboard-response,66,2.1.0,5438034,40,0,0_1_2_3_4_5_6_7_8_9_10_11_12_13_14_15_16_17_18_19_20_21_22_23_24_25_3_5_7_23_21_17_24_10_5_21_24_24_21_5,10_10_58_100_19_100_10_100_10_10_84_22_35_10_27_25_26_100_54_50_61_100_10_100_100_54_51_81_35_10_70_64_95_28_12_46_100_71_100_30,ExploreTrial,0.5,2,2,12,0,0,,0,0,0.0,0.0,0.0,observe_click,19,41,20,100,,,true,,,,0.33705607476635513,-OgaGMI0SorSW_UFtHRw,23,-2
8,23640,0,0,100,0,100,230626,23,91,91,91,1,,,html-keyboard-response,74,2.1.0,5718648,40,0,0_1_2_3_4_5_6_7_8_9_10_11_12_13_14_15_16_17_18_19_20_21_22_23_0_1_6_8_10_16_18_22_23_1_18_8_0_23_1_0,78_100_10_50_18_10_100_52_100_10_100_20_14_10_53_32_100_10_100_47_10_53_100_95_100_100_66_91_47_27_100_10_79_100_59_46_100_100_93_14,ExploreTrial,0.5,2,2,12,0,0,,0,0,0.0,0.0,0.0,observe_click,19,41,20,100,,,true,,,,0.4123549883990719,-OgaGMI0SorSW_UFtHRw,25,2
9,20369,0,0,92,38,70,209247,25,94,95,95,21,,,html-keyboard-response,82,2.1.0,5969729,40,0,0_1_2_3_4_5_6_7_8_9_10_11_12_13_14_15_16_17_18_19_20_21_22_23_24_25_8_19_11_21_8_19_21_24_20_21_20_24_2_2,20_10_57_10_43_29_10_28_100_45_10_98_10_10_47_52_10_10_10_100_69_93_31_34_70_32_97_100_13_100_10_11_100_49_85_54_38_30_100_100,ExploreTrial,0.5,2,2,12,0,0,,0,0,0.0,0.0,0.0,observe_click,19,41,20,100,,,true,,,,0.32197247706422016,-OgaGMI0SorSW_UFtHRw,18,-7
10,25678,0,0,78,91,73,220678,18,83,96,96,10,,,html-keyboard-response,90,2.1.0,6225278,40,0,0_1_2_3_4_5_6_7_8_9_10_11_12_13_14_15_16_17_18_0_2_5_6_9_10_13_14_15_16_17_10_16_6_14_5_0_17_10_17_10,100_10_100_10_41_100_87_31_11_99_100_10_10_75_80_96_100_90_34_68_41_71_100_18_100_29_100_59_100_68_100_10_48_24_16_39_93_68_78_98,ExploreTrial,0.5,2,2,12,0,0,,0,0,0.0,0.0,0.0,observe_click,19,41,20,100,,,true,,,,0.3299608355091384,-OgaGMI0SorSW_UFtHRw,23,5
11,14945,0,0,68,96,62,195144,23,83,96,91,13,,,html-keyboard-response,98,2.1.0,6472589,40,0,0_1_2_3_4_5_6_7_8_9_10_11_12_13_14_15_16_17_18_19_20_21_22_23_23_18_12_4_8_16_13_12_18_13_4_8_8_13_13_8,10_10_40_10_100_10_37_10_87_10_10_36_100_80_13_45_82_66_100_60_41_52_10_100_57_100_100_83_100_43_100_60_32_100_29_100_100_100_92_10,ExploreTrial,0.5,2,2,12,0,0,,0,0,0.0,0.0,0.0,observe_click,19,41,20,100,,,true,,,,0.3062633832976445,-OgaGMI0SorSW_UFtHRw,19,-4
12,30251,0,62,88,95,25,216900,19,70,94,83,16,,,html-keyboard-response,106,2.1.0,6720995,40,0,0_1_2_3_4_5_6_7_8_9_10_11_12_13_14_15_16_17_18_19_11_19_6_7_4_2_13_5_11_19_6_12_16_16_19_16_1_3_16_19,37_64_89_63_100_74_100_100_31_35_10_100_70_84_10_45_70_58_42_100_100_100_88_10_39_10_11_32_14_44_10_10_100_100_76_100_55_10_99_100,ExploreTrial,0.5,2,2,13,0,0,,0,0,0.0,0.0,0.0,observe_click,19,41,20,100,,,true,,,,0.33631386861313867,-OgaGMI0SorSW_UFtHRw,,
0,88759,30,40,80,60,40,277760,25,85,88,88,0,,,html-keyboard-response,5,2.1.0,62347499,40,0,0_0_1_2_2_3_3_4_5_5_6_6_7_8_9_10_11_12_13_14_15_15_16_17_17_18_19_19_20_21_22_23_0_24_24_25_19_19_0_19,100_100_26_67_63_100_14_45_92_49_100_92_33_34_83_14_10_10_10_10_96_79_63_88_20_72_100_100_55_47_15_15_100_98_24_62_100_79_78_10,ExploreTrial,0.5,2,2,12,0,0,,0,0,0.0,0.0,0.0,observe_click,11,41,20,100,,,true,,,,0.38683932346723043,-OgeEl1IuGELIQ-8VsvE,23,-2
1,71795,40,60,60,80,40,352944,23,64,90,90,21,,,html-keyboard-response,13,2.1.0,62831151,40,0,0_1_2_3_4_5_6_7_8_9_10_11_12_13_13_10_14_15_16_17_18_19_20_21_22_23_0_1_5_10_17_18_21_21_21_23_21_17_21_0,80_98_86_66_56_95_10_38_30_45_100_10_27_100_41_100_49_61_30_82_99_44_10_100_62_100_100_45_70_10_100_40_100_100_87_57_81_67_100_85,ExploreTrial,0.5,2,2,12,0,0,,0,0,0.0,0.0,0.0,observe_click,11,41,20,100,,,true,,,,0.3454040404040404,-OgeEl1IuGELIQ-8VsvE,20,-3
2,16143,0,0,0,0,0,291563,20,93,93,93,0,,,html-keyboard-response,21,2.1.0,63231278,40,0,0_1_2_3_4_5_6_7_8_9_10_11_12_13_14_15_16_17_18_0_2_4_6_6_7_12_12_15_16_18_19_19_0_20_12_12_0_7_0_12,85_45_82_64_100_20_100_100_10_46_51_10_92_10_28_100_100_10_100_94_10_24_100_12_79_100_92_10_26_30_100_57_100_47_100_64_95_43_100_54,ExploreTrial,0.5,2,2,12,0,0,,0,0,0.0,0.0,0.0,observe_click,11,41,20,100,,,true,,,,0.3833783783783784,-OgeEl1IuGELIQ-8VsvE,27,7
3,51293,75,70,20,30,10,357526,27,70,93,85,19,,,html-keyboard-response,34,2.1.0,63678388,40,0,0_1_2_3_4_5_6_7_8_9_10_11_12_13_14_15_16_17_18_19_20_21_22_23_24_25_26_1_4_5_7_19_1_7_5_5_27_27_5_1,65_100_48_59_76_100_42_100_66_26_11_49_28_65_16_69_17_10_24_99_66_17_51_10_31_17_10_79_33_85_98_66_22_10_100_96_100_10_10_77,ExploreTrial,0.5,2,2,12,0,0,,0,0,0.0,0.0,0.0,observe_click,11,41,20,100,,,true,,,,0.4114516129032258,-OgeEl1IuGELIQ-8VsvE,23,-4
4,39385,70,20,60,30,30,347648,23,67,93,93,13,,,html-keyboard-response,42,2.1.0,64106394,40,0,0_1_2_3_4_5_6_7_8_9_10_11_12_13_14_15_16_17_18_19_20_21_22_23_0_1_2_3_6_8_9_12_13_13_13_9_13_0_2_2,69_72_100_68_10_10_70_21_71_85_10_59_89_100_58_10_10_55_10_10_60_68_46_10_100_74_68_10_29_72_100_10_100_90_58_51_54_10_84_26,ExploreTrial,0.5,2,2,12,0,0,,0,0,0.0,0.0,0.0,observe_click,11,41,20,100,,,true,,,,0.3993455497382199,-OgeEl1IuGELIQ-8VsvE,24,1
5,79607,60,40,10,80,20,276455,24,74,98,98,6,,,html-keyboard-response,50,2.1.0,64437489,40,0,0_1_2_3_4_3_3_4_5_6_6_7_7_8_8_9_10_11_12_13_13_14_15_16_16_17_18_18_19_20_20_21_21_21_22_23_24_24_3_6,10_68_30_100_100_72_100_10_56_95_69_100_16_100_10_43_15_25_64_98_49_67_39_100_47_10_100_28_37_100_71_100_100_26_49_35_100_36_79_100,ExploreTrial,0.5,2,2,12,0,0,,0,0,0.0,0.0,0.0,observe_click,11,41,20,100,,,true,,,,0.35544397463002114,-OgeEl1IuGELIQ-8VsvE,20,-4
6,56186,60,40,80,50,20,317236,20,77,92,92,1,,,html-keyboard-response,58,2.1.0,64859193,40,0,0_1_2_1_2_3_3_4_5_6_7_8_8_9_10_11_12_13_12_13_14_15_15_16_16_17_18_19_19_20_20_1_3_12_15_16_20_1_3_15,10_84_92_100_10_76_100_10_21_10_10_89_10_28_10_43_89_92_100_10_10_85_78_88_71_32_10_70_54_78_70_89_100_51_100_98_10_100_48_10,ExploreTrial,0.5,2,2,12,0,0,,0,0,0.0,0.0,0.0,observe_click,11,41,20,100,,,true,,,,0.3658641975308642,-OgeEl1IuGELIQ-8VsvE,21,1
7,35493,80,0,20,90,0,245785,21,74,92,92,8,,,html-keyboard-response,66,2.1.0,65177555,40,0,0_1_2_2_3_4_4_5_6_7_7_8_8_8_9_10_10_11_12_13_13_13_14_15_15_16_17_18_19_20_21_21_21_8_8_21_4_8_4_2,10_45_100_63_10_90_75_66_66_79_44_100_100_100_10_100_10_47_21_100_100_36_43_86_69_10_20_41_11_10_90_100_100_100_100_34_100_38_23_84,ExploreTrial,0.5,2,2,12,0,0,,0,0,0.0,0.0,0.0,observe_click,11,41,20,100,,,true,,,,0.34963235294117645,-OgeEl1IuGELIQ-8VsvE,19,-2
8,18560,10,0,100,0,100,185767,19,93,96,93,15,,,html-keyboard-response,74,2.1.0,65440780,40,0,0_0_1_2_3_3_3_4_4_5_6_6_6_7_8_9_10_10_11_12_13_13_13_14_15_15_15_16_17_17_18_19_0_6_15_15_15_13_13_15,100_94_10_36_100_100_10_90_39_10_100_100_76_37_24_10_99_44_36_32_97_100_92_18_90_100_100_26_100_45_37_10_44_15_100_100_100_100_100_100,ExploreTrial,0.5,2,2,12,0,0,,0,0,0.0,0.0,0.0,observe_click,11,41,20,100,,,true,,,,0.33378552971576225,-OgeEl1IuGELIQ-8VsvE,20,1
9,27867,0,30,0,0,60,295005,20,72,87,72,8,,,html-keyboard-response,82,2.1.0,65763615,40,0,0_0_1_1_2_3_4_5_6_6_7_7_8_8_8_9_10_11_11_12_13_14_15_16_1_6_16_17_18_18_19_19_8_13_8_8_20_11_8_8,76_16_92_57_43_34_10_52_84_74_98_19_100_100_49_10_21_94_49_54_57_28_49_62_10_10_10_51_64_35_78_42_100_33_87_96_49_50_98_72,ExploreTrial,0.5,2,2,12,0,0,,0,0,0.0,0.0,0.0,observe_click,11,41,20,100,,,true,,,,0.34286666666666665,-OgeEl1IuGELIQ-8VsvE,20,0
10,26281,84,0,29,69,0,241570,20,72,92,92,17,,,html-keyboard-response,90,2.1.0,66046025,40,0,0_1_2_3_3_4_4_5_6_7_8_9_10_11_11_12_13_13_14_14_15_15_15_16_17_18_18_19_20_20_19_11_11_15_4_16_17_17_17_17,57_41_58_95_35_84_64_60_10_10_15_36_10_77_100_48_97_82_100_16_100_100_75_73_72_100_41_73_100_10_44_100_10_82_79_10_88_100_91_85,ExploreTrial,0.5,2,2,12,0,0,,0,0,0.0,0.0,0.0,observe_click,11,41,20,100,,,true,,,,0.2829229122055675,-OgeEl1IuGELIQ-8VsvE,19,-1
11,13420,0,0,100,0,100,169307,19,97,97,97,16,,,html-keyboard-response,98,2.1.0,66254929,40,0,0_0_1_1_2_3_4_5_5_6_6_7_8_8_9_10_11_12_12_13_14_14_15_16_16_16_16_17_18_18_19_19_19_19_19_16_18_16_16_18,100_10_100_37_24_10_60_100_33_100_19_10_100_62_10_28_29_78_46_48_100_14_31_100_100_100_100_46_82_83_70_100_100_100_28_77_75_73_92_69,ExploreTrial,0.5,2,2,12,0,0,,0,0,0.0,0.0,0.0,observe_click,11,41,20,100,,,true,,,,0.304004329004329,-OgeEl1IuGELIQ-8VsvE,19,0
12,27691,100,0,30,80,0,213290,19,73,98,98,11,,,html-keyboard-response,106,2.1.0,66494130,40,0,0_0_0_1_2_3_4_5_5_5_6_7_8_8_8_9_10_11_11_11_12_13_14_14_15_16_17_18_19_5_8_11_11_0_0_5_8_14_14_11,100_100_31_10_10_57_64_88_100_100_46_10_81_91_92_10_43_100_100_84_10_52_86_10_53_49_27_54_10_66_70_100_10_57_10_10_45_88_35_100,ExploreTrial,0.5,2,2,13,0,0,,0,0,0.0,0.0,0.0,observe_click,11,41,20,100,,,true,,,,0.3611356932153392,-OgeEl1IuGELIQ-8VsvE,,
0,26422,13,26,50,81,0,171488,23,49,94,94,14,,,html-keyboard-response,5,2.1.0,18853150,40,0,0_1_2_3_4_5_6_7_8_9_10_11_12_13_14_3_9_9_12_14_15_16_17_18_19_14_20_21_22_23_14_11_22_17_14_7_7_15_16_14,42_10_58_100_54_66_46_87_10_100_10_10_100_63_100_38_99_10_25_100_89_75_79_61_21_49_10_25_10_81_10_43_36_10_69_62_40_34_47_62,ExploreTrial,0.5,2,2,12,0,0,,0,0,0.0,0.0,0.0,observe_click,15,41,19,80,,,true,,,,0.2929324894514768,-OgfVEHTIRJT9yZz_A50,13,-10
1,18767,0,0,70,69,79,224474,13,86,88,87,6,,,html-keyboard-response,13,2.1.0,19124907,40,0,0_1_2_3_4_5_6_7_8_9_10_11_12_13_0_1_2_3_6_7_10_11_0_2_3_6_7_10_0_2_3_6_10_0_2_3_6_6_6_6,100_77_100_100_35_22_95_66_10_19_84_60_36_30_82_10_76_54_100_52_84_10_40_69_57_100_10_56_68_100_100_100_14_72_82_65_100_68_70_100,ExploreTrial,0.5,2,2,12,0,0,,0,0,0.0,0.0,0.0,observe_click,15,41,19,80,,,true,,,,0.4034688995215311,-OgfVEHTIRJT9yZz_A50,18,5
2,20712,14,8,97,20,88,203558,18,94,96,94,11,,,html-keyboard-response,21,2.1.0,19377030,40,0,0_0_0_1_2_3_4_5_6_7_8_9_10_11_12_13_2_6_7_8_9_10_11_14_15_16_17_18_2_8_11_13_14_15_16_17_18_17_16_11,29_100_26_17_100_10_10_13_68_86_93_78_69_53_10_69_68_12_10_100_10_25_95_74_63_100_100_78_86_10_100_53_10_98_100_100_10_10_35_78,ExploreTrial,0.5,2,2,12,0,0,,0,0,0.0,0.0,0.0,observe_click,15,41,19,80,,,true,,,,0.3332460732984293,-OgfVEHTIRJT9yZz_A50,19,1
3,13986,81,8,21,63,13,149771,19,88,98,94,12,,,html-keyboard-response,34,2.1.0,19592188,40,0,0_1_2_3_4_5_6_7_8_9_10_11_12_13_14_15_3_4_5_7_8_9_10_11_12_15_16_17_18_19_7_8_9_9_10_11_12_15_17_19,10_10_10_69_53_69_38_100_89_100_44_100_94_10_34_89_80_57_52_87_100_98_80_94_100_87_10_56_10_63_10_75_10_24_100_76_100_99_100_100,ExploreTrial,0.5,2,2,12,0,0,,0,0,0.0,0.0,0.0,observe_click,15,41,19,80,,,true,,,,0.29187979539641945,-OgfVEHTIRJT9yZz_A50,14,-5
4,10440,0,0,86,0,92,137899,14,80,80,80,6,,,html-keyboard-response,42,2.1.0,19756927,40,0,0_1_2_3_4_5_6_7_8_9_10_11_12_13_14_0_2_4_5_6_7_8_9_12_14_2_4_6_7_8_14_6_8_6_6_6_6_6_6_6,100_18_92_42_85_81_100_84_60_94_10_29_66_10_94_47_93_93_22_51_100_79_16_10_100_29_10_100_34_53_10_100_10_83_76_89_100_56_52_61,ExploreTrial,0.5,2,2,12,0,0,,0,0,0.0,0.0,0.0,observe_click,15,41,19,80,,,true,,,,0.3028810408921933,-OgfVEHTIRJT9yZz_A50,16,2
5,10888,4,0,96,0,92,138602,16,92,94,92,5,,,html-keyboard-response,50,2.1.0,19916207,40,0,0_1_2_3_4_5_6_7_8_9_10_11_12_13_14_15_16_0_1_2_5_11_13_14_15_16_0_1_5_14_16_0_5_14_16_5_14_5_5_5,71_70_65_36_10_97_29_48_48_10_25_77_10_52_78_78_100_100_100_23_100_45_31_100_30_100_88_10_100_100_98_10_100_82_25_97_15_68_72_100,ExploreTrial,0.5,2,2,12,0,0,,0,0,0.0,0.0,0.0,observe_click,15,41,19,80,,,true,,,,0.3949685534591195,-OgfVEHTIRJT9yZz_A50,20,4
6,15376,11,0,60,87,35,135226,20,55,91,91,15,,,html-keyboard-response,58,2.1.0,20067858,40,0,0_1_2_3_4_5_6_7_8_9_10_11_12_13_14_15_16_0_4_7_8_12_13_14_15_16_0_4_8_12_15_15_8_17_18_18_18_19_20_20,93_23_39_10_100_10_10_100_67_10_10_10_100_68_52_53_63_81_100_10_91_82_11_10_77_10_10_20_96_37_83_53_10_34_57_100_43_28_100_69,ExploreTrial,0.5,2,2,12,0,0,,0,0,0.0,0.0,0.0,observe_click,15,41,19,80,,,true,,,,0.3289568345323741,-OgfVEHTIRJT9yZz_A50,20,0
7,18345,1,0,97,0,92,114978,20,91,91,91,10,,,html-keyboard-response,66,2.1.0,20209972,40,0,0_1_2_3_4_5_6_7_8_9_10_11_12_13_14_15_16_17_18_19_20_2_3_7_8_10_11_13_20_18_17_18_3_10_18_10_3_18_10_3,10_37_62_100_10_42_10_55_72_48_100_77_49_71_10_10_21_100_99_47_61_58_91_61_75_100_10_70_69_100_34_100_100_100_68_76_71_10_62_10,ExploreTrial,0.5,2,2,12,0,0,,0,0,0.0,0.0,0.0,observe_click,15,41,19,80,,,true,,,,0.3359223300970874,-OgfVEHTIRJT9yZz_A50,15,-5
8,9848,0,0,79,25,80,128934,15,87,97,87,1,,,html-keyboard-response,74,2.1.0,20363476,40,0,0_1_2_3_4_5_6_7_8_9_10_11_12_13_14_1_2_5_6_7_9_11_12_13_14_1_11_12_14_1_14_15_15_15_15_15_1_15_1_15,46_100_77_10_31_56_100_100_10_100_10_100_100_100_100_97_23_41_10_11_10_100_73_34_100_73_36_40_66_46_10_100_100_49_100_71_66_10_100_85,ExploreTrial,0.5,2,2,12,0,0,,0,0,0.0,0.0,0.0,observe_click,15,41,19,80,,,true,,,,0.3452898550724638,-OgfVEHTIRJT9yZz_A50,20,5
9,10710,16,0,87,0,97,144169,20,95,95,95,13,,,html-keyboard-response,82,2.1.0,20524322,40,0,0_1_2_3_4_5_6_7_8_9_10_11_12_13_14_15_16_17_18_19_20_0_1_2_4_8_10_11_13_18_20_2_11_13_18_20_2_13_18_11,89_95_100_15_67_23_10_27_75_10_83_100_46_67_11_42_48_27_73_10_71_14_32_98_34_36_43_100_95_56_100_100_30_94_100_51_10_100_28_71,ExploreTrial,0.5,2,2,12,0,0,,0,0,0.0,0.0,0.0,observe_click,15,41,19,80,,,true,,,,0.35919753086419753,-OgfVEHTIRJT9yZz_A50,20,0
10,12075,28,0,85,0,59,114322,20,88,94,92,17,,,html-keyboard-response,90,2.1.0,20657169,40,0,0_1_2_3_4_5_6_7_8_9_10_11_12_13_14_15_16_17_18_19_20_1_2_3_4_5_10_11_17_20_3_4_17_4_17_17_17_17_17_17,38_64_78_100_63_51_10_31_40_22_50_66_25_32_25_10_17_100_10_66_100_10_34_100_100_10_10_10_84_10_10_11_76_15_79_100_50_100_85_45,ExploreTrial,0.5,2,2,12,0,0,,0,0,0.0,0.0,0.0,observe_click,15,41,19,80,,,true,,,,0.3522397094430993,-OgfVEHTIRJT9yZz_A50,18,-2
11,13891,37,0,72,44,55,174985,18,80,94,81,5,,,html-keyboard-response,98,2.1.0,20853127,40,0,0_1_2_3_4_5_6_7_8_9_10_11_12_13_14_15_16_17_18_0_3_4_5_6_13_12_9_17_18_3_5_6_13_18_18_13_5_3_3_5,59_25_13_100_55_100_89_10_47_87_10_19_100_52_10_10_24_100_51_44_62_26_100_55_100_29_18_41_96_67_77_39_62_59_81_80_68_100_21_95,ExploreTrial,0.5,2,2,12,0,0,,0,0,0.0,0.0,0.0,observe_click,15,41,19,80,,,true,,,,0.36614285714285716,-OgfVEHTIRJT9yZz_A50,18,0
12,9098,15,0,38,88,44,170298,18,71,99,99,11,,,html-keyboard-response,106,2.1.0,21048060,40,0,0_1_2_3_4_5_6_7_8_9_10_11_12_13_14_15_16_17_18_0_1_3_5_9_11_14_15_17_18_0_15_14_1_3_18_11_0_3_11_15,100_85_45_79_24_49_22_10_13_86_44_76_10_10_87_100_11_61_78_100_100_100_87_60_100_100_100_13_100_100_83_10_57_100_10_100_10_36_100_80,ExploreTrial,0.5,2,2,13,0,0,,0,0,0.0,0.0,0.0,observe_click,15,41,19,80,,,true,,,,0.39035211267605635,-OgfVEHTIRJT9yZz_A50,,
0,14347,0,17,100,0,100,227233,19,89,89,89,16,,,html-keyboard-response,5,2.1.0,174125293,40,0,0_0_1_2_3_3_2_1_4_5_6_7_8_8_8_2_5_5_9_10_11_12_13_13_14_9_15_16_17_17_16_18_18_16_16_2_5_2_16_19,32_10_100_100_59_95_74_11_10_100_23_10_93_51_97_100_78_55_100_10_10_60_71_10_62_10_10_66_100_46_95_92_54_100_100_38_44_75_100_10,ExploreTrial,0.5,2,2,12,0,0,,0,0,0.0,0.0,0.0,observe_click,9,41,12,65,,,true,,,,0.3896892655367232,-OgfX01-J_kYt7xY4mgF,23,4
1,15997,32,6,62,36,7,201925,23,49,91,91,11,,,html-keyboard-response,13,2.1.0,174355519,40,0,0_1_2_3_4_5_6_7_8_9_2_4_10_11_12_13_14_10_11_12_15_16_17_17_16_18_19_20_21_22_20_20_10_11_11_20_23_23_2_11,10_10_100_32_83_10_28_18_10_36_10_32_69_52_57_10_39_100_100_63_17_62_81_67_66_36_45_68_57_54_100_66_10_100_97_31_83_70_41_59,ExploreTrial,0.5,2,2,12,0,0,,0,0,0.0,0.0,0.0,observe_click,9,41,12,65,,,true,,,,0.3221638655462185,-OgfX01-J_kYt7xY4mgF,15,-8
2,20596,54,13,70,17,37,227241,15,88,89,89,11,,,html-keyboard-response,21,2.1.0,174616545,40,0,0_1_2_3_4_5_6_7_1_1_3_6_6_7_7_8_9_10_11_12_13_14_15_8_9_11_12_13_14_15_11_13_14_14_1_6_11_14_11_14,24_66_10_76_10_10_100_45_100_100_10_74_56_92_10_84_41_10_91_100_61_79_68_10_13_62_10_100_100_10_100_31_89_10_35_56_67_100_100_10,ExploreTrial,0.5,2,2,12,0,0,,0,0,0.0,0.0,0.0,observe_click,9,41,12,65,,,true,,,,0.3073099415204678,-OgfX01-J_kYt7xY4mgF,13,-2
3,16766,41,37,63,61,8,206038,13,62,93,89,5,,,html-keyboard-response,36,2.1.0,174914589,40,0,0_1_2_3_4_5_6_7_0_1_2_3_4_5_6_7_1_2_3_8_9_10_11_8_9_10_11_9_5_10_10_11_8_12_12_13_13_2_5_5,27_100_37_94_22_67_19_10_49_10_100_36_10_100_10_36_25_62_22_46_62_100_10_100_55_100_100_62_86_38_15_10_36_10_10_12_10_77_50_99,ExploreTrial,0.5,2,2,12,0,0,,0,0,0.0,0.0,0.0,observe_click,9,41,12,65,,,true,,,,0.35108695652173916,-OgfX01-J_kYt7xY4mgF,12,-1
4,14394,19,19,51,59,18,148989,12,66,91,85,1,,,html-keyboard-response,44,2.1.0,175099848,40,0,0_1_2_3_4_5_6_7_0_1_2_3_4_5_6_7_7_6_4_3_1_0_8_9_10_11_12_8_9_10_11_11_12_10_8_1_1_10_1_1,60_87_10_74_78_10_39_10_93_100_10_58_64_38_100_49_10_10_66_84_100_70_79_100_100_65_57_100_14_100_100_35_10_31_57_100_100_90_13_40,ExploreTrial,0.5,2,2,12,0,0,,0,0,0.0,0.0,0.0,observe_click,9,41,12,65,,,true,,,,0.4002272727272727,-OgfX01-J_kYt7xY4mgF,16,4
5,16370,32,19,69,57,15,143249,16,70,94,77,7,,,html-keyboard-response,52,2.1.0,175276866,40,0,0_1_2_3_4_5_6_7_7_6_5_4_3_2_1_0_0_1_2_5_6_7_8_9_10_11_11_10_10_7_12_13_14_15_15_10_10_7_16_16,91_44_35_10_17_29_100_100_53_10_73_16_10_100_100_10_16_40_13_10_10_100_10_14_48_96_10_84_75_92_15_32_10_41_10_100_17_100_69_64,ExploreTrial,0.5,2,2,12,0,0,,0,0,0.0,0.0,0.0,observe_click,9,41,12,65,,,true,,,,0.38069395017793595,-OgfX01-J_kYt7xY4mgF,11,-5
6,15088,70,9,15,52,0,241163,11,53,97,87,11,,,html-keyboard-response,60,2.1.0,175555209,40,0,0_1_2_3_4_5_6_7_7_3_1_0_2_3_4_5_6_1_2_4_7_5_8_9_10_11_10_9_8_11_1_2_4_5_8_8_9_11_11_11,47_10_100_12_88_97_43_10_100_100_90_26_90_10_100_39_42_100_69_100_31_100_91_70_19_100_88_55_100_100_58_44_46_86_52_66_25_67_100_52,ExploreTrial,0.5,2,2,12,0,0,,0,0,0.0,0.0,0.0,observe_click,9,41,12,65,,,true,,,,0.35513392857142856,-OgfX01-J_kYt7xY4mgF,12,1
7,14493,15,23,71,42,25,188300,12,77,92,89,12,,,html-keyboard-response,68,2.1.0,175772126,40,0,0_1_2_3_4_5_6_7_6_4_1_0_2_3_3_5_5_7_7_2_0_0_2_5_8_9_10_11_12_8_9_10_11_12_8_10_12_0_2_2,100_21_57_71_48_100_46_59_35_10_10_98_100_10_77_28_54_77_44_96_35_97_64_59_100_10_40_52_57_33_10_100_44_100_80_10_68_10_82_43,ExploreTrial,0.5,2,2,12,0,0,,0,0,0.0,0.0,0.0,observe_click,9,41,12,65,,,true,,,,0.4100467289719626,-OgfX01-J_kYt7xY4mgF,11,-1
8,13075,18,12,65,52,40,173891,11,79,87,82,4,,,html-keyboard-response,76,2.1.0,175977868,40,0,0_1_2_3_4_5_6_7_0_1_2_3_4_5_6_7_0_1_4_6_7_0_1_4_8_9_10_11_8_9_10_11_11_11_0_1_4_11_4_11,100_86_42_43_100_11_10_93_67_87_74_10_62_25_100_64_81_88_98_43_27_100_10_100_10_44_17_100_29_10_60_100_10_75_38_10_96_100_73_76,ExploreTrial,0.5,2,2,12,0,0,,0,0,0.0,0.0,0.0,observe_click,9,41,12,65,,,true,,,,0.41370192307692305,-OgfX01-J_kYt7xY4mgF,11,0
9,11111,0,17,77,0,26,144267,11,85,98,85,11,,,html-keyboard-response,84,2.1.0,176145392,40,0,0_1_2_3_4_5_6_7_1_2_4_6_0_3_5_7_6_0_2_3_5_6_8_9_10_11_11_10_8_9_8_10_11_11_11_3_8_8_11_3,71_10_23_100_10_75_10_46_53_98_10_100_30_75_68_10_17_34_10_69_25_10_100_44_43_100_100_58_61_45_10_10_100_100_62_60_94_10_74_50,ExploreTrial,0.5,2,2,12,0,0,,0,0,0.0,0.0,0.0,observe_click,9,41,12,65,,,true,,,,0.34096638655462186,-OgfX01-J_kYt7xY4mgF,13,2
10,11297,0,11,68,13,61,120428,13,86,99,86,3,,,html-keyboard-response,92,2.1.0,176288670,40,0,0_1_2_3_4_5_6_7_4_5_6_7_3_2_1_0_0_1_2_3_5_6_7_7_6_5_3_2_3_8_9_10_11_3_12_13_11_11_10_3,100_100_100_100_39_28_62_10_56_100_100_100_100_34_40_28_31_10_56_100_66_68_85_84_14_79_100_89_100_59_77_77_100_100_10_93_19_73_87_100,ExploreTrial,0.5,2,2,12,0,0,,0,0,0.0,0.0,0.0,observe_click,9,41,12,65,,,true,,,,0.3868357487922705,-OgfX01-J_kYt7xY4mgF,11,-2
11,11671,19,12,44,11,27,150955,11,85,97,91,1,,,html-keyboard-response,100,2.1.0,176459654,40,0,0_1_2_3_4_5_6_7_7_6_7_5_4_4_3_3_2_1_1_0_0_0_1_4_5_5_1_0_1_8_9_10_11_11_8_9_10_10_10_9,89_97_10_78_32_100_42_39_88_25_10_87_80_100_79_37_10_100_52_10_100_88_69_100_45_10_100_83_100_10_86_100_10_68_46_100_100_34_41_53,ExploreTrial,0.5,2,2,12,0,0,,0,0,0.0,0.0,0.0,observe_click,9,41,12,65,,,true,,,,0.4216321243523316,-OgfX01-J_kYt7xY4mgF,11,0
12,9678,56,14,13,67,10,134525,11,66,94,94,9,,,html-keyboard-response,108,2.1.0,176616609,40,0,0_1_2_3_4_5_6_7_0_2_3_6_7_7_6_5_5_4_4_1_0_0_7_5_8_9_10_11_11_10_9_8_8_9_10_11_9_0_9_9,10_77_39_23_62_100_40_10_100_10_52_100_93_100_10_67_78_65_75_10_100_63_53_55_100_93_46_39_100_99_100_68_48_56_58_10_100_46_59_65,ExploreTrial,0.5,2,2,13,0,0,,0,0,0.0,0.0,0.0,observe_click,9,41,12,65,,,true,,,,0.3451298701298701,-OgfX01-J_kYt7xY4mgF,,
0,38744,0,20,100,0,100,145691,26,88,88,88,16,,,html-keyboard-response,5,2.1.0,5829795,40,0,0_1_1_2_3_3_4_5_6_7_8_8_9_10_11_12_13_14_14_15_15_16_16_16_15_17_18_18_19_20_19_21_22_23_22_22_23_24_25_26,24_100_79_79_100_45_13_43_44_10_59_100_74_48_67_10_71_95_76_100_90_100_100_78_79_71_100_12_82_10_36_37_82_86_100_97_22_14_76_10,ExploreTrial,0.5,2,2,12,0,0,,0,0,0.0,0.0,0.0,observe_click,15,41,23,100,,,true,,,,0.31634438305709023,-Ogf_loNtj5e0lQCZmBR,23,-3
1,30329,58,22,60,66,21,181452,23,79,93,93,3,,,html-keyboard-response,13,2.1.0,6062324,40,0,0_1_2_2_3_3_4_4_5_6_6_7_8_9_9_10_11_11_3_11_12_12_12_3_12_13_14_15_16_17_18_16_18_19_20_21_22_23_12_3,10_78_100_59_100_98_100_75_43_100_87_49_25_96_38_47_100_100_100_10_100_100_97_64_80_65_10_11_89_23_88_80_54_16_72_10_53_48_10_100,ExploreTrial,0.5,2,2,12,0,0,,0,0,0.0,0.0,0.0,observe_click,15,41,23,100,,,true,,,,0.3538135593220339,-Ogf_loNtj5e0lQCZmBR,22,-1
2,48953,0,10,99,0,100,139256,22,94,94,94,22,,,html-keyboard-response,21,2.1.0,6253988,40,0,0_1_2_3_4_5_6_7_8_9_10_11_12_13_6_7_11_12_13_14_15_6_7_13_16_17_18_19_20_21_22_22_22_20_20_20_22_22_20_22,10_47_37_43_20_40_100_100_61_12_10_100_100_100_100_96_10_44_94_10_49_74_63_19_69_10_80_30_91_10_100_100_87_100_99_93_100_100_68_100,ExploreTrial,0.5,2,2,12,0,0,,0,0,0.0,0.0,0.0,observe_click,15,41,23,100,,,true,,,,0.3028957528957529,-Ogf_loNtj5e0lQCZmBR,27,5
3,21381,66,36,46,69,25,156992,27,82,91,91,13,,,html-keyboard-response,34,2.1.0,6496205,40,0,0_1_2_3_4_5_6_7_1_3_7_8_9_10_11_12_13_14_15_16_17_18_19_20_13_17_13_21_22_23_22_22_23_24_25_26_27_27_13_18,10_100_76_100_10_75_59_100_71_31_70_10_10_10_10_10_100_81_10_56_100_93_48_10_100_31_100_10_100_100_100_10_67_22_36_10_100_69_48_31,ExploreTrial,0.5,2,2,12,0,0,,0,0,0.0,0.0,0.0,observe_click,15,41,23,100,,,true,,,,0.3320017953321364,-Ogf_loNtj5e0lQCZmBR,23,-4
4,31276,0,4,93,0,97,115809,23,90,90,90,15,,,html-keyboard-response,42,2.1.0,6648558,40,0,0_1_2_3_4_5_6_7_8_9_1_9_10_11_12_13_14_15_15_15_1_1_15_16_16_17_18_19_15_15_20_21_22_23_23_23_23_15_15_15,10_100_33_17_52_10_40_55_31_95_91_14_20_54_74_18_52_100_95_100_100_15_100_100_85_10_45_93_100_100_42_22_56_100_98_81_100_100_100_74,ExploreTrial,0.5,2,2,12,0,0,,0,0,0.0,0.0,0.0,observe_click,15,41,23,100,,,true,,,,0.3231744421906694,-Ogf_loNtj5e0lQCZmBR,19,-4
5,19786,68,20,38,63,11,143853,19,84,98,98,2,,,html-keyboard-response,50,2.1.0,6832852,40,0,0_1_2_3_4_5_6_7_8_9_10_11_12_13_14_15_0_2_3_4_6_10_15_2_10_2_2_0_0_0_0_2_16_17_18_19_2_2_2_2,100_16_100_100_100_73_100_79_58_50_98_53_87_83_22_100_96_100_25_75_87_100_10_100_68_100_45_100_100_43_17_100_10_10_10_10_97_86_100_10,ExploreTrial,0.5,2,2,12,0,0,,0,0,0.0,0.0,0.0,observe_click,15,41,23,100,,,true,,,,0.5013671875,-Ogf_loNtj5e0lQCZmBR,26,7
6,17536,76,26,38,71,19,157533,26,65,98,98,4,,,html-keyboard-response,58,2.1.0,7019107,40,0,0_1_2_3_4_5_6_7_8_9_10_11_12_13_14_15_16_17_18_19_20_21_1_4_6_20_1_4_20_22_22_22_23_24_9_1_4_20_25_26,52_100_47_10_100_36_91_21_50_66_50_49_40_23_56_53_47_10_19_25_100_62_100_100_69_100_59_50_51_100_72_51_58_10_45_44_68_50_49_25,ExploreTrial,0.5,2,2,12,0,0,,0,0,0.0,0.0,0.0,observe_click,15,41,23,100,,,true,,,,0.3853092783505155,-Ogf_loNtj5e0lQCZmBR,29,3
7,23896,71,69,25,78,17,108880,29,70,93,82,28,,,html-keyboard-response,66,2.1.0,7163556,40,0,0_1_2_3_4_5_6_7_8_9_10_11_12_13_14_15_16_17_18_19_20_18_16_21_22_23_24_25_25_26_27_28_27_28_28_28_28_29_29_29,30_63_10_35_71_54_39_47_39_72_10_35_57_69_22_12_100_10_97_29_63_79_80_10_10_10_31_81_47_10_95_100_14_100_100_100_85_100_83_100,ExploreTrial,0.5,2,2,12,0,0,,0,0,0.0,0.0,0.0,observe_click,15,41,23,100,,,true,,,,0.3033646888567294,-Ogf_loNtj5e0lQCZmBR,22,-7
8,27244,81,15,42,69,30,159677,22,89,92,92,20,,,html-keyboard-response,74,2.1.0,7367419,40,0,0_1_2_3_4_5_6_7_8_9_10_11_12_13_14_2_3_6_9_12_15_15_16_16_17_18_19_20_20_2_12_16_20_16_21_21_22_16_16_20,10_28_100_100_49_63_97_10_68_90_10_76_100_66_81_100_42_10_33_100_100_73_100_100_10_33_64_100_100_65_51_100_66_86_100_45_82_78_10_94,ExploreTrial,0.5,2,2,12,0,0,,0,0,0.0,0.0,0.0,observe_click,15,41,23,100,,,true,,,,0.3161578947368421,-Ogf_loNtj5e0lQCZmBR,20,-2
9,18562,50,20,55,38,33,173365,20,91,94,94,13,,,html-keyboard-response,82,2.1.0,7589771,40,0,0_1_2_3_4_5_6_7_8_9_10_11_12_13_14_15_16_17_4_5_2_13_6_16_6_16_18_19_19_19_20_20_6_19_16_13_13_13_19_6,10_32_80_25_100_100_100_10_10_10_64_55_61_100_75_10_100_10_64_44_17_66_100_100_82_47_71_98_100_84_100_50_51_60_29_100_98_70_64_53,ExploreTrial,0.5,2,2,12,0,0,,0,0,0.0,0.0,0.0,observe_click,15,41,23,100,,,true,,,,0.31660997732426305,-Ogf_loNtj5e0lQCZmBR,24,4
10,24555,93,17,22,88,8,181307,24,46,89,86,20,,,html-keyboard-response,90,2.1.0,7824073,40,0,0_1_2_3_4_5_6_7_8_9_0_2_3_6_10_11_12_3_6_13_14_15_16_17_18_19_20_21_20_6_2_22_23_6_2_24_6_6_3_20,100_22_100_94_65_54_95_50_61_77_10_61_100_100_25_42_59_10_100_10_10_10_44_67_69_10_99_72_10_39_62_39_34_39_22_35_84_25_36_99,ExploreTrial,0.5,2,2,12,0,0,,0,0,0.0,0.0,0.0,observe_click,15,41,23,100,,,true,,,,0.42039641943734013,-Ogf_loNtj5e0lQCZmBR,22,-2
11,20611,49,78,61,36,65,146356,22,92,95,92,22,,,html-keyboard-response,98,2.1.0,8003691,40,0,0_1_2_3_4_5_6_7_8_9_10_11_12_13_10_11_13_14_15_16_2_17_18_19_20_20_20_2_6_6_13_21_22_22_22_22_22_22_22_2,51_34_96_31_69_50_79_55_32_73_100_100_14_100_54_32_66_20_18_64_100_10_56_10_89_100_65_40_100_46_55_17_96_100_100_97_100_55_100_10,ExploreTrial,0.5,2,2,12,0,0,,0,0,0.0,0.0,0.0,observe_click,15,41,23,100,,,true,,,,0.34224489795918367,-Ogf_loNtj5e0lQCZmBR,22,0
12,25290,5,37,88,14,85,135091,22,93,94,93,15,,,html-keyboard-response,106,2.1.0,8166893,40,0,0_1_2_3_4_5_6_7_8_9_10_11_12_13_14_15_16_17_18_19_3_10_7_15_7_15_10_7_10_16_15_7_20_21_22_7_15_10_7_15,50_47_11_100_79_49_76_100_58_37_100_41_10_35_63_100_89_12_48_75_10_100_100_91_100_89_100_71_54_79_85_97_76_59_67_81_100_24_83_100,ExploreTrial,0.5,2,2,13,0,0,,0,0,0.0,0.0,0.0,observe_click,15,41,23,100,,,true,,,,0.30052447552447553,-Ogf_loNtj5e0lQCZmBR,,
0,2050,0,0,0,0,0,18740,0,50,91,50,0,,,html-keyboard-response,5,2.1.0,67162,40,0,0_0_0_0_0_0_0_0_0_0_0_0_0_0_0_0_0_0_0_0_0_0_0_0_0_0_0_0_0_0_0_0_0_0_0_0_0_0_0_0,26_10_100_12_78_100_58_100_76_10_88_10_52_10_96_10_25_100_27_10_10_44_49_29_29_10_88_50_16_100_11_56_86_10_63_68_82_31_67_65,ExploreTrial,0.5,2,2,12,0,0,,0,0,0.0,0.0,0.0,observe_click,23,41,25,100,,,true,,,,0.0,-Ogo7hmwHb0VfmebWLfM,0,0
1,1928,0,0,0,0,0,9183,0,51,97,51,0,,,html-keyboard-response,13,2.1.0,85025,40,0,0_0_0_0_0_0_0_0_0_0_0_0_0_0_0_0_0_0_0_0_0_0_0_0_0_0_0_0_0_0_0_0_0_0_0_0_0_0_0_0,10_47_82_54_43_59_39_10_10_75_33_24_25_10_97_25_17_77_93_92_100_34_10_10_10_41_88_80_54_21_10_90_71_77_34_10_25_44_63_24,ExploreTrial,0.5,2,2,12,0,0,,0,0,0.0,0.0,0.0,observe_click,23,41,25,100,,,true,,,,0.0,-Ogo7hmwHb0VfmebWLfM,0,0
2,2301,0,0,0,0,0,9254,0,84,91,84,0,,,html-keyboard-response,21,2.1.0,101467,40,0,0_0_0_0_0_0_0_0_0_0_0_0_0_0_0_0_0_0_0_0_0_0_0_0_0_0_0_0_0_0_0_0_0_0_0_0_0_0_0_0,60_100_100_15_100_100_83_37_76_100_89_87_92_100_100_95_69_98_94_38_100_35_37_83_82_100_75_33_95_100_100_30_100_100_75_55_10_100_45_100,ExploreTrial,0.5,2,2,12,0,0,,0,0,0.0,0.0,0.0,observe_click,23,41,25,100,,,true,,,,0.0,-Ogo7hmwHb0VfmebWLfM,0,0
3,2513,0,0,0,0,0,8968,0,57,92,57,0,,,html-keyboard-response,34,2.1.0,127410,40,0,0_0_0_0_0_0_0_0_0_0_0_0_0_0_0_0_0_0_0_0_0_0_0_0_0_0_0_0_0_0_0_0_0_0_0_0_0_0_0_0,10_75_10_30_26_66_89_62_100_49_52_84_98_100_28_100_10_75_85_85_10_68_32_79_74_40_100_54_10_18_82_63_36_56_10_33_79_10_77_20,ExploreTrial,0.5,2,2,12,0,0,,0,0,0.0,0.0,0.0,observe_click,23,41,25,100,,,true,,,,0.0,-Ogo7hmwHb0VfmebWLfM,0,0
4,2496,0,0,0,0,0,8958,0,50,93,50,0,,,html-keyboard-response,42,2.1.0,144529,40,0,0_0_0_0_0_0_0_0_0_0_0_0_0_0_0_0_0_0_0_0_0_0_0_0_0_0_0_0_0_0_0_0_0_0_0_0_0_0_0_0,10_85_25_100_75_10_47_77_68_33_92_10_28_52_100_87_33_92_54_10_83_89_10_100_100_11_100_100_40_20_37_10_13_100_69_10_62_10_10_24,ExploreTrial,0.5,2,2,12,0,0,,0,0,0.0,0.0,0.0,observe_click,23,41,25,100,,,true,,,,0.0,-Ogo7hmwHb0VfmebWLfM,0,0
5,10865,0,0,0,0,0,9796,0,62,97,62,0,,,html-keyboard-response,50,2.1.0,161772,40,0,0_0_0_0_0_0_0_0_0_0_0_0_0_0_0_0_0_0_0_0_0_0_0_0_0_0_0_0_0_0_0_0_0_0_0_0_0_0_0_0,100_10_58_100_28_15_100_79_26_76_56_60_10_83_89_86_60_100_37_79_94_62_10_10_94_66_100_10_23_100_47_12_20_18_35_100_100_56_79_17,ExploreTrial,0.5,2,2,12,0,0,,0,0,0.0,0.0,0.0,observe_click,23,41,25,100,,,true,,,,0.0,-Ogo7hmwHb0VfmebWLfM,0,0
6,2073,0,0,0,0,0,9276,0,68,93,68,0,,,html-keyboard-response,58,2.1.0,190948,40,0,0_0_0_0_0_0_0_0_0_0_0_0_0_0_0_0_0_0_0_0_0_0_0_0_0_0_0_0_0_0_0_0_0_0_0_0_0_0_0_0,62_100_77_55_60_95_90_45_33_50_26_47_34_100_100_59_27_100_91_100_38_41_83_20_10_28_38_100_10_100_75_100_51_47_78_73_10_96_100_37,ExploreTrial,0.5,2,2,12,0,0,,0,0,0.0,0.0,0.0,observe_click,23,41,25,100,,,true,,,,0.0,-Ogo7hmwHb0VfmebWLfM,0,0
7,3060,0,0,0,0,0,18451,0,40,99,40,0,,,html-keyboard-response,66,2.1.0,215834,40,0,0_0_0_0_0_0_0_0_0_0_0_0_0_0_0_0_0_0_0_0_0_0_0_0_0_0_0_0_0_0_0_0_0_0_0_0_0_0_0_0,43_18_10_37_50_62_72_66_34_10_98_52_34_43_10_67_10_10_81_85_16_10_62_28_10_100_22_100_10_100_24_10_10_100_10_58_10_18_100_36,ExploreTrial,0.5,2,2,12,0,0,,0,0,0.0,0.0,0.0,observe_click,23,41,25,100,,,true,,,,0.0,-Ogo7hmwHb0VfmebWLfM,0,0
8,2642,0,0,0,0,0,9338,0,29,94,29,0,,,html-keyboard-response,74,2.1.0,238830,40,0,0_0_0_0_0_0_0_0_0_0_0_0_0_0_0_0_0_0_0_0_0_0_0_0_0_0_0_0_0_0_0_0_0_0_0_0_0_0_0_0,10_10_85_45_57_78_32_15_14_19_22_42_72_86_80_10_56_40_19_13_20_35_10_25_11_10_100_18_10_10_75_35_61_45_10_10_100_10_52_10,ExploreTrial,0.5,2,2,12,0,0,,0,0,0.0,0.0,0.0,observe_click,23,41,25,100,,,true,,,,0.0,-Ogo7hmwHb0VfmebWLfM,23,23
9,14091,0,0,94,9,97,94781,23,92,92,92,22,,,html-keyboard-response,82,2.1.0,368921,40,0,0_1_2_3_4_5_6_7_8_9_10_11_12_13_14_15_16_17_18_19_20_21_22_23_23_23_23_22_15_22_15_15_15_12_6_6_9_9_12_22,63_35_10_63_81_32_99_10_23_100_13_19_98_58_30_100_10_45_57_10_50_83_92_100_10_94_100_100_100_80_100_100_38_88_59_81_37_68_55_76,ExploreTrial,0.5,2,2,12,0,0,,0,0,0.0,0.0,0.0,observe_click,23,41,25,100,,,true,,,,0.3008095238095238,-Ogo7hmwHb0VfmebWLfM,23,0
10,21850,19,77,76,93,32,89124,23,64,96,96,21,,,html-keyboard-response,90,2.1.0,483521,40,0,0_1_2_3_4_5_6_7_8_9_10_11_12_13_14_15_16_17_18_19_1_1_14_14_12_14_14_19_16_16_19_20_21_22_23_21_22_23_21_21,10_100_10_10_18_33_10_13_58_14_22_36_77_55_100_60_100_52_35_83_10_41_15_100_10_74_10_66_35_10_59_56_100_100_100_85_31_46_13_66,ExploreTrial,0.5,2,2,12,0,0,,0,0,0.0,0.0,0.0,observe_click,23,41,25,100,,,true,,,,0.3037213740458015,-Ogo7hmwHb0VfmebWLfM,24,1
11,27047,0,10,100,62,98,97829,24,96,96,96,24,,,html-keyboard-response,98,2.1.0,619751,40,0,0_1_2_3_4_5_6_7_8_9_10_11_12_13_14_15_16_17_18_19_2_2_6_14_14_13_13_19_16_8_8_20_21_22_23_24_14_23_24_24,10_50_87_27_27_81_100_77_100_90_79_24_79_100_100_64_100_10_67_88_100_69_10_49_100_28_10_10_19_100_69_72_39_78_100_100_10_10_100_90,ExploreTrial,0.5,2,2,12,0,0,,0,0,0.0,0.0,0.0,observe_click,23,41,25,100,,,true,,,,0.329,-Ogo7hmwHb0VfmebWLfM,24,0
12,23603,66,94,48,62,31,87230,24,88,97,97,13,,,html-keyboard-response,106,2.1.0,747685,40,0,0_1_2_3_4_5_6_7_8_9_10_11_12_13_14_15_16_17_18_19_9_9_0_16_16_12_12_13_13_14_13_13_20_21_22_23_24_23_23_23,10_39_17_10_31_74_57_70_10_91_92_63_100_100_99_10_100_55_64_10_61_66_41_56_100_100_60_100_100_48_100_61_42_33_69_100_71_65_100_100,ExploreTrial,0.5,2,2,13,0,0,,0,0,0.0,0.0,0.0,observe_click,23,41,25,100,,,true,,,,0.3042730844793713,-Ogo7hmwHb0VfmebWLfM,,
0,1840,0,0,0,0,0,6554,0,29,94,29,0,,,html-keyboard-response,5,2.1.0,2308016,40,0,0_0_0_0_0_0_0_0_0_0_0_0_0_0_0_0_0_0_0_0_0_0_0_0_0_0_0_0_0_0_0_0_0_0_0_0_0_0_0_0,67_40_55_100_71_100_74_11_100_90_57_43_68_10_37_31_32_12_46_82_37_68_10_74_78_49_10_53_66_25_15_33_10_10_33_10_14_10_91_40,ExploreTrial,0.5,2,2,12,0,0,,0,0,0.0,0.0,0.0,observe_click,0,41,1,10,,,true,,,,0.0,-OgoGNa_bWJ2uJ9Ug-bJ,0,0
1,1934,0,0,0,0,0,14237,0,68,95,68,0,,,html-keyboard-response,13,2.1.0,2331654,40,0,0_0_0_0_0_0_0_0_0_0_0_0_0_0_0_0_0_0_0_0_0_0_0_0_0_0_0_0_0_0_0_0_0_0_0_0_0_0_0_0,51_10_100_68_10_24_21_100_100_35_82_94_44_14_34_80_38_40_64_67_80_100_48_10_69_100_84_75_100_10_40_13_74_100_57_100_47_81_17_68,ExploreTrial,0.5,2,2,12,0,0,,0,0,0.0,0.0,0.0,observe_click,0,41,1,10,,,true,,,,0.0,-OgoGNa_bWJ2uJ9Ug-bJ,0,0
2,3108,0,0,0,0,0,6265,0,71,93,71,0,,,html-keyboard-response,21,2.1.0,2346349,40,0,0_0_0_0_0_0_0_0_0_0_0_0_0_0_0_0_0_0_0_0_0_0_0_0_0_0_0_0_0_0_0_0_0_0_0_0_0_0_0_0,10_91_59_100_53_100_100_39_64_85_33_71_33_96_35_100_67_94_38_100_34_54_100_30_22_100_29_98_100_100_71_62_10_10_51_100_75_48_10_66,ExploreTrial,0.5,2,2,12,0,0,,0,0,0.0,0.0,0.0,observe_click,0,41,1,10,,,true,,,,0.0,-OgoGNa_bWJ2uJ9Ug-bJ,0,0
3,3200,0,0,0,0,0,11081,0,87,96,87,0,,,html-keyboard-response,34,2.1.0,2378532,40,0,0_0_0_0_0_0_0_0_0_0_0_0_0_0_0_0_0_0_0_0_0_0_0_0_0_0_0_0_0_0_0_0_0_0_0_0_0_0_0_0,100_100_10_42_22_33_30_100_78_100_100_100_73_99_85_37_100_100_99_78_50_100_88_74_20_100_79_100_100_92_100_78_100_67_40_79_100_98_100_100,ExploreTrial,0.5,2,2,12,0,0,,0,0,0.0,0.0,0.0,observe_click,0,41,1,10,,,true,,,,0.0,-OgoGNa_bWJ2uJ9Ug-bJ,0,0
4,2649,0,0,0,0,0,8520,0,74,88,74,0,,,html-keyboard-response,42,2.1.0,2395552,40,0,0_0_0_0_0_0_0_0_0_0_0_0_0_0_0_0_0_0_0_0_0_0_0_0_0_0_0_0_0_0_0_0_0_0_0_0_0_0_0_0,100_26_100_100_84_93_100_88_54_100_100_100_97_100_26_12_23_10_72_73_71_28_100_24_77_35_100_100_100_59_40_47_55_100_100_87_81_53_100_38,ExploreTrial,0.5,2,2,12,0,0,,0,0,0.0,0.0,0.0,observe_click,0,41,1,10,,,true,,,,0.0,-OgoGNa_bWJ2uJ9Ug-bJ,0,0
5,2337,0,0,0,0,0,9133,0,82,95,82,0,,,html-keyboard-response,50,2.1.0,2413021,40,0,0_0_0_0_0_0_0_0_0_0_0_0_0_0_0_0_0_0_0_0_0_0_0_0_0_0_0_0_0_0_0_0_0_0_0_0_0_0_0_0,89_100_100_38_31_41_83_31_64_72_100_61_100_100_90_100_100_45_10_45_74_10_100_100_91_100_95_38_92_23_75_60_100_59_27_80_82_24_51_10,ExploreTrial,0.5,2,2,12,0,0,,0,0,0.0,0.0,0.0,observe_click,0,41,1,10,,,true,,,,0.0,-OgoGNa_bWJ2uJ9Ug-bJ,0,0
6,2246,0,0,0,0,0,11133,0,79,96,79,0,,,html-keyboard-response,58,2.1.0,2432256,40,0,0_0_0_0_0_0_0_0_0_0_0_0_0_0_0_0_0_0_0_0_0_0_0_0_0_0_0_0_0_0_0_0_0_0_0_0_0_0_0_0,100_90_28_60_10_100_96_38_90_85_98_88_100_81_96_35_100_100_10_95_60_100_96_33_83_43_100_65_100_100_10_78_100_83_99_21_30_100_68_80,ExploreTrial,0.5,2,2,12,0,0,,0,0,0.0,0.0,0.0,observe_click,0,41,1,10,,,true,,,,0.0,-OgoGNa_bWJ2uJ9Ug-bJ,0,0
7,2131,0,0,0,0,0,10704,0,44,94,44,0,,,html-keyboard-response,66,2.1.0,2450001,40,0,0_0_0_0_0_0_0_0_0_0_0_0_0_0_0_0_0_0_0_0_0_0_0_0_0_0_0_0_0_0_0_0_0_0_0_0_0_0_0_0,13_10_73_40_100_98_92_47_80_10_100_10_58_33_10_10_100_79_10_54_87_10_10_78_32_54_81_43_10_42_56_10_10_66_10_68_48_11_37_49,ExploreTrial,0.5,2,2,12,0,0,,0,0,0.0,0.0,0.0,observe_click,0,41,1,10,,,true,,,,0.0,-OgoGNa_bWJ2uJ9Ug-bJ,0,0
8,2453,0,0,0,0,0,13427,0,83,96,83,0,,,html-keyboard-response,74,2.1.0,2471949,40,0,0_0_0_0_0_0_0_0_0_0_0_0_0_0_0_0_0_0_0_0_0_0_0_0_0_0_0_0_0_0_0_0_0_0_0_0_0_0_0_0,100_87_100_100_100_100_100_96_59_47_100_10_64_100_66_100_94_100_82_97_77_100_50_66_100_52_100_99_100_54_93_100_53_29_100_100_67_17_100_77,ExploreTrial,0.5,2,2,12,0,0,,0,0,0.0,0.0,0.0,observe_click,0,41,1,10,,,true,,,,0.0,-OgoGNa_bWJ2uJ9Ug-bJ,0,0
9,2357,0,0,0,0,0,8519,0,41,98,41,0,,,html-keyboard-response,82,2.1.0,2488642,40,0,0_0_0_0_0_0_0_0_0_0_0_0_0_0_0_0_0_0_0_0_0_0_0_0_0_0_0_0_0_0_0_0_0_0_0_0_0_0_0_0,13_10_55_75_51_72_88_10_42_10_75_32_10_100_55_95_74_24_100_44_20_92_10_70_100_10_10_10_20_90_10_42_10_46_12_10_29_56_90_10,ExploreTrial,0.5,2,2,12,0,0,,0,0,0.0,0.0,0.0,observe_click,0,41,1,10,,,true,,,,0.0,-OgoGNa_bWJ2uJ9Ug-bJ,0,0
10,2206,0,0,0,0,0,14020,0,82,88,82,0,,,html-keyboard-response,90,2.1.0,2509887,40,0,0_0_0_0_0_0_0_0_0_0_0_0_0_0_0_0_0_0_0_0_0_0_0_0_0_0_0_0_0_0_0_0_0_0_0_0_0_0_0_0,100_90_100_80_100_27_10_67_94_10_100_100_100_100_25_72_47_100_57_67_100_100_80_86_38_64_100_100_100_70_100_71_100_88_70_100_100_59_99_100,ExploreTrial,0.5,2,2,12,0,0,,0,0,0.0,0.0,0.0,observe_click,0,41,1,10,,,true,,,,0.0,-OgoGNa_bWJ2uJ9Ug-bJ,0,0
11,2473,0,0,0,0,0,9744,0,86,87,86,0,,,html-keyboard-response,98,2.1.0,2527580,40,0,0_0_0_0_0_0_0_0_0_0_0_0_0_0_0_0_0_0_0_0_0_0_0_0_0_0_0_0_0_0_0_0_0_0_0_0_0_0_0_0,11_88_51_96_91_100_62_70_73_100_100_100_100_79_48_100_48_63_92_100_100_74_100_100_100_29_70_100_100_100_100_100_51_77_100_29_52_17_79_100,ExploreTrial,0.5,2,2,12,0,0,,0,0,0.0,0.0,0.0,observe_click,0,41,1,10,,,true,,,,0.0,-OgoGNa_bWJ2uJ9Ug-bJ,0,0
12,2436,0,0,0,0,0,8662,0,69,93,69,0,,,html-keyboard-response,106,2.1.0,2543804,40,0,0_0_0_0_0_0_0_0_0_0_0_0_0_0_0_0_0_0_0_0_0_0_0_0_0_0_0_0_0_0_0_0_0_0_0_0_0_0_0_0,43_35_100_100_71_53_100_46_68_56_90_72_10_30_93_36_29_13_100_82_34_30_74_55_48_89_93_66_82_12_64_92_51_40_31_10_100_100_10_10,ExploreTrial,0.5,2,2,13,0,0,,0,0,0.0,0.0,0.0,observe_click,0,41,1,10,,,true,,,,0.0,-OgoGNa_bWJ2uJ9Ug-bJ,,
0,31638,5,0,80,10,70,109017,12,89,95,95,8,,,html-keyboard-response,5,2.1.0,2361001,40,0,0_1_2_3_4_5_5_6_7_8_8_8_8_3_8_9_9_9_9_9_9_8_8_8_8_9_9_9_9_9_8_8_8_10_11_11_11_11_11_12,10_26_10_59_26_73_12_21_46_100_100_100_50_10_100_97_100_94_94_43_75_88_100_58_100_100_100_100_100_67_100_98_100_45_100_53_10_44_18_15,ExploreTrial,0.5,2,2,12,0,0,,0,0,0.0,0.0,0.0,add_card,23,41,24,100,,,true,,,,0.1875,-OgoL1G4yK0gECIt_U9_,14,2
1,35675,20,10,90,20,70,60891,14,59,91,79,14,,,html-keyboard-response,13,2.1.0,2468498,40,0,0_1_2_3_3_3_3_4_5_5_5_5_5_6_7_6_6_6_8_9_8_8_8_10_10_10_10_11_12_13_13_13_13_14_14_14_14_13_14_14,51_10_46_100_10_15_59_54_100_28_93_10_35_100_10_70_10_98_100_68_10_10_86_100_10_25_60_29_32_100_54_93_100_100_56_100_100_10_86_47,ExploreTrial,0.5,2,2,12,0,0,,0,0,0.0,0.0,0.0,add_card,23,41,24,100,,,true,,,,0.29329268292682925,-OgoL1G4yK0gECIt_U9_,23,9
2,32485,0,10,100,0,80,54326,23,93,93,93,16,,,html-keyboard-response,21,2.1.0,2569648,40,0,0_1_2_3_4_5_6_7_8_9_10_11_12_13_14_15_13_13_14_14_13_14_13_15_15_15_16_17_16_16_16_16_18_19_20_21_22_18_18_23,50_71_37_34_42_44_73_73_79_51_52_76_10_100_100_83_100_48_10_16_69_10_47_100_25_72_100_60_71_100_100_71_70_10_10_10_47_65_84_13,ExploreTrial,0.5,2,2,12,0,0,,0,0,0.0,0.0,0.0,add_card,23,41,24,100,,,true,,,,0.24548543689320387,-OgoL1G4yK0gECIt_U9_,19,-4
3,26291,5,0,90,20,60,40789,19,69,90,90,14,,,html-keyboard-response,34,2.1.0,2731790,40,0,0_1_2_3_4_5_6_7_8_9_0_0_0_5_5_5_10_11_12_13_14_15_16_17_18_19_10_10_10_11_11_11_14_14_14_18_18_18_14_11,100_15_26_30_10_100_85_64_53_24_87_43_59_24_54_10_100_97_16_10_100_70_10_78_100_10_48_64_47_24_80_93_100_100_24_10_10_100_66_40,ExploreTrial,0.5,2,2,12,0,0,,0,0,0.0,0.0,0.0,add_card,23,41,24,100,,,true,,,,0.3351542416452442,-OgoL1G4yK0gECIt_U9_,19,0
4,37081,10,0,80,10,50,33023,19,73,92,87,8,,,html-keyboard-response,42,2.1.0,2801386,40,0,0_1_2_3_4_5_6_7_8_9_0_0_0_8_8_8_10_11_12_13_14_15_16_17_18_19_18_18_18_18_8_8_0_0_0_8_8_8_0_0,100_10_58_58_58_10_10_10_100_10_78_42_80_100_68_36_19_42_78_10_77_17_70_10_100_10_10_100_69_51_78_85_50_69_100_100_100_99_22_82,ExploreTrial,0.5,2,2,12,0,0,,0,0,0.0,0.0,0.0,add_card,23,41,24,100,,,true,,,,0.4418711656441718,-OgoL1G4yK0gECIt_U9_,17,-2
5,25352,0,0,90,20,70,57002,17,80,93,93,11,,,html-keyboard-response,50,2.1.0,2902079,40,0,0_1_2_3_4_5_6_7_8_9_0_0_2_2_5_5_7_7_7_10_11_12_13_14_15_16_17_11_11_11_17_17_17_15_15_15_15_7_11_7,100_70_93_49_47_100_10_93_49_56_10_94_64_23_97_65_100_100_80_60_100_73_27_62_94_37_100_27_95_100_40_48_10_100_19_100_30_100_100_44,ExploreTrial,0.5,2,2,12,0,0,,0,0,0.0,0.0,0.0,add_card,23,41,24,100,,,true,,,,0.3450280112044818,-OgoL1G4yK0gECIt_U9_,19,2
6,28066,10,5,70,0,70,36174,19,83,94,91,18,,,html-keyboard-response,58,2.1.0,2971562,40,0,0_1_2_3_4_5_6_7_8_9_10_11_12_4_4_9_9_12_12_13_14_15_16_17_18_19_18_18_19_19_19_18_18_18_18_18_18_18_18_18,50_63_67_45_96_14_52_72_75_93_16_36_100_26_89_100_10_30_83_75_38_87_38_10_100_100_62_100_100_60_63_100_100_100_80_62_91_100_100_92,ExploreTrial,0.5,2,2,12,0,0,,0,0,0.0,0.0,0.0,add_card,23,41,24,100,,,true,,,,0.2722727272727273,-OgoL1G4yK0gECIt_U9_,19,0
7,22204,0,0,90,0,90,34279,19,86,91,86,16,,,html-keyboard-response,66,2.1.0,3043220,40,0,0_1_2_3_4_5_6_7_8_9_2_2_2_3_3_3_5_5_5_10_11_12_13_14_15_16_10_10_11_11_15_15_16_16_17_18_19_19_19_16,75_56_98_100_10_100_86_56_24_19_100_100_57_71_100_85_10_59_72_91_100_26_10_19_100_100_10_57_100_15_100_22_100_97_88_70_100_64_53_100,ExploreTrial,0.5,2,2,12,0,0,,0,0,0.0,0.0,0.0,add_card,23,41,24,100,,,true,,,,0.3580687830687831,-OgoL1G4yK0gECIt_U9_,19,0
8,27695,0,0,40,10,50,30545,19,58,90,85,14,,,html-keyboard-response,74,2.1.0,3103251,40,0,0_1_2_3_4_5_6_7_8_9_10_2_2_2_5_5_7_7_7_10_10_10_11_12_13_14_15_11_11_11_14_14_14_16_17_18_19_18_18_19,47_17_100_10_10_92_27_100_24_31_100_67_50_75_29_47_100_10_11_100_74_33_100_76_10_100_64_91_63_10_41_48_88_25_13_90_79_10_29_67,ExploreTrial,0.5,2,2,12,0,0,,0,0,0.0,0.0,0.0,add_card,23,41,24,100,,,true,,,,0.32435400516795865,-OgoL1G4yK0gECIt_U9_,28,9
9,22424,0,0,80,20,80,43491,28,67,97,97,4,,,html-keyboard-response,82,2.1.0,3181640,40,0,0_1_2_3_4_5_6_7_8_9_0_0_4_4_9_9_10_11_12_13_14_15_16_17_18_19_20_21_22_23_23_23_24_25_25_25_26_27_28_4,100_14_60_83_100_59_50_60_97_100_57_33_50_100_91_79_72_20_69_41_71_52_87_10_33_38_61_30_83_100_29_10_23_99_10_69_10_23_35_87,ExploreTrial,0.5,2,2,12,0,0,,0,0,0.0,0.0,0.0,add_card,23,41,24,100,,,true,,,,0.3837406015037594,-OgoL1G4yK0gECIt_U9_,21,-7
10,15637,0,0,80,5,80,34479,21,80,93,93,12,,,html-keyboard-response,90,2.1.0,3245654,40,0,0_1_2_3_4_5_6_7_8_9_3_3_7_7_7_10_11_12_13_14_15_16_17_12_12_12_17_17_17_18_19_12_12_17_17_12_12_20_21_20,10_57_10_100_10_64_56_100_10_38_55_73_93_25_64_58_25_100_64_90_45_50_100_100_51_100_76_60_97_10_10_71_100_57_11_100_47_88_21_10,ExploreTrial,0.5,2,2,12,0,0,,0,0,0.0,0.0,0.0,add_card,23,41,24,100,,,true,,,,0.29502237136465326,-OgoL1G4yK0gECIt_U9_,22,1
11,18151,0,0,40,20,60,34691,22,47,97,89,4,,,html-keyboard-response,98,2.1.0,3302465,40,0,0_0_1_2_3_4_5_6_7_8_9_1_1_1_3_3_5_5_10_11_12_12_12_10_13_14_15_16_17_18_18_18_19_20_19_19_21_22_19_4,100_13_96_44_98_83_100_10_64_37_10_100_47_54_49_18_100_24_87_70_100_21_43_25_16_24_64_54_68_84_28_52_100_10_97_31_43_10_60_90,ExploreTrial,0.5,2,2,12,0,0,,0,0,0.0,0.0,0.0,add_card,23,41,24,100,,,true,,,,0.3963399503722084,-OgoL1G4yK0gECIt_U9_,23,1
12,20571,0,0,40,5,50,50215,23,84,91,91,1,,,html-keyboard-response,106,2.1.0,3377348,40,0,0_1_2_3_4_5_6_7_8_9_10_11_12_13_14_15_15_15_2_2_1_1_16_17_18_16_16_17_17_19_20_21_22_21_21_17_17_1_1_23,16_82_86_10_47_14_10_27_10_62_45_64_53_58_10_100_47_25_10_52_68_100_100_85_18_27_17_61_100_37_10_84_60_39_43_38_47_60_66_100,ExploreTrial,0.5,2,2,13,0,0,,0,0,0.0,0.0,0.0,add_card,23,41,24,100,,,true,,,,0.36469298245614035,-OgoL1G4yK0gECIt_U9_,,
0,23050,0,0,100,0,100,229756,24,96,96,96,17,,,html-keyboard-response,5,2.1.0,3713717,40,0,0_1_2_3_4_5_5_6_7_8_8_0_3_9_10_11_12_13_14_15_12_9_12_7_7_16_17_18_19_20_17_17_19_21_22_23_24_24_24_12,87_37_10_81_63_100_10_67_77_100_72_13_68_92_35_10_100_66_41_10_100_38_77_100_63_10_100_68_93_10_90_92_40_58_14_29_100_100_58_100,ExploreTrial,0.5,2,2,12,0,0,,0,0,0.0,0.0,0.0,observe_click,12,41,16,68,,,true,,,,0.3448529411764706,-OgoeLu6jhvkN__YwKYn,25,1
1,48520,40,59,22,72,5,182537,25,65,92,86,5,,,html-keyboard-response,13,2.1.0,3943427,40,0,0_1_2_3_4_5_6_7_8_9_2_2_2_3_4_5_7_7_10_11_12_13_14_15_16_17_18_19_20_21_22_22_23_5_5_24_17_25_17_5,17_19_100_92_97_100_25_100_54_51_50_62_10_53_59_100_42_100_71_14_39_61_70_81_43_83_22_14_38_71_100_55_10_100_69_70_94_10_71_100,ExploreTrial,0.5,2,2,12,0,0,,0,0,0.0,0.0,0.0,observe_click,12,41,16,68,,,true,,,,0.397196261682243,-OgoeLu6jhvkN__YwKYn,27,2
2,47028,21,0,40,51,12,151709,27,86,89,89,8,,,html-keyboard-response,21,2.1.0,4163857,40,0,0_1_2_3_4_5_6_7_8_9_0_1_2_7_8_10_11_12_13_14_15_16_8_11_13_1_2_17_18_19_20_21_22_22_23_24_25_26_27_8,100_81_73_13_44_40_10_77_89_56_60_100_100_27_100_26_83_10_80_43_38_54_100_27_17_53_85_61_10_18_37_22_100_57_48_72_10_44_10_100,ExploreTrial,0.5,2,2,12,0,0,,0,0,0.0,0.0,0.0,observe_click,12,41,16,68,,,true,,,,0.40363340563991323,-OgoeLu6jhvkN__YwKYn,19,-8
3,43365,31,41,21,60,30,196418,19,55,92,88,13,,,html-keyboard-response,34,2.1.0,4451328,40,0,0_1_2_3_4_5_6_7_8_9_0_1_4_5_7_8_4_5_10_11_12_13_14_15_13_14_15_13_14_16_17_18_19_17_19_17_13_4_17_8,80_100_49_62_100_74_49_100_88_14_60_42_89_100_54_45_10_10_10_56_22_94_70_80_100_96_32_21_47_10_76_37_99_93_35_40_87_58_64_72,ExploreTrial,0.5,2,2,12,0,0,,0,0,0.0,0.0,0.0,observe_click,12,41,16,68,,,true,,,,0.3420103092783505,-OgoeLu6jhvkN__YwKYn,19,0
4,19459,23,0,34,71,17,175392,19,84,96,96,11,,,html-keyboard-response,42,2.1.0,4698717,40,0,0_1_2_3_4_5_6_7_8_9_4_6_4_10_11_12_13_14_15_16_17_11_14_15_17_11_14_17_11_17_13_14_11_3_18_19_19_10_19_14,57_15_45_63_71_58_100_10_49_57_71_10_29_76_100_56_92_100_98_36_100_100_100_49_59_100_61_95_59_10_57_69_100_30_10_100_53_55_10_10,ExploreTrial,0.5,2,2,12,0,0,,0,0,0.0,0.0,0.0,observe_click,12,41,16,68,,,true,,,,0.2867511520737327,-OgoeLu6jhvkN__YwKYn,20,1
5,24645,54,13,28,79,8,161870,20,56,90,84,17,,,html-keyboard-response,50,2.1.0,4908194,40,0,0_1_2_3_4_5_6_7_8_9_5_5_7_10_11_12_13_14_15_10_11_10_11_10_5_10_16_17_18_19_20_20_17_17_17_10_5_5_17_17,36_57_10_10_35_100_48_85_10_42_64_60_50_100_100_59_58_62_10_64_100_100_19_75_71_71_25_100_33_10_74_20_100_100_28_25_100_47_100_91,ExploreTrial,0.5,2,2,12,0,0,,0,0,0.0,0.0,0.0,observe_click,12,41,16,68,,,true,,,,0.30399761336515513,-OgoeLu6jhvkN__YwKYn,17,-3
6,30386,72,1,47,76,13,185917,17,91,95,95,15,,,html-keyboard-response,58,2.1.0,5136892,40,0,0_1_2_3_4_5_6_7_8_9_0_2_3_8_4_5_6_10_11_12_13_14_15_16_13_14_15_16_15_2_0_2_15_2_15_15_17_17_17_17,100_42_80_100_40_40_45_10_64_10_65_72_60_37_44_100_10_35_23_10_100_81_100_62_24_10_100_69_70_78_10_100_100_32_96_100_98_55_87_100,ExploreTrial,0.5,2,2,12,0,0,,0,0,0.0,0.0,0.0,observe_click,12,41,16,68,,,true,,,,0.37808988764044943,-OgoeLu6jhvkN__YwKYn,14,-3
7,51344,31,0,40,47,23,135023,14,80,94,94,1,,,html-keyboard-response,66,2.1.0,5314585,40,0,0_1_2_3_4_5_6_7_8_9_1_3_4_9_1_4_9_1_9_4_1_1_4_4_1_9_10_11_12_13_10_11_11_11_14_14_14_14_1_14,15_100_33_100_100_10_10_10_10_100_72_31_94_100_100_72_100_100_10_71_100_100_53_70_70_24_77_100_25_39_14_83_66_57_86_100_43_100_100_53,ExploreTrial,0.5,2,2,12,0,0,,0,0,0.0,0.0,0.0,observe_click,12,41,16,68,,,true,,,,0.39111111111111113,-OgoeLu6jhvkN__YwKYn,15,1
8,32151,0,0,100,0,100,178488,15,92,92,92,0,,,html-keyboard-response,74,2.1.0,5558849,40,0,0_1_2_3_4_5_6_7_8_9_0_1_2_3_6_9_10_11_12_13_14_15_10_11_12_13_14_0_14_13_11_2_0_10_11_13_0_10_2_11,100_100_100_67_10_10_33_11_10_83_100_56_80_86_23_20_75_80_76_85_95_27_80_78_22_100_100_99_18_71_100_71_89_100_63_55_86_11_41_10,ExploreTrial,0.5,2,2,12,0,0,,0,0,0.0,0.0,0.0,observe_click,12,41,16,68,,,true,,,,0.3786912751677852,-OgoeLu6jhvkN__YwKYn,15,0
9,18286,30,0,61,68,60,146024,15,91,93,93,2,,,html-keyboard-response,82,2.1.0,5756022,40,0,0_1_2_3_4_5_6_7_8_9_0_2_3_4_5_6_7_9_10_11_12_13_14_11_14_0_3_2_11_2_0_2_11_15_15_15_11_2_2_2,100_54_100_100_77_51_39_87_10_54_80_100_77_72_45_71_49_48_10_85_10_10_91_96_70_100_29_100_70_97_10_100_83_100_100_17_100_96_100_100,ExploreTrial,0.5,2,2,12,0,0,,0,0,0.0,0.0,0.0,observe_click,12,41,16,68,,,true,,,,0.42596525096525095,-OgoeLu6jhvkN__YwKYn,20,5
10,11959,52,0,35,64,30,169535,20,61,92,92,15,,,html-keyboard-response,90,2.1.0,5956997,40,0,0_1_2_3_4_5_6_7_8_9_1_5_6_7_3_4_10_11_12_13_14_14_13_12_11_12_15_16_17_18_15_18_15_18_1_19_20_20_15_18,23_100_39_65_47_100_100_100_27_24_50_46_77_59_23_22_10_56_70_100_100_33_44_100_37_23_85_10_51_87_100_63_61_10_10_10_73_17_100_10,ExploreTrial,0.5,2,2,12,0,0,,0,0,0.0,0.0,0.0,observe_click,12,41,16,68,,,true,,,,0.33217703349282296,-OgoeLu6jhvkN__YwKYn,14,-6
11,18934,40,14,40,53,28,219670,14,65,94,82,2,,,html-keyboard-response,98,2.1.0,6201782,40,0,0_1_2_3_4_5_6_7_8_9_10_1_2_3_5_6_8_9_10_2_1_11_12_13_14_11_12_13_13_12_10_1_2_2_13_12_2_1_12_12,20_90_78_69_26_90_44_49_100_100_100_76_100_92_10_92_24_31_61_73_100_100_100_100_28_51_100_80_91_56_20_45_100_63_41_66_85_10_100_21,ExploreTrial,0.5,2,2,12,0,0,,0,0,0.0,0.0,0.0,observe_click,12,41,16,68,,,true,,,,0.3725,-OgoeLu6jhvkN__YwKYn,15,1
12,21377,48,6,35,74,27,204338,15,75,97,89,12,,,html-keyboard-response,106,2.1.0,6436731,40,0,0_1_2_3_4_5_6_7_8_9_1_2_3_4_5_6_7_8_9_10_11_12_13_14_15_12_13_15_6_12_4_3_1_1_12_6_15_1_12_12,10_44_24_41_100_45_70_84_59_27_100_18_100_80_88_82_52_86_28_44_23_65_67_10_67_100_32_56_62_86_31_69_95_95_64_59_10_40_100_68,ExploreTrial,0.5,2,2,13,0,0,,0,0,0.0,0.0,0.0,observe_click,12,41,16,68,,,true,,,,0.36689655172413793,-OgoeLu6jhvkN__YwKYn,,
0,45680,16,10,78,8,71,164320,13,44,97,89,0,,,html-keyboard-response,5,2.1.0,2365422,40,0,0_0_0_0_0_0_0_0_0_0_0_1_1_2_3_4_5_6_7_8_9_10_11_12_13_2_2_2_2_2_2_2_2_2_2_2_2_2_2_2,53_10_10_10_43_100_85_37_91_22_100_100_100_100_17_88_46_100_100_53_26_10_100_78_43_97_90_100_34_96_50_100_100_10_10_60_49_100_84_57,ExploreTrial,0.5,2,2,12,0,0,,0,0,0.0,0.0,0.0,observe_click,0,41,26,55,,,true,,,,0.5745901639344262,-Ogox5DQlXHhiTUeD5H2,4,-9
1,33002,0,22,88,0,80,202801,4,88,88,88,3,,,html-keyboard-response,13,2.1.0,2638172,40,0,0_1_2_3_4_0_0_0_0_0_0_0_1_1_1_1_1_1_1_2_2_2_2_2_2_2_3_3_3_3_3_3_3_4_4_4_4_4_4_4,32_10_100_100_29_100_14_27_86_38_96_87_39_62_10_59_33_10_49_48_10_51_45_46_100_31_88_83_10_26_100_100_48_57_100_10_100_28_10_10,ExploreTrial,0.5,2,2,12,0,0,,0,0,0.0,0.0,0.0,observe_click,0,41,26,55,,,true,,,,0.4,-Ogox5DQlXHhiTUeD5H2,7,3
2,26047,30,10,76,31,69,124771,7,73,92,86,1,,,html-keyboard-response,21,2.1.0,2820653,40,0,0_1_2_3_4_5_6_7_0_0_0_0_1_1_1_1_2_2_2_2_3_3_3_3_4_4_4_4_5_5_5_5_6_6_6_6_7_7_7_7,88_98_10_12_80_100_83_100_71_77_80_53_100_98_100_100_15_18_44_10_45_16_52_18_42_74_26_10_66_94_86_49_51_63_10_50_38_100_100_55,ExploreTrial,0.5,2,2,12,0,0,,0,0,0.0,0.0,0.0,observe_click,0,41,26,55,,,true,,,,0.375,-Ogox5DQlXHhiTUeD5H2,7,0
3,33104,39,0,72,21,70,134600,7,82,89,89,0,,,html-keyboard-response,34,2.1.0,3064904,40,0,0_1_2_3_4_5_6_7_0_0_0_0_1_1_1_1_2_2_2_2_3_3_3_3_4_4_4_4_5_5_5_5_6_6_6_6_7_7_7_7,77_21_100_34_100_16_79_58_81_100_91_100_100_32_64_72_39_58_55_100_10_50_97_10_80_29_47_96_10_41_10_57_59_96_100_80_78_82_84_66,ExploreTrial,0.5,2,2,12,0,0,,0,0,0.0,0.0,0.0,observe_click,0,41,26,55,,,true,,,,0.375,-Ogox5DQlXHhiTUeD5H2,7,0
4,34248,11,68,60,30,40,132755,7,64,91,68,7,,,html-keyboard-response,42,2.1.0,3326498,40,0,0_1_2_3_4_5_6_7_0_0_0_0_1_1_1_1_2_2_2_2_3_3_3_3_4_4_4_4_5_5_5_5_6_6_6_6_7_7_7_7,10_10_34_10_69_100_37_41_11_44_10_55_10_10_19_10_100_80_100_24_28_100_47_52_50_100_67_52_10_54_29_46_20_10_10_10_58_64_80_100,ExploreTrial,0.5,2,2,12,0,0,,0,0,0.0,0.0,0.0,observe_click,0,41,26,55,,,true,,,,0.375,-Ogox5DQlXHhiTUeD5H2,9,2
5,23679,30,29,70,71,20,113418,9,68,88,77,6,,,html-keyboard-response,50,2.1.0,3496011,40,0,0_0_0_0_0_1_1_1_1_1_2_2_2_2_2_3_3_3_4_4_4_5_5_5_6_6_6_6_7_7_7_7_7_6_8_9_9_9_9_9,19_10_60_81_50_10_85_72_41_100_19_92_10_65_20_23_42_10_10_52_47_42_17_24_58_91_100_100_19_95_82_100_37_100_17_32_100_46_50_11,ExploreTrial,0.5,2,2,12,0,0,,0,0,0.0,0.0,0.0,observe_click,0,41,26,55,,,true,,,,0.40340236686390535,-Ogox5DQlXHhiTUeD5H2,11,2
6,22124,72,20,61,21,39,131121,11,60,91,85,1,,,html-keyboard-response,58,2.1.0,3670219,40,0,0_0_0_1_1_1_2_2_2_3_3_3_4_4_4_5_5_5_6_6_6_7_8_7_7_7_7_7_1_1_8_8_9_9_9_10_10_10_10_11,57_10_70_100_66_100_31_73_36_66_10_10_54_10_89_35_78_37_73_82_63_100_43_89_99_100_10_100_46_81_70_56_10_66_27_49_10_92_50_10,ExploreTrial,0.5,2,2,12,0,0,,0,0,0.0,0.0,0.0,observe_click,0,41,26,55,,,true,,,,0.3613636363636364,-Ogox5DQlXHhiTUeD5H2,7,-4
7,23070,0,0,82,0,81,110593,7,94,94,94,3,,,html-keyboard-response,66,2.1.0,3824601,40,0,0_0_0_0_0_1_1_1_1_1_2_2_2_2_2_3_3_3_3_3_3_4_4_4_4_4_5_5_5_5_5_6_6_6_6_7_7_7_7_7,75_96_66_35_43_26_100_73_100_10_39_55_100_100_47_100_100_63_100_100_100_48_100_73_77_69_100_49_10_100_100_33_45_100_100_55_78_74_10_100,ExploreTrial,0.5,2,2,12,0,0,,0,0,0.0,0.0,0.0,observe_click,0,41,26,55,,,true,,,,0.3771897810218978,-Ogox5DQlXHhiTUeD5H2,17,10
8,25643,0,11,88,0,88,131223,17,86,90,86,4,,,html-keyboard-response,74,2.1.0,3996458,40,0,0_0_0_0_0_1_1_1_1_1_2_2_3_3_4_4_4_4_4_5_5_5_6_7_8_9_9_10_11_12_13_14_14_15_16_16_16_17_17_17,64_88_100_54_67_83_73_79_54_24_79_10_69_24_100_75_92_95_78_67_100_64_48_53_10_77_30_37_10_49_10_93_17_69_100_71_16_80_90_10,ExploreTrial,0.5,2,2,12,0,0,,0,0,0.0,0.0,0.0,observe_click,0,41,26,55,,,true,,,,0.4739169675090253,-Ogox5DQlXHhiTUeD5H2,19,2
9,22259,69,0,20,76,20,95970,19,72,93,93,4,,,html-keyboard-response,82,2.1.0,4137946,40,0,0_1_1_2_2_2_3_4_4_4_4_4_5_5_6_6_6_7_8_8_9_10_11_12_12_13_14_15_16_17_18_18_18_18_18_19_19_19_19_19,45_100_14_71_78_61_45_100_100_100_67_31_91_18_100_78_48_10_93_10_29_59_31_68_20_68_53_32_42_50_100_42_100_100_34_100_43_100_49_10,ExploreTrial,0.5,2,2,12,0,0,,0,0,0.0,0.0,0.0,observe_click,0,41,26,55,,,true,,,,0.3710858585858586,-Ogox5DQlXHhiTUeD5H2,15,-4
10,29870,30,66,29,40,28,104185,15,81,99,89,0,,,html-keyboard-response,90,2.1.0,4280876,40,0,0_0_0_1_1_2_2_2_3_3_3_3_4_4_5_5_5_6_6_6_7_7_8_8_8_8_9_10_11_12_12_12_12_13_14_14_14_15_0_0,64_91_100_10_64_80_77_47_96_67_100_32_100_10_13_92_34_100_86_10_10_10_91_100_43_83_10_20_37_97_57_100_43_10_100_47_58_10_94_19,ExploreTrial,0.5,2,2,12,0,0,,0,0,0.0,0.0,0.0,observe_click,0,41,26,55,,,true,,,,0.41421568627450983,-Ogox5DQlXHhiTUeD5H2,24,9
11,14856,0,18,79,0,81,80129,24,87,90,87,20,,,html-keyboard-response,98,2.1.0,4404838,40,0,0_1_1_2_3_4_5_6_7_8_9_9_9_9_10_10_11_11_11_12_13_14_14_15_16_17_18_19_19_19_19_20_20_20_20_20_21_22_23_24,51_77_20_13_10_43_50_40_66_10_87_73_48_52_92_25_100_85_100_33_31_72_10_52_10_10_40_100_74_53_94_100_100_75_100_100_10_10_73_59,ExploreTrial,0.5,2,2,12,0,0,,0,0,0.0,0.0,0.0,observe_click,0,41,26,55,,,true,,,,0.30327788649706455,-Ogox5DQlXHhiTUeD5H2,25,1
12,20129,69,8,9,12,13,90904,25,64,96,96,11,,,html-keyboard-response,106,2.1.0,4522868,40,0,0_0_1_2_3_4_4_4_5_5_6_7_8_8_9_10_11_11_12_13_13_14_14_15_16_17_18_19_19_20_21_22_23_24_25_11_11_11_0_0,80_64_73_28_51_91_63_55_94_29_41_51_85_34_24_34_100_81_10_90_40_100_66_64_59_61_40_100_20_48_30_33_10_10_40_53_60_55_100_55,ExploreTrial,0.5,2,2,13,0,0,,0,0,0.0,0.0,0.0,observe_click,0,41,26,55,,,true,,,,0.38153669724770645,-Ogox5DQlXHhiTUeD5H2,,
0,30252,0,32,9,0,91,174912,19,89,89,89,4,,,html-keyboard-response,5,2.1.0,7823462,40,0,0_1_2_3_4_5_6_7_8_9_0_1_2_3_4_5_6_7_8_9_10_11_12_13_14_15_16_17_18_19_10_11_12_13_14_15_16_17_18_19,10_100_39_73_100_50_100_36_100_67_58_49_10_10_100_10_100_47_58_70_55_66_100_10_10_64_42_64_58_16_48_15_10_30_44_73_10_99_29_10,ExploreTrial,0.5,2,2,12,0,0,,0,0,0.0,0.0,0.0,add_card,14,41,15,79,,,true,,,,0.35,-Ogoxh2f-hsH4OFwi9Xs,23,4
1,29361,12,35,58,74,35,235793,23,92,98,95,6,,,html-keyboard-response,13,2.1.0,8121654,40,0,0_1_2_3_4_5_6_7_8_9_10_11_12_13_14_15_6_8_10_12_6_10_10_6_16_17_18_19_20_16_16_21_22_21_21_22_6_10_23_23,11_42_51_57_32_63_99_10_100_10_87_41_100_49_10_10_92_22_96_10_89_100_50_100_100_57_10_44_33_100_29_100_100_100_60_45_93_100_95_87,ExploreTrial,0.5,2,2,12,0,0,,0,0,0.0,0.0,0.0,add_card,14,41,15,79,,,true,,,,0.31633611691022967,-Ogoxh2f-hsH4OFwi9Xs,21,-2
2,27755,0,20,100,0,100,159462,21,84,84,84,17,,,html-keyboard-response,21,2.1.0,8331881,40,0,0_1_2_3_4_5_6_7_1_2_5_7_1_2_5_1_2_8_9_10_8_8_9_11_12_13_14_15_12_16_17_17_17_17_18_19_20_21_21_21,24_100_100_23_37_100_66_100_94_100_100_10_69_57_46_10_37_100_98_37_99_10_39_46_67_35_12_45_22_49_94_100_60_100_24_36_39_89_74_10,ExploreTrial,0.5,2,2,12,0,0,,0,0,0.0,0.0,0.0,add_card,14,41,15,79,,,true,,,,0.39515503875968994,-Ogoxh2f-hsH4OFwi9Xs,19,-2
3,28595,42,7,40,82,20,166994,19,88,98,98,19,,,html-keyboard-response,34,2.1.0,8571081,40,0,0_1_2_3_4_5_6_7_8_9_2_2_4_4_9_10_11_12_13_14_15_11_12_14_16_17_18_19_17_19_19_19_11_11_18_18_18_19_18_19,10_33_100_36_79_47_48_10_31_100_100_10_95_36_17_42_100_81_57_91_15_65_42_10_37_74_71_100_42_100_78_100_100_53_98_100_60_75_100_100,ExploreTrial,0.5,2,2,12,0,0,,0,0,0.0,0.0,0.0,add_card,14,41,15,79,,,true,,,,0.3104625550660793,-Ogoxh2f-hsH4OFwi9Xs,15,-4
4,31827,21,59,21,88,8,187608,15,87,90,89,0,,,html-keyboard-response,42,2.1.0,8808481,40,0,0_1_2_3_4_5_6_7_8_9_0_0_2_3_4_5_9_10_11_12_13_14_15_10_11_12_12_13_13_14_15_15_11_0_11_13_11_0_13_13,100_10_100_78_100_79_45_64_66_100_100_100_47_54_30_41_16_100_72_100_100_100_74_13_88_78_53_92_73_29_81_26_100_88_100_49_26_10_82_36,ExploreTrial,0.5,2,2,12,0,0,,0,0,0.0,0.0,0.0,add_card,14,41,15,79,,,true,,,,0.34484848484848485,-Ogoxh2f-hsH4OFwi9Xs,15,0
5,21682,9,8,29,93,27,173068,15,77,93,93,14,,,html-keyboard-response,50,2.1.0,9025817,40,0,0_1_2_3_4_5_6_7_8_9_0_1_1_3_6_6_6_8_9_3_3_1_10_11_12_13_14_15_10_14_14_14_15_15_15_1_6_14_14_6,80_100_60_100_60_10_81_65_100_100_61_100_66_63_96_100_100_10_46_100_10_75_100_48_23_10_100_100_10_100_100_68_100_65_32_33_100_86_96_10,ExploreTrial,0.5,2,2,12,0,0,,0,0,0.0,0.0,0.0,add_card,14,41,15,79,,,true,,,,0.3794262295081967,-Ogoxh2f-hsH4OFwi9Xs,15,0
6,19291,9,24,85,91,32,181267,15,80,89,83,15,,,html-keyboard-response,58,2.1.0,9245177,40,0,0_1_2_3_4_5_6_7_8_9_1_1_3_3_5_5_7_7_8_9_9_1_1_5_5_9_9_10_11_12_13_14_15_15_15_15_15_15_1_15,52_100_15_100_38_86_10_100_79_87_97_42_100_10_78_84_100_10_68_83_94_92_100_43_10_100_15_19_10_23_76_45_100_100_100_100_100_68_45_93,ExploreTrial,0.5,2,2,12,0,0,,0,0,0.0,0.0,0.0,add_card,14,41,15,79,,,true,,,,0.37449832775919734,-Ogoxh2f-hsH4OFwi9Xs,19,4
7,20925,14,0,41,82,32,133220,19,82,90,90,13,,,html-keyboard-response,66,2.1.0,9410223,40,0,0_1_2_3_4_5_6_7_8_9_10_11_12_13_14_15_0_4_8_9_12_13_13_13_14_15_15_15_16_17_18_19_15_15_13_13_13_8_12_12,88_68_10_34_94_55_48_28_90_72_10_37_100_100_85_85_10_35_66_10_43_100_100_100_19_100_79_10_10_56_54_10_100_10_59_44_55_10_56_51,ExploreTrial,0.5,2,2,12,0,0,,0,0,0.0,0.0,0.0,add_card,14,41,15,79,,,true,,,,0.26528436018957346,-Ogoxh2f-hsH4OFwi9Xs,18,-1
8,18286,20,0,35,85,9,161368,18,44,92,91,7,,,html-keyboard-response,74,2.1.0,9614965,40,0,0_1_2_3_4_5_6_7_8_9_10_11_12_13_14_15_3_4_6_7_7_7_10_10_12_12_12_14_14_14_7_14_12_12_14_7_16_17_18_18,10_51_22_87_85_10_93_100_10_61_100_10_100_37_100_60_20_52_55_100_13_100_10_10_90_100_10_100_93_42_100_22_78_100_55_100_21_10_100_100,ExploreTrial,0.5,2,2,12,0,0,,0,0,0.0,0.0,0.0,add_card,14,41,15,79,,,true,,,,0.2787467700258398,-Ogoxh2f-hsH4OFwi9Xs,17,-1
9,14253,0,0,98,0,98,121859,17,82,82,82,1,,,html-keyboard-response,82,2.1.0,9771999,40,0,0_1_2_3_4_5_6_7_8_9_10_11_12_13_14_15_1_1_3_3_7_7_9_9_11_14_14_15_1_7_14_7_1_1_1_7_16_17_1_1,65_100_49_95_47_61_28_100_69_80_73_100_10_11_100_79_69_65_12_10_100_100_10_10_22_56_43_10_100_10_10_96_100_100_100_10_48_50_74_40,ExploreTrial,0.5,2,2,12,0,0,,0,0,0.0,0.0,0.0,add_card,14,41,15,79,,,true,,,,0.41041666666666665,-Ogoxh2f-hsH4OFwi9Xs,18,1
10,15558,30,0,99,93,31,172742,18,64,84,84,5,,,html-keyboard-response,90,2.1.0,9969918,40,0,0_1_2_3_4_5_6_7_8_9_8_8_9_3_3_4_4_5_5_3_4_5_10_11_12_13_14_15_12_16_17_18_18_18_18_5_4_4_5_18,64_10_61_73_100_88_29_11_75_83_75_31_36_19_100_100_83_66_62_100_11_100_65_36_100_10_10_59_10_10_47_89_100_100_27_100_98_58_100_22,ExploreTrial,0.5,2,2,12,0,0,,0,0,0.0,0.0,0.0,add_card,14,41,15,79,,,true,,,,0.3657185628742515,-Ogoxh2f-hsH4OFwi9Xs,15,-3
11,13690,0,0,98,0,98,151544,15,89,89,89,5,,,html-keyboard-response,98,2.1.0,10149418,40,0,0_1_2_3_4_5_6_7_8_9_4_5_9_4_5_9_10_11_10_10_11_11_9_5_12_13_13_5_9_14_14_15_15_15_9_9_5_5_5_9,57_10_51_10_100_100_10_36_33_100_68_93_92_36_99_100_100_100_96_31_100_22_100_100_56_100_10_26_74_100_23_100_68_21_15_15_35_94_100_88,ExploreTrial,0.5,2,2,12,0,0,,0,0,0.0,0.0,0.0,add_card,14,41,15,79,,,true,,,,0.27715384615384614,-Ogoxh2f-hsH4OFwi9Xs,14,-1
12,18357,14,17,31,92,29,169271,14,75,88,75,2,,,html-keyboard-response,106,2.1.0,10341555,40,0,0_1_2_3_4_5_6_7_8_9_1_1_2_2_4_4_6_6_8_8_1_2_4_6_8_8_6_4_2_1_10_11_11_11_6_6_2_12_13_14,10_73_82_17_100_10_100_10_90_10_67_100_72_100_100_59_90_100_100_100_77_59_59_100_10_40_64_69_59_30_55_81_56_18_17_37_100_10_49_79,ExploreTrial,0.5,2,2,13,0,0,,0,0,0.0,0.0,0.0,add_card,14,41,15,79,,,true,,,,0.373,-Ogoxh2f-hsH4OFwi9Xs,,
0,35670,62,40,100,0,51,409656,13,60,97,84,0,,,html-keyboard-response,5,2.1.0,5323279,40,0,0_0_1_0_1_1_0_2_2_3_3_2_0_4_4_3_3_5_5_5_5_5_5_6_7_6_7_7_8_8_9_9_9_10_10_11_11_12_12_13,74_100_100_100_10_34_93_21_55_59_100_67_60_10_53_71_17_100_94_85_44_100_100_84_62_52_83_10_72_53_100_100_10_10_10_10_35_33_75_16,ExploreTrial,0.5,2,2,12,0,0,,0,0,0.0,0.0,0.0,observe_click,22,41,34,10,,,true,,,,0.4058411214953271,-OgpQnwMdT6-4_951s6i,34,21
1,40709,50,0,98,0,97,415261,34,57,95,95,0,,,html-keyboard-response,13,2.1.0,5831328,40,0,0_0_1_1_2_2_3_4_2_5_6_7_0_8_9_10_11_12_13_14_15_16_17_18_19_20_21_22_23_24_25_26_27_28_29_30_31_32_33_34,54_56_93_72_76_66_13_10_100_10_59_98_47_75_87_41_94_100_100_12_62_57_63_70_62_50_10_10_40_31_56_82_100_13_80_13_44_25_100_88,ExploreTrial,0.5,2,2,12,0,0,,0,0,0.0,0.0,0.0,observe_click,22,41,34,10,,,true,,,,0.41525,-OgpQnwMdT6-4_951s6i,39,5
2,26113,48,0,98,99,98,124847,39,74,95,95,13,,,html-keyboard-response,21,2.1.0,6051412,40,0,0_1_2_3_4_5_6_7_8_9_10_11_12_13_14_15_16_17_18_19_20_21_22_23_24_25_26_27_28_29_30_31_32_33_34_35_36_37_38_39,91_100_100_72_100_24_100_27_11_23_13_33_80_77_45_53_59_60_10_100_17_100_87_28_71_12_51_10_68_13_41_18_66_49_71_50_21_49_100_74,ExploreTrial,0.5,2,2,12,0,0,,0,0,0.0,0.0,0.0,observe_click,22,41,34,10,,,true,,,,0.3416666666666667,-OgpQnwMdT6-4_951s6i,19,-20
3,21839,0,40,100,100,89,222456,19,90,95,90,6,,,html-keyboard-response,34,2.1.0,6602383,40,0,0_0_0_1_1_2_2_3_3_4_4_5_5_6_6_7_7_8_8_9_9_10_10_11_11_12_12_13_13_14_14_15_15_16_16_17_17_18_18_19,53_71_24_56_100_23_56_21_78_10_15_10_23_100_100_61_20_54_100_10_29_10_96_98_57_10_16_19_17_50_61_100_100_100_95_10_10_73_100_10,ExploreTrial,0.5,2,2,12,0,0,,0,0,0.0,0.0,0.0,observe_click,22,41,34,10,,,true,,,,0.3671052631578947,-OgpQnwMdT6-4_951s6i,39,20
4,26613,40,0,100,59,0,107496,39,55,96,96,6,,,html-keyboard-response,42,2.1.0,6773367,40,0,0_1_2_3_4_5_6_7_8_9_10_11_12_13_14_15_16_17_18_19_20_21_22_23_24_25_26_27_28_29_30_31_32_33_34_35_36_37_38_39,100_10_100_100_10_100_88_58_80_100_32_39_100_46_72_53_32_10_10_57_50_29_10_82_82_71_100_100_24_74_100_100_10_19_95_56_44_100_66_100,ExploreTrial,0.5,2,2,12,0,0,,0,0,0.0,0.0,0.0,observe_click,22,41,34,10,,,true,,,,0.3416666666666667,-OgpQnwMdT6-4_951s6i,27,-12
5,19417,0,0,82,49,66,208228,27,71,94,94,18,,,html-keyboard-response,50,2.1.0,7032237,40,0,0_0_1_1_2_3_4_4_5_6_7_8_9_10_11_12_13_14_15_16_13_9_16_17_18_18_19_19_20_21_22_22_23_23_24_25_25_26_27_27,100_97_100_10_10_36_100_63_10_48_68_41_83_33_41_10_91_10_73_88_10_10_57_83_100_100_100_49_10_10_100_44_100_69_72_100_94_10_100_10,ExploreTrial,0.5,2,2,12,0,0,,0,0,0.0,0.0,0.0,observe_click,22,41,34,10,,,true,,,,0.3476126126126126,-OgpQnwMdT6-4_951s6i,31,4
6,15258,60,0,92,35,51,137579,31,74,94,94,30,,,html-keyboard-response,58,2.1.0,7234198,40,0,0_1_2_3_3_4_5_6_7_7_8_9_10_11_11_12_12_13_13_14_14_15_16_17_18_19_20_21_22_23_23_24_25_26_27_28_29_30_31_30,58_28_68_100_43_91_10_29_100_100_87_33_54_100_49_100_100_100_10_100_81_34_20_62_70_10_89_10_67_100_62_79_42_10_70_47_24_100_68_100,ExploreTrial,0.5,2,2,12,0,0,,0,0,0.0,0.0,0.0,observe_click,22,41,34,10,,,true,,,,0.34142036124794745,-OgpQnwMdT6-4_951s6i,34,3
7,12345,0,0,100,0,40,68015,34,68,94,94,5,,,html-keyboard-response,66,2.1.0,7350341,40,0,0_1_2_3_4_5_5_6_6_7_8_9_10_11_12_13_14_15_16_17_18_19_20_21_22_23_24_25_26_19_26_27_28_29_30_31_31_32_33_34,10_85_10_10_10_100_100_100_59_71_62_85_79_10_10_30_42_88_13_15_25_100_53_40_47_85_93_76_100_82_100_45_14_28_42_100_83_73_50_100,ExploreTrial,0.5,2,2,12,0,0,,0,0,0.0,0.0,0.0,observe_click,22,41,34,10,,,true,,,,0.34310850439882695,-OgpQnwMdT6-4_951s6i,32,-2
8,11899,0,0,100,0,28,67163,32,76,92,92,5,,,html-keyboard-response,74,2.1.0,7453245,40,0,0_0_1_2_3_4_5_5_6_7_8_9_10_9_11_12_13_14_15_16_17_18_19_20_19_21_22_23_24_25_24_26_27_28_29_30_31_30_31_32,100_80_12_10_31_25_100_100_54_64_18_100_19_100_10_59_67_61_67_84_86_84_100_46_34_24_25_31_100_52_94_58_100_57_10_100_100_10_100_59,ExploreTrial,0.5,2,2,12,0,0,,0,0,0.0,0.0,0.0,observe_click,22,41,34,10,,,true,,,,0.35309597523219816,-OgpQnwMdT6-4_951s6i,35,3
9,13352,0,0,26,0,40,48188,35,61,93,89,16,,,html-keyboard-response,82,2.1.0,7536695,40,0,0_1_2_3_4_5_6_7_8_9_10_9_11_12_13_14_15_16_17_16_18_19_20_21_22_23_22_24_24_25_26_27_28_29_30_31_32_33_34_35,54_10_58_68_10_89_55_10_60_100_10_10_65_10_10_67_10_100_68_100_59_10_10_49_100_35_10_100_38_70_38_99_55_81_20_87_48_44_10_75,ExploreTrial,0.5,2,2,12,0,0,,0,0,0.0,0.0,0.0,observe_click,22,41,34,10,,,true,,,,0.3299928673323823,-OgpQnwMdT6-4_951s6i,29,-6
10,15587,0,0,0,0,32,87834,29,53,95,95,27,,,html-keyboard-response,90,2.1.0,7662188,40,0,0_0_1_2_3_4_5_6_5_6_7_8_9_10_11_12_13_14_13_15_16_17_17_18_19_20_21_22_21_23_24_25_25_26_27_27_28_28_29_29,100_100_15_10_19_10_100_100_26_49_39_23_10_50_10_28_100_77_100_79_87_100_30_32_54_10_100_36_10_11_55_100_49_80_100_84_100_100_100_10,ExploreTrial,0.5,2,2,12,0,0,,0,0,0.0,0.0,0.0,observe_click,22,41,34,10,,,true,,,,0.3462046204620462,-OgpQnwMdT6-4_951s6i,30,1
11,11935,0,0,100,0,100,98571,30,99,99,99,9,,,html-keyboard-response,98,2.1.0,7807890,40,0,0_0_1_2_3_4_5_6_7_8_9_10_10_11_12_13_14_15_16_16_17_18_19_20_21_22_23_24_25_26_27_28_28_29_30_9_12_25_29_30,100_60_26_44_10_10_53_54_37_73_93_100_10_67_95_56_10_72_100_33_82_10_10_67_10_10_73_22_94_10_11_100_47_90_95_100_60_19_72_53,ExploreTrial,0.5,2,2,12,0,0,,0,0,0.0,0.0,0.0,observe_click,22,41,34,10,,,true,,,,0.34310897435897436,-OgpQnwMdT6-4_951s6i,33,3
12,18637,0,0,100,0,29,69220,33,68,96,96,26,,,html-keyboard-response,106,2.1.0,7911194,40,0,0_1_2_3_4_5_6_7_8_9_9_10_11_10_11_12_13_14_15_16_17_18_19_20_21_22_23_24_25_26_26_27_28_28_29_30_31_32_33_22,10_34_82_10_28_10_10_38_75_100_60_100_100_36_95_45_10_81_43_58_62_73_38_59_25_99_48_59_27_100_100_30_100_13_60_10_64_52_10_10,ExploreTrial,0.5,2,2,13,0,0,,0,0,0.0,0.0,0.0,observe_click,22,41,34,10,,,true,,,,0.3303223388305847,-OgpQnwMdT6-4_951s6i,,
0,47944,40,0,100,25,60,333376,29,78,91,91,26,,,html-keyboard-response,5,2.1.0,3058113,40,0,0_1_2_1_3_4_5_6_7_8_8_9_9_10_11_12_13_14_15_16_17_18_19_20_21_22_23_24_25_25_26_26_27_28_1_8_9_25_26_29,45_89_69_26_10_12_62_72_50_94_10_89_10_16_10_10_85_10_48_74_10_40_21_10_52_10_83_70_100_71_100_100_41_38_66_72_32_67_100_100,ExploreTrial,0.5,2,2,12,0,0,,0,0,0.0,0.0,0.0,observe_click,12,41,22,56,,,true,,,,0.36095113438045373,-OgpoBhzUx4sDPBPvFr3,31,2
1,42076,0,0,80,40,60,198067,31,26,91,91,24,,,html-keyboard-response,13,2.1.0,3334030,40,0,0_1_2_3_4_5_6_7_8_9_10_11_12_13_14_15_15_16_17_18_19_20_21_21_22_23_22_24_24_25_26_27_28_29_30_31_22_15_21_24,36_84_33_76_84_68_74_57_85_19_68_25_10_45_31_92_39_47_44_31_10_36_100_53_100_47_62_97_10_10_10_10_38_10_28_77_31_42_10_93,ExploreTrial,0.5,2,2,12,0,0,,0,0,0.0,0.0,0.0,observe_click,12,41,22,56,,,true,,,,0.2993939393939394,-OgpoBhzUx4sDPBPvFr3,32,1
2,32927,0,0,85,30,80,142723,32,86,93,93,0,,,html-keyboard-response,21,2.1.0,3559916,40,0,0_0_1_2_3_4_5_6_7_8_9_10_11_12_13_14_15_16_17_18_18_19_20_21_22_23_24_25_26_27_28_29_30_30_31_32_0_18_30_0,100_39_65_52_10_60_34_14_63_39_38_33_46_21_42_55_64_47_28_100_10_72_10_19_82_56_65_78_10_34_61_38_96_10_35_82_100_38_45_83,ExploreTrial,0.5,2,2,12,0,0,,0,0,0.0,0.0,0.0,observe_click,12,41,22,56,,,true,,,,0.3762820512820513,-OgpoBhzUx4sDPBPvFr3,27,-5
3,40423,0,0,80,40,80,181651,27,85,98,89,25,,,html-keyboard-response,34,2.1.0,3841330,40,0,0_1_2_3_4_4_5_6_7_8_9_10_11_12_12_13_13_14_15_16_17_18_19_20_21_22_23_23_24_25_25_26_27_27_4_12_13_23_25_27,64_36_68_10_100_10_85_81_10_10_10_24_85_100_35_100_10_24_59_53_10_10_26_10_80_54_94_41_10_100_77_11_89_10_23_28_38_71_100_100,ExploreTrial,0.5,2,2,12,0,0,,0,0,0.0,0.0,0.0,observe_click,12,41,22,56,,,true,,,,0.3265358361774744,-OgpoBhzUx4sDPBPvFr3,23,-4
4,39412,60,0,70,40,70,214206,23,78,93,93,7,,,html-keyboard-response,42,2.1.0,4124531,40,0,0_1_2_3_3_4_5_6_7_7_8_9_9_10_10_11_12_13_13_14_15_15_16_17_18_18_19_20_21_22_22_23_3_7_9_10_13_15_18_22,60_53_19_100_37_39_51_51_100_100_10_100_10_100_72_41_36_100_28_87_96_79_70_12_100_59_60_16_10_100_64_88_100_100_72_94_35_36_51_10,ExploreTrial,0.5,2,2,12,0,0,,0,0,0.0,0.0,0.0,observe_click,12,41,22,56,,,true,,,,0.3176595744680851,-OgpoBhzUx4sDPBPvFr3,26,3
5,30467,0,0,70,50,80,202982,26,86,88,88,21,,,html-keyboard-response,50,2.1.0,4397231,40,0,0_0_1_2_3_4_4_5_6_7_7_8_9_10_11_12_13_14_15_16_17_18_19_20_21_21_22_23_24_24_25_26_26_0_4_7_21_24_0_21,100_94_10_10_10_100_98_71_82_95_100_10_85_63_65_38_30_32_10_51_70_53_21_83_99_100_42_10_100_99_64_94_74_100_10_62_100_10_92_100,ExploreTrial,0.5,2,2,12,0,0,,0,0,0.0,0.0,0.0,observe_click,12,41,22,56,,,true,,,,0.38862745098039214,-OgpoBhzUx4sDPBPvFr3,23,-3
6,61621,0,0,90,20,90,201278,23,87,90,87,8,,,html-keyboard-response,58,2.1.0,4657153,40,0,0_1_2_3_1_4_4_5_6_7_8_8_9_9_10_11_12_12_13_13_14_15_16_16_17_18_19_20_21_22_23_23_1_4_8_16_13_1_8_16,18_99_31_10_87_100_100_10_10_10_100_100_100_10_14_15_100_19_94_89_50_79_100_100_70_10_75_50_10_81_100_52_98_10_100_100_43_98_100_89,ExploreTrial,0.5,2,2,12,0,0,,0,0,0.0,0.0,0.0,observe_click,12,41,22,56,,,true,,,,0.3603146853146853,-OgpoBhzUx4sDPBPvFr3,26,3
7,41656,0,0,95,0,80,173696,26,90,90,90,15,,,html-keyboard-response,66,2.1.0,4915398,40,0,0_1_1_2_3_4_5_6_7_7_8_9_10_11_11_12_13_14_15_15_16_17_18_19_19_20_21_22_23_24_25_26_1_7_11_15_19_11_15_19,64_100_51_10_48_26_10_41_100_85_62_83_24_100_92_12_75_81_100_100_72_70_73_95_100_45_59_49_25_58_10_86_59_10_80_100_72_65_100_14,ExploreTrial,0.5,2,2,12,0,0,,0,0,0.0,0.0,0.0,observe_click,12,41,22,56,,,true,,,,0.3335657370517928,-OgpoBhzUx4sDPBPvFr3,23,-3
8,65369,60,0,60,40,70,223363,23,57,95,88,22,,,html-keyboard-response,74,2.1.0,5192682,40,0,0_1_2_2_3_4_5_6_7_8_8_9_9_10_10_11_12_12_13_14_14_15_16_16_17_18_19_20_21_21_22_22_23_2_8_10_12_16_21_22,87_30_100_69_65_68_24_10_83_100_70_100_10_92_62_48_100_67_67_100_26_10_99_100_80_65_53_12_100_84_100_82_80_89_97_10_59_65_73_95,ExploreTrial,0.5,2,2,12,0,0,,0,0,0.0,0.0,0.0,observe_click,12,41,22,56,,,true,,,,0.32094594594594594,-OgpoBhzUx4sDPBPvFr3,27,4
9,66330,50,0,60,60,60,152674,27,70,86,86,10,,,html-keyboard-response,82,2.1.0,5432625,40,0,0_1_2_3_4_5_6_7_8_9_10_10_11_12_12_13_14_13_15_16_17_18_19_20_21_20_22_23_24_25_26_27_27_10_12_13_20_27_10_13,41_12_39_10_29_64_33_61_59_10_100_100_31_100_10_90_42_78_55_33_54_28_10_90_54_100_31_10_10_83_47_100_47_89_80_100_59_34_100_87,ExploreTrial,0.5,2,2,12,0,0,,0,0,0.0,0.0,0.0,observe_click,12,41,22,56,,,true,,,,0.3073893805309735,-OgpoBhzUx4sDPBPvFr3,24,-3
10,34540,40,0,60,50,60,207699,24,78,93,87,4,,,html-keyboard-response,90,2.1.0,5720870,40,0,0_1_2_3_4_5_4_6_7_6_8_9_10_10_11_11_12_13_14_15_16_16_17_17_18_19_20_21_22_22_23_24_24_4_10_11_16_22_24_17,76_30_10_10_92_53_79_99_10_10_10_10_100_58_92_40_10_75_34_21_100_100_100_10_10_28_81_24_100_88_10_100_70_89_34_82_10_28_42_81,ExploreTrial,0.5,2,2,12,0,0,,0,0,0.0,0.0,0.0,observe_click,12,41,22,56,,,true,,,,0.3178988326848249,-OgpoBhzUx4sDPBPvFr3,24,0
11,25594,60,0,80,30,80,209094,24,90,92,92,8,,,html-keyboard-response,98,2.1.0,5984053,40,0,0_1_2_3_4_5_2_5_6_6_6_7_8_8_9_10_11_12_13_14_14_15_16_16_17_17_18_19_20_21_22_23_24_24_5_2_8_16_17_24,10_38_90_67_79_100_61_58_100_10_74_53_100_91_82_52_10_72_44_100_35_10_100_82_100_75_88_78_71_70_10_10_100_36_100_100_100_54_100_100,ExploreTrial,0.5,2,2,12,0,0,,0,0,0.0,0.0,0.0,observe_click,12,41,22,56,,,true,,,,0.3519148936170213,-OgpoBhzUx4sDPBPvFr3,21,-3
12,31570,65,0,80,50,70,230258,21,82,91,91,4,,,html-keyboard-response,106,2.1.0,6252831,40,0,0_1_2_3_4_4_5_5_6_7_8_8_9_10_11_11_12_12_13_13_14_15_15_16_17_18_19_19_20_21_4_5_8_11_12_13_15_19_4_12,81_10_80_89_100_100_92_61_61_41_100_30_45_10_100_47_100_77_100_31_18_97_19_78_35_54_100_28_43_34_100_100_10_37_86_91_57_10_92_56,ExploreTrial,0.5,2,2,13,0,0,,0,0,0.0,0.0,0.0,observe_click,12,41,22,56,,,true,,,,0.3095605700712589,-OgpoBhzUx4sDPBPvFr3,,
0,58621,81,9,21,93,0,317684,23,71,96,96,22,,,html-keyboard-response,5,2.1.0,156693076,40,0,0_1_2_3_4_5_6_7_0_2_3_6_8_9_10_11_12_13_14_15_10_15_2_6_15_16_17_18_19_20_16_17_16_21_22_23_21_22_21_22,100_51_100_97_77_46_100_62_24_100_30_100_50_38_100_50_29_26_58_80_10_100_79_83_77_100_99_41_70_17_100_68_94_94_94_10_94_94_43_100,ExploreTrial,0.5,2,2,12,0,0,,0,0,0.0,0.0,0.0,observe_click,0,41,5,100,,,true,,,,0.3537234042553192,-OgzMel7-unjQghavpEg,26,3
1,40457,92,91,11,87,0,255135,26,60,84,78,10,,,html-keyboard-response,13,2.1.0,157033663,40,0,0_1_2_3_4_5_6_7_8_9_10_11_12_13_14_15_16_17_18_19_20_1_2_7_10_11_10_10_21_22_23_1_11_7_7_24_25_26_25_10,15_100_90_10_36_52_33_100_51_10_100_100_10_10_40_10_42_10_20_30_59_66_43_42_98_53_44_83_26_19_19_10_33_100_45_31_61_22_54_69,ExploreTrial,0.5,2,2,12,0,0,,0,0,0.0,0.0,0.0,observe_click,0,41,5,100,,,true,,,,0.3694924406047516,-OgzMel7-unjQghavpEg,16,-10
2,30067,80,8,9,98,0,309191,16,55,94,94,14,,,html-keyboard-response,21,2.1.0,157424146,40,0,0_1_2_3_4_5_6_7_8_9_10_11_12_13_14_15_1_3_6_8_10_13_14_14_10_6_8_1_16_3_1_6_3_1_11_11_11_8_14_14,10_100_10_68_10_31_76_40_86_10_100_53_16_100_100_18_62_61_100_39_100_10_100_10_17_49_10_90_10_100_15_23_61_62_98_100_100_100_10_100,ExploreTrial,0.5,2,2,12,0,0,,0,0,0.0,0.0,0.0,observe_click,0,41,5,100,,,true,,,,0.3468849840255591,-OgzMel7-unjQghavpEg,9,-7
3,30646,0,38,80,20,82,288483,9,94,97,94,8,,,html-keyboard-response,34,2.1.0,157822662,40,0,0_0_1_2_3_4_5_6_7_8_9_1_2_3_4_5_8_9_3_4_8_3_4_8_3_4_8_1_1_2_2_3_4_8_2_3_4_8_3_8,98_27_100_100_100_100_100_15_33_100_94_72_71_100_100_10_94_17_100_69_64_54_100_100_84_72_100_57_10_100_87_100_91_89_10_100_20_71_35_97,ExploreTrial,0.5,2,2,12,0,0,,0,0,0.0,0.0,0.0,observe_click,0,41,5,100,,,true,,,,0.34985380116959064,-OgzMel7-unjQghavpEg,15,6
4,33773,100,60,9,91,0,232960,15,89,98,90,6,,,html-keyboard-response,42,2.1.0,158094771,40,0,0_0_0_1_2_3_4_5_6_7_8_9_10_11_12_13_14_15_1_3_5_6_7_10_12_13_15_1_5_6_7_10_13_1_10_5_6_7_6_5,10_10_82_54_10_62_38_71_77_100_10_43_100_16_83_100_31_58_100_17_80_100_64_100_10_48_10_57_90_100_100_38_92_100_61_100_82_96_100_70,ExploreTrial,0.5,2,2,12,0,0,,0,0,0.0,0.0,0.0,observe_click,0,41,5,100,,,true,,,,0.36642335766423356,-OgzMel7-unjQghavpEg,15,0
5,32000,85,60,30,88,19,266033,15,80,92,81,6,,,html-keyboard-response,50,2.1.0,158407853,40,0,0_1_2_3_4_5_6_7_8_9_10_11_12_13_14_15_0_6_8_11_13_15_15_13_6_0_2_3_13_15_6_8_0_13_6_0_15_3_8_8,100_10_55_61_27_29_100_41_83_10_35_58_10_80_44_100_100_61_50_32_100_100_62_100_100_42_79_86_31_79_100_84_100_27_100_49_61_10_100_50,ExploreTrial,0.5,2,2,12,0,0,,0,0,0.0,0.0,0.0,observe_click,0,41,5,100,,,true,,,,0.3740228013029316,-OgzMel7-unjQghavpEg,19,4
6,22813,100,0,13,92,0,218570,19,68,93,93,12,,,html-keyboard-response,58,2.1.0,158672493,40,0,0_1_2_3_4_5_6_7_8_9_10_11_12_13_14_15_16_17_18_19_19_18_17_12_10_1_2_3_7_12_7_7_12_1_18_7_7_12_12_7,10_91_62_56_43_10_10_73_23_35_88_45_100_13_11_10_33_78_100_100_32_57_19_100_10_66_52_61_100_76_78_98_92_10_32_61_59_36_84_52,ExploreTrial,0.5,2,2,12,0,0,,0,0,0.0,0.0,0.0,observe_click,0,41,5,100,,,true,,,,0.33851706036745405,-OgzMel7-unjQghavpEg,16,-3
7,21388,100,0,15,94,0,181742,16,60,93,93,2,,,html-keyboard-response,66,2.1.0,158902204,40,0,0_1_2_3_4_5_6_7_8_9_10_11_12_13_14_15_16_15_13_12_9_8_0_2_3_4_5_7_5_3_3_2_2_0_0_13_13_15_0_2,100_47_56_100_100_91_16_84_100_100_28_26_63_100_10_100_23_38_88_30_12_15_56_100_100_10_100_43_10_59_10_100_60_74_100_91_15_34_51_73,ExploreTrial,0.5,2,2,12,0,0,,0,0,0.0,0.0,0.0,observe_click,0,41,5,100,,,true,,,,0.4294117647058823,-OgzMel7-unjQghavpEg,7,-9
8,15912,0,0,100,0,100,136901,7,97,97,97,5,,,html-keyboard-response,74,2.1.0,159072407,40,0,0_1_2_3_4_5_6_7_7_6_5_4_3_2_1_0_0_1_2_3_4_5_6_7_7_6_5_4_3_2_1_0_0_1_2_3_4_5_6_7,56_10_100_33_10_88_10_49_100_20_70_100_42_86_37_100_21_25_100_100_49_55_84_78_55_64_100_10_10_10_10_10_100_32_93_44_21_100_78_10,ExploreTrial,0.5,2,2,12,0,0,,0,0,0.0,0.0,0.0,observe_click,0,41,5,100,,,true,,,,0.375,-OgzMel7-unjQghavpEg,7,0
9,31007,100,0,11,100,0,225390,7,69,90,90,0,,,html-keyboard-response,82,2.1.0,159338869,40,0,0_1_2_3_4_5_6_7_0_1_2_3_4_5_6_7_7_7_6_5_5_4_3_2_1_0_0_0_2_2_1_3_4_4_5_5_0_5_5_0,57_10_100_26_86_32_80_100_100_10_85_94_31_100_10_44_17_28_24_100_99_44_10_45_35_79_41_100_100_10_10_35_87_100_100_59_10_22_100_100,ExploreTrial,0.5,2,2,12,0,0,,0,0,0.0,0.0,0.0,observe_click,0,41,5,100,,,true,,,,0.3946969696969697,-OgzMel7-unjQghavpEg,8,1
10,21385,81,8,45,91,0,199338,8,84,95,95,6,,,html-keyboard-response,90,2.1.0,159600400,40,0,0_1_2_3_4_5_6_7_8_8_0_0_0_3_3_5_5_5_6_6_6_7_7_0_0_1_1_1_6_6_6_5_1_1_7_1_0_0_6_5,100_47_44_58_18_95_71_49_31_25_100_75_100_65_10_99_57_55_100_84_54_96_27_10_10_62_100_100_100_100_100_10_61_24_59_44_100_77_82_56,ExploreTrial,0.5,2,2,12,0,0,,0,0,0.0,0.0,0.0,observe_click,0,41,5,100,,,true,,,,0.4267361111111111,-OgzMel7-unjQghavpEg,7,-1
11,22972,100,28,8,87,9,214464,7,75,94,79,7,,,html-keyboard-response,98,2.1.0,159846737,40,0,0_1_2_3_4_5_6_7_0_1_2_3_4_5_6_7_7_7_6_6_5_5_4_4_3_3_2_2_1_1_0_0_1_2_5_6_7_2_7_7,14_100_49_40_10_43_100_50_10_59_100_10_54_100_59_87_100_100_10_100_97_81_49_27_22_25_35_88_89_69_64_19_10_21_37_100_71_100_36_100,ExploreTrial,0.5,2,2,12,0,0,,0,0,0.0,0.0,0.0,observe_click,0,41,5,100,,,true,,,,0.3615771812080537,-OgzMel7-unjQghavpEg,4,-3
12,23216,91,58,12,98,8,233151,4,68,91,89,4,,,html-keyboard-response,106,2.1.0,160116491,40,0,0_1_2_3_4_4_4_4_3_3_3_2_2_2_1_1_1_0_0_0_0_3_1_2_4_4_3_2_1_0_0_1_2_3_4_4_3_2_1_0,10_100_100_100_87_51_10_100_100_72_99_39_13_89_53_10_79_54_100_77_76_12_94_83_93_100_67_78_65_73_10_65_94_100_100_99_89_96_96_100,ExploreTrial,0.5,2,2,13,0,0,,0,0,0.0,0.0,0.0,observe_click,0,41,5,100,,,true,,,,0.4,-OgzMel7-unjQghavpEg,,
0,31835,58,77,15,78,15,203408,24,65,92,92,5,,,html-keyboard-response,5,2.1.0,4310413,40,0,0_0_1_2_1_1_2_2_2_2_3_4_5_6_5_5_7_8_9_10_11_12_13_14_15_16_17_18_19_20_21_22_23_24_5_11_12_15_5_5,54_100_94_21_20_47_31_10_10_62_75_31_85_63_55_97_20_10_54_37_100_100_10_90_100_56_10_79_16_88_57_10_43_24_88_42_78_66_100_43,ExploreTrial,0.5,2,2,12,0,0,,0,0,0.0,0.0,0.0,observe_click,22,41,23,88,,,true,,,,0.43451742627345846,-Ogzk051bU3_gsdyW1kw,16,-8
1,41586,42,17,65,33,35,142682,16,75,93,93,2,,,html-keyboard-response,13,2.1.0,4502957,40,0,0_0_1_2_2_2_2_3_3_3_4_5_6_7_7_7_7_7_8_8_8_8_9_9_9_9_10_10_10_11_11_12_13_14_14_14_15_15_15_16,100_13_60_100_90_67_95_80_100_10_13_18_56_93_67_93_77_67_84_100_100_20_87_65_95_31_93_97_47_10_33_31_47_98_100_42_100_10_62_44,ExploreTrial,0.5,2,2,12,0,0,,0,0,0.0,0.0,0.0,observe_click,22,41,23,88,,,true,,,,0.3281645569620253,-Ogzk051bU3_gsdyW1kw,29,13
2,25212,79,8,16,76,5,99509,29,62,98,82,15,,,html-keyboard-response,21,2.1.0,4663971,40,0,0_1_2_3_4_5_6_7_8_9_10_11_12_13_14_15_16_17_18_19_1_1_1_4_5_15_15_15_20_21_21_21_22_23_24_25_26_27_28_29,86_100_58_95_100_100_43_10_68_77_29_51_58_10_10_100_16_10_17_69_100_100_10_11_14_73_86_100_53_100_57_10_19_53_38_51_10_58_21_22,ExploreTrial,0.5,2,2,12,0,0,,0,0,0.0,0.0,0.0,observe_click,22,41,23,88,,,true,,,,0.3749063670411985,-Ogzk051bU3_gsdyW1kw,20,-9
3,25063,78,0,30,66,8,153838,20,57,94,94,13,,,html-keyboard-response,34,2.1.0,4886442,40,0,0_1_1_2_3_4_4_4_5_6_7_8_9_9_9_10_11_12_12_12_13_13_13_13_13_14_14_14_15_16_17_16_18_18_18_18_19_20_20_20,10_72_58_20_10_100_100_36_10_10_28_45_100_56_43_10_47_86_10_41_97_84_71_98_48_98_100_10_19_64_51_40_100_81_51_60_24_94_100_69,ExploreTrial,0.5,2,2,12,0,0,,0,0,0.0,0.0,0.0,observe_click,22,41,23,88,,,true,,,,0.2953991130820399,-Ogzk051bU3_gsdyW1kw,18,-2
4,22703,34,8,75,37,51,83533,18,82,91,91,2,,,html-keyboard-response,42,2.1.0,5010659,40,0,0_1_2_2_2_2_2_3_2_4_4_4_5_6_7_8_8_9_10_11_11_11_12_13_14_15_2_2_2_2_2_16_17_17_17_17_17_17_17_18,35_37_100_100_100_99_32_42_73_100_20_67_10_26_10_62_10_13_34_94_23_55_14_38_10_10_100_100_100_60_100_10_82_100_99_73_42_100_23_31,ExploreTrial,0.5,2,2,12,0,0,,0,0,0.0,0.0,0.0,observe_click,22,41,23,88,,,true,,,,0.4129154078549849,-Ogzk051bU3_gsdyW1kw,15,-3
5,25799,55,0,26,72,28,98748,15,75,86,81,8,,,html-keyboard-response,50,2.1.0,5144254,40,0,0_1_2_3_4_5_6_7_8_9_10_11_12_13_14_3_8_8_8_8_8_8_8_8_11_11_11_11_8_8_8_8_8_8_8_8_15_15_15_15,25_26_73_97_34_63_73_25_100_10_25_92_10_10_35_10_100_100_21_86_73_75_100_46_74_43_50_27_58_100_100_100_76_73_17_34_100_23_21_69,ExploreTrial,0.5,2,2,12,0,0,,0,0,0.0,0.0,0.0,observe_click,22,41,23,88,,,true,,,,0.23352941176470587,-Ogzk051bU3_gsdyW1kw,14,-1
6,20754,28,0,54,40,38,76744,14,79,89,82,13,,,html-keyboard-response,58,2.1.0,5271671,40,0,0_1_2_3_4_5_6_7_8_9_10_11_12_13_14_3_3_3_7_7_7_7_9_9_9_9_9_9_9_12_12_12_12_12_12_12_13_13_13_13,10_46_32_85_41_33_56_100_93_100_10_10_100_100_51_78_45_58_10_100_10_33_100_100_10_100_39_100_10_100_98_79_68_50_63_100_100_100_100_100,ExploreTrial,0.5,2,2,12,0,0,,0,0,0.0,0.0,0.0,observe_click,22,41,23,88,,,true,,,,0.2505131964809384,-Ogzk051bU3_gsdyW1kw,19,5
7,27629,16,0,48,20,44,126099,19,80,92,84,17,,,html-keyboard-response,66,2.1.0,5444288,40,0,0_1_2_3_4_5_6_7_8_9_10_11_12_13_14_15_16_17_18_19_1_1_4_4_7_7_9_9_11_11_15_15_17_17_17_19_19_17_17_17,30_100_21_10_100_10_70_85_10_100_67_100_40_34_10_100_10_100_68_73_68_99_75_86_70_71_55_31_58_40_60_10_100_100_100_84_14_78_100_81,ExploreTrial,0.5,2,2,12,0,0,,0,0,0.0,0.0,0.0,observe_click,22,41,23,88,,,true,,,,0.32134433962264153,-Ogzk051bU3_gsdyW1kw,24,5
8,15129,17,0,58,21,51,154096,24,84,89,89,20,,,html-keyboard-response,74,2.1.0,5645063,40,0,0_1_2_3_4_5_6_7_8_9_10_11_12_13_14_15_16_17_18_19_20_21_22_23_24_3_9_14_16_16_20_20_21_23_24_20_20_16_16_9,37_60_43_100_10_10_76_76_89_92_39_17_58_10_82_19_100_10_10_55_100_95_10_100_100_73_100_100_100_72_100_100_66_10_67_90_88_100_55_24,ExploreTrial,0.5,2,2,12,0,0,,0,0,0.0,0.0,0.0,observe_click,22,41,23,88,,,true,,,,0.29191042047531995,-Ogzk051bU3_gsdyW1kw,22,-2
9,23999,16,0,18,15,16,175811,22,77,92,92,17,,,html-keyboard-response,82,2.1.0,5847958,40,0,0_1_2_3_4_5_6_7_8_9_10_11_12_13_14_15_16_17_18_19_20_21_22_3_4_6_6_8_11_17_17_19_19_19_20_20_22_17_6_19,73_10_41_100_100_17_100_10_82_53_56_85_71_68_77_71_68_89_10_100_100_37_85_43_10_65_100_39_10_100_100_67_100_100_100_10_53_57_70_48,ExploreTrial,0.5,2,2,12,0,0,,0,0,0.0,0.0,0.0,observe_click,22,41,23,88,,,true,,,,0.31584362139917693,-Ogzk051bU3_gsdyW1kw,22,0
10,13016,56,0,12,47,0,123570,22,57,91,67,21,,,html-keyboard-response,90,2.1.0,6019519,40,0,0_1_2_3_4_5_6_7_8_9_10_11_12_13_14_15_16_17_18_19_1_6_8_10_11_13_13_13_17_19_19_19_19_19_19_20_21_22_20_21,79_100_10_14_10_53_83_19_100_54_81_71_51_100_38_37_34_100_61_100_54_10_10_38_10_100_19_60_16_97_43_71_68_59_79_71_100_62_81_100,ExploreTrial,0.5,2,2,12,0,0,,0,0,0.0,0.0,0.0,observe_click,22,41,23,88,,,true,,,,0.2945,-Ogzk051bU3_gsdyW1kw,21,-1
11,11701,61,0,0,76,0,113396,21,63,94,94,19,,,html-keyboard-response,98,2.1.0,6163112,40,0,0_1_2_3_4_5_6_7_8_9_10_11_12_13_14_15_16_17_18_19_0_0_0_6_6_6_11_14_14_16_19_19_19_19_19_19_20_21_21_0,100_44_10_45_43_48_95_18_10_10_10_100_73_71_94_30_100_65_22_89_93_100_70_100_73_72_10_60_24_10_100_100_100_100_61_10_29_100_27_19,ExploreTrial,0.5,2,2,12,0,0,,0,0,0.0,0.0,0.0,observe_click,22,41,23,88,,,true,,,,0.36623006833712984,-Ogzk051bU3_gsdyW1kw,22,1
12,11260,0,0,98,0,99,86187,22,89,89,89,5,,,html-keyboard-response,106,2.1.0,6280380,40,0,0_1_2_3_4_5_6_7_8_9_10_11_12_13_14_15_16_17_18_19_0_5_5_5_5_6_7_5_5_5_5_5_5_5_20_21_21_21_22_22,100_10_70_37_33_98_95_94_10_17_63_45_32_10_60_43_15_23_70_10_24_100_100_100_100_10_21_100_100_100_17_10_100_100_10_100_100_10_100_88,ExploreTrial,0.5,2,2,13,0,0,,0,0,0.0,0.0,0.0,observe_click,22,41,23,88,,,true,,,,0.3859090909090909,-Ogzk051bU3_gsdyW1kw,,
0,20496,21,66,63,98,88,63635,14,82,95,85,14,,,html-keyboard-response,5,2.1.0,3421816,40,0,0_0_0_1_1_2_3_4_4_4_4_4_4_5_5_5_5_5_5_6_7_8_8_8_8_8_9_9_10_11_11_12_13_14_14_14_14_14_14_14,100_96_22_91_21_10_23_59_95_100_100_69_86_100_82_75_40_100_79_23_49_100_12_10_100_40_10_36_27_100_28_52_10_100_90_100_100_100_100_100,ExploreTrial,0.5,2,2,12,0,0,,0,0,0.0,0.0,0.0,observe_click,10,41,11,64,,,true,,,,0.35322299651567945,-Ogzl8RZ2XH1zayYStik,22,8
1,20416,46,85,50,99,31,105933,22,67,89,89,22,,,html-keyboard-response,13,2.1.0,3566683,40,0,0_1_2_3_4_4_4_5_6_7_6_8_8_8_9_9_9_9_9_9_10_11_12_12_13_14_15_16_17_18_17_19_19_20_20_21_21_22_22_22,55_32_49_49_100_100_21_10_75_13_10_96_100_57_100_84_100_100_100_33_10_37_80_10_20_10_10_38_100_48_26_96_58_66_70_100_88_91_100_100,ExploreTrial,0.5,2,2,12,0,0,,0,0,0.0,0.0,0.0,observe_click,10,41,11,64,,,true,,,,0.32218004338394796,-Ogzl8RZ2XH1zayYStik,18,-4
2,23698,28,26,62,96,78,70327,18,71,89,89,3,,,html-keyboard-response,21,2.1.0,3696956,40,0,0_1_2_3_4_5_6_7_8_9_10_11_12_13_14_15_3_3_3_3_4_4_4_12_12_12_12_12_12_12_12_12_3_3_3_16_17_18_18_18,58_27_28_100_100_40_75_47_34_60_43_65_100_29_10_61_100_100_87_100_100_100_46_100_91_100_100_92_100_100_91_23_81_100_36_43_10_78_100_49,ExploreTrial,0.5,2,2,12,0,0,,0,0,0.0,0.0,0.0,observe_click,10,41,11,64,,,true,,,,0.3452586206896552,-Ogzl8RZ2XH1zayYStik,22,4
3,18921,49,87,65,97,62,171043,22,46,93,86,1,,,html-keyboard-response,34,2.1.0,3965915,40,0,0_1_1_2_2_3_4_5_6_7_8_9_10_9_11_11_12_13_14_12_13_13_13_13_13_14_15_15_16_17_18_19_20_20_20_20_20_21_22_22,37_100_57_83_47_58_13_21_56_10_29_100_29_57_100_12_87_100_81_12_100_100_93_66_31_38_86_40_30_15_58_49_83_67_99_100_10_30_74_14,ExploreTrial,0.5,2,2,12,0,0,,0,0,0.0,0.0,0.0,observe_click,10,41,11,64,,,true,,,,0.3013429752066116,-Ogzl8RZ2XH1zayYStik,24,2
4,12176,31,53,97,92,83,117656,24,82,92,92,3,,,html-keyboard-response,42,2.1.0,4151249,40,0,0_0_1_1_2_3_3_3_3_4_4_5_6_7_8_9_10_11_12_7_7_7_12_11_13_14_14_15_16_17_18_19_20_21_22_23_24_24_24_24,100_52_81_56_10_71_73_100_97_87_33_23_36_100_35_11_22_92_100_100_100_47_38_24_48_86_53_41_10_10_63_66_10_31_16_10_99_100_99_57,ExploreTrial,0.5,2,2,12,0,0,,0,0,0.0,0.0,0.0,observe_click,10,41,11,64,,,true,,,,0.39504504504504506,-Ogzl8RZ2XH1zayYStik,23,-1
5,17042,7,19,98,66,94,177931,23,78,89,89,0,,,html-keyboard-response,50,2.1.0,4357717,40,0,0_1_2_3_4_5_6_7_8_9_10_11_12_13_14_15_16_17_18_19_20_21_22_23_0_1_3_5_8_11_13_18_23_0_1_3_5_8_13_0,97_100_26_100_55_91_35_10_80_36_60_84_10_68_10_41_16_26_58_47_11_10_10_77_100_100_80_100_73_46_100_19_10_96_49_40_96_10_58_100,ExploreTrial,0.5,2,2,12,0,0,,0,0,0.0,0.0,0.0,observe_click,10,41,11,64,,,true,,,,0.42461340206185566,-Ogzl8RZ2XH1zayYStik,19,-4
6,35572,1,9,98,99,98,135238,19,69,98,82,19,,,html-keyboard-response,58,2.1.0,4542894,40,0,0_0_1_2_3_4_5_6_7_8_9_10_11_12_13_14_15_3_6_8_9_11_12_6_9_11_12_16_16_16_17_17_17_18_18_19_19_19_9_19,10_10_41_10_65_32_47_83_10_62_61_34_70_87_35_10_15_10_79_10_68_100_98_10_100_21_38_100_100_10_71_91_12_100_30_86_100_72_10_100,ExploreTrial,0.5,2,2,12,0,0,,0,0,0.0,0.0,0.0,observe_click,10,41,11,64,,,true,,,,0.3094262295081967,-Ogzl8RZ2XH1zayYStik,14,-5
7,43021,0,65,84,99,97,212997,14,70,92,70,1,,,html-keyboard-response,66,2.1.0,4804614,40,0,0_1_1_1_1_1_1_1_1_1_1_1_1_1_1_1_1_2_3_3_4_5_6_7_8_8_8_9_10_10_11_12_13_13_13_13_14_14_1_1,28_100_76_100_56_81_100_72_100_89_65_95_100_100_65_90_74_10_75_10_30_35_20_75_76_79_20_10_84_10_10_10_100_85_53_28_61_12_73_10,ExploreTrial,0.5,2,2,12,0,0,,0,0,0.0,0.0,0.0,observe_click,10,41,11,64,,,true,,,,0.5066176470588235,-Ogzl8RZ2XH1zayYStik,17,3
8,20586,39,63,68,81,78,164426,17,82,87,82,8,,,html-keyboard-response,74,2.1.0,5024911,40,0,0_1_2_2_3_3_3_4_4_4_5_6_7_8_8_8_8_9_10_11_11_12_13_14_14_14_14_14_15_15_15_15_16_17_17_17_17_14_3_8,48_31_68_63_91_82_68_100_100_31_36_32_10_100_100_85_44_10_24_77_10_10_10_100_100_95_53_67_100_67_100_10_26_100_44_64_10_10_10_53,ExploreTrial,0.5,2,2,12,0,0,,0,0,0.0,0.0,0.0,observe_click,10,41,11,64,,,true,,,,0.316994750656168,-Ogzl8RZ2XH1zayYStik,13,-4
9,11943,38,60,68,99,79,170795,13,81,90,90,4,,,html-keyboard-response,82,2.1.0,5225648,40,0,0_0_1_2_3_3_4_4_4_4_5_5_5_5_6_7_7_8_9_9_9_9_10_11_12_13_13_13_13_0_4_5_13_4_5_13_5_13_0_4,50_61_10_10_70_13_100_100_81_60_100_80_52_70_22_100_25_24_72_100_40_34_31_32_10_56_100_45_78_34_73_90_89_37_100_91_28_10_42_66,ExploreTrial,0.5,2,2,12,0,0,,0,0,0.0,0.0,0.0,observe_click,10,41,11,64,,,true,,,,0.3601923076923077,-Ogzl8RZ2XH1zayYStik,15,2
10,14989,0,0,39,99,52,145160,15,54,95,77,15,,,html-keyboard-response,90,2.1.0,5402090,40,0,0_1_2_3_4_5_5_5_6_6_6_7_8_0_1_3_4_7_7_8_8_9_10_11_12_13_13_13_14_14_14_5_8_13_15_15_15_15_8_15,35_37_10_45_47_82_100_92_100_76_10_39_45_10_10_10_44_61_17_100_100_10_10_10_18_35_84_43_64_71_10_12_53_61_95_100_100_90_82_100,ExploreTrial,0.5,2,2,12,0,0,,0,0,0.0,0.0,0.0,observe_click,10,41,11,64,,,true,,,,0.32621951219512196,-Ogzl8RZ2XH1zayYStik,13,-2
11,19840,0,59,65,17,76,160546,13,93,93,93,10,,,html-keyboard-response,98,2.1.0,5585791,40,0,0_1_1_2_1_3_4_5_6_7_4_5_6_7_8_9_10_8_9_10_4_5_6_7_10_4_5_6_7_11_12_13_11_12_12_11_5_10_5_10,10_85_100_10_10_10_32_100_40_88_79_82_100_100_100_66_94_10_10_78_52_58_80_100_100_10_42_10_10_100_33_22_98_87_10_29_94_85_11_76,ExploreTrial,0.5,2,2,12,0,0,,0,0,0.0,0.0,0.0,observe_click,10,41,11,64,,,true,,,,0.2889705882352941,-Ogzl8RZ2XH1zayYStik,10,-3
12,21272,25,65,68,49,59,145361,10,78,96,80,10,,,html-keyboard-response,106,2.1.0,5762266,40,0,0_1_2_3_4_0_1_2_3_5_6_7_5_7_0_1_2_3_5_7_8_9_10_9_10_10_9_0_2_7_9_9_10_0_2_9_10_2_10_10,100_82_70_100_10_100_62_56_100_32_10_42_100_32_42_11_42_10_10_100_10_85_100_59_100_100_71_100_68_10_41_38_100_10_74_27_10_74_100_64,ExploreTrial,0.5,2,2,13,0,0,,0,0,0.0,0.0,0.0,observe_click,10,41,11,64,,,true,,,,0.39748803827751195,-Ogzl8RZ2XH1zayYStik,,
0,27936,98,78,40,80,0,175089,26,85,95,94,14,,,html-keyboard-response,5,2.1.0,178911902,40,0,0_1_2_3_4_5_6_7_8_9_10_11_12_13_14_15_16_17_18_19_20_21_22_23_24_0_0_0_7_14_18_18_14_14_18_18_14_7_25_26,50_84_84_33_57_45_81_100_50_10_81_47_35_10_100_67_10_53_100_28_62_10_67_10_53_22_10_58_84_100_100_100_100_66_100_37_100_74_59_10,ExploreTrial,0.5,2,2,12,0,0,,0,0,0.0,0.0,0.0,observe_click,18,41,25,100,,,true,,,,0.3528904665314402,-Ogzn6mDGaxQ1xjCTd4v,33,7
1,30176,98,80,0,0,0,127945,33,61,97,94,25,,,html-keyboard-response,13,2.1.0,179110804,40,0,0_1_2_3_4_5_6_7_8_9_10_11_12_13_14_15_16_17_18_19_20_21_22_23_24_25_26_27_28_29_2_4_10_23_25_25_30_31_32_33,57_56_100_20_100_14_32_24_85_10_100_55_47_49_10_12_10_89_10_10_86_30_14_100_83_100_42_17_35_10_30_47_10_41_100_100_10_43_54_10,ExploreTrial,0.5,2,2,12,0,0,,0,0,0.0,0.0,0.0,observe_click,18,41,25,100,,,true,,,,0.3486153846153846,-Ogzn6mDGaxQ1xjCTd4v,29,-4
2,53124,94,0,7,98,0,162891,29,52,96,96,2,,,html-keyboard-response,21,2.1.0,179349589,40,0,0_1_2_3_4_5_6_7_8_9_10_11_12_13_14_15_16_17_18_19_20_21_22_23_24_25_26_27_28_29_8_29_23_2_1_9_10_18_24_25,51_100_100_13_64_75_41_36_97_100_100_37_55_75_80_45_33_10_100_38_18_69_52_81_100_100_100_28_72_96_58_21_100_85_100_10_100_100_100_85,ExploreTrial,0.5,2,2,12,0,0,,0,0,0.0,0.0,0.0,observe_click,18,41,25,100,,,true,,,,0.35154109589041094,-Ogzn6mDGaxQ1xjCTd4v,29,0
3,26600,39,77,0,99,0,131907,29,60,96,87,14,,,html-keyboard-response,34,2.1.0,179622027,40,0,0_1_2_3_4_5_6_7_8_9_10_11_12_13_14_15_16_17_18_19_20_21_22_23_24_25_26_27_28_29_14_14_21_21_27_0_2_4_4_28,100_100_100_34_100_78_10_48_37_10_57_26_40_79_99_10_10_24_100_19_89_98_45_10_100_85_41_98_100_74_63_100_100_62_10_64_71_100_58_100,ExploreTrial,0.5,2,2,12,0,0,,0,0,0.0,0.0,0.0,observe_click,18,41,25,100,,,true,,,,0.36473684210526314,-Ogzn6mDGaxQ1xjCTd4v,29,0
4,28994,59,0,12,96,0,145987,29,55,94,94,9,,,html-keyboard-response,42,2.1.0,179863350,40,0,0_1_2_3_4_5_6_7_8_9_10_11_12_13_14_15_16_17_18_19_20_21_22_23_24_25_26_27_28_29_4_8_9_12_13_16_4_13_16_9,23_75_10_11_100_10_28_78_100_100_73_10_100_100_68_25_100_51_10_13_81_17_10_50_10_10_38_50_25_10_100_10_68_37_100_71_36_22_44_75,ExploreTrial,0.5,2,2,12,0,0,,0,0,0.0,0.0,0.0,observe_click,18,41,25,100,,,true,,,,0.33919294990723564,-Ogzn6mDGaxQ1xjCTd4v,24,-5
5,25642,22,52,41,30,12,136199,24,83,87,86,16,,,html-keyboard-response,50,2.1.0,180060131,40,0,0_1_2_3_4_5_6_7_8_9_10_11_12_13_14_15_16_17_18_19_20_21_22_23_24_3_6_10_11_16_20_21_20_16_16_20_10_10_11_11,10_10_10_100_10_32_100_69_35_46_92_91_65_49_50_47_100_21_27_10_100_100_79_35_57_61_10_100_100_100_100_10_100_100_72_58_100_54_87_21,ExploreTrial,0.5,2,2,12,0,0,,0,0,0.0,0.0,0.0,observe_click,18,41,25,100,,,true,,,,0.30234530938123755,-Ogzn6mDGaxQ1xjCTd4v,28,4
6,26578,99,0,0,99,7,151342,28,54,99,99,22,,,html-keyboard-response,58,2.1.0,180293685,40,0,0_1_2_3_4_5_6_7_8_9_10_11_12_13_14_15_16_17_18_19_20_21_22_23_24_1_12_18_22_24_24_22_22_24_9_25_26_27_28_26,55_100_63_57_10_27_55_32_10_84_72_10_85_59_17_69_10_71_100_73_10_22_92_43_100_53_23_40_72_100_90_100_56_17_10_10_79_10_59_10,ExploreTrial,0.5,2,2,12,0,0,,0,0,0.0,0.0,0.0,observe_click,18,41,25,100,,,true,,,,0.315,-Ogzn6mDGaxQ1xjCTd4v,24,-4
7,19549,85,0,71,9,72,176890,24,84,85,85,9,,,html-keyboard-response,66,2.1.0,180533194,40,0,0_1_2_3_4_5_6_7_8_9_10_11_12_13_14_15_16_17_18_19_20_21_22_23_24_0_5_9_12_17_16_21_22_12_17_9_16_9_17_12,100_77_10_71_55_87_64_84_55_83_40_36_100_62_49_44_85_100_15_33_26_79_100_47_68_19_45_99_100_100_91_53_22_86_88_94_10_100_86_78,ExploreTrial,0.5,2,2,12,0,0,,0,0,0.0,0.0,0.0,observe_click,18,41,25,100,,,true,,,,0.3119433198380567,-Ogzn6mDGaxQ1xjCTd4v,24,0
8,21254,0,0,100,0,100,139734,24,97,97,97,11,,,html-keyboard-response,74,2.1.0,180728872,40,0,0_1_2_3_4_5_6_7_8_9_10_11_12_13_14_15_16_17_18_19_20_21_22_23_24_0_1_2_4_10_11_13_13_11_0_1_11_13_11_11,100_100_100_80_100_20_76_25_10_61_99_97_10_100_58_40_75_59_57_88_29_30_10_89_39_100_100_10_61_10_98_92_91_100_65_25_93_57_95_100,ExploreTrial,0.5,2,2,12,0,0,,0,0,0.0,0.0,0.0,observe_click,18,41,25,100,,,true,,,,0.38033980582524274,-Ogzn6mDGaxQ1xjCTd4v,24,0
9,50476,100,0,11,88,0,144480,24,74,97,97,2,,,html-keyboard-response,82,2.1.0,180915431,40,0,0_1_2_3_4_5_6_7_8_9_10_11_12_13_14_15_16_17_18_19_20_21_22_23_24_1_2_5_9_10_19_20_22_1_2_20_10_9_2_2,10_88_100_47_23_100_59_87_58_100_100_38_34_26_10_39_10_10_52_100_100_35_100_76_35_100_100_10_86_69_15_100_48_13_100_68_39_72_98_100,ExploreTrial,0.5,2,2,12,0,0,,0,0,0.0,0.0,0.0,observe_click,18,41,25,100,,,true,,,,0.3951612903225806,-Ogzn6mDGaxQ1xjCTd4v,24,0
10,35715,87,85,28,91,0,162932,24,67,88,85,23,,,html-keyboard-response,90,2.1.0,181150540,40,0,0_1_2_3_4_5_6_7_8_9_10_11_12_13_14_15_16_17_18_19_20_21_22_23_24_2_6_12_17_18_23_24_24_17_2_2_24_23_23_23,10_10_90_42_10_10_100_47_10_36_65_11_98_69_76_54_47_85_100_10_10_69_22_100_84_100_44_29_93_28_49_91_100_52_100_48_50_100_93_79,ExploreTrial,0.5,2,2,12,0,0,,0,0,0.0,0.0,0.0,observe_click,18,41,25,100,,,true,,,,0.3383333333333333,-Ogzn6mDGaxQ1xjCTd4v,24,0
11,14080,65,97,0,91,0,131275,24,46,95,89,23,,,html-keyboard-response,98,2.1.0,181347905,40,0,0_1_2_3_4_5_6_7_8_9_10_11_12_13_14_15_16_17_18_19_20_21_22_23_24_0_2_4_5_7_18_22_23_24_2_4_7_23_23_2,100_48_100_38_96_87_10_100_10_10_10_59_22_36_51_59_44_10_99_68_32_10_100_100_89_18_100_100_10_100_15_10_100_11_49_23_19_51_67_19,ExploreTrial,0.5,2,2,12,0,0,,0,0,0.0,0.0,0.0,observe_click,18,41,25,100,,,true,,,,0.3963519313304721,-Ogzn6mDGaxQ1xjCTd4v,24,0
12,15690,67,0,54,89,41,116424,24,79,85,85,18,,,html-keyboard-response,106,2.1.0,181508061,40,0,0_1_2_3_4_5_6_7_8_9_10_11_12_13_14_15_16_17_18_19_20_21_22_23_24_5_6_8_14_15_15_16_18_21_23_6_14_16_18_18,52_65_74_66_55_100_98_44_94_10_54_10_10_29_100_100_97_10_100_64_55_92_54_100_10_10_95_63_76_50_64_100_100_45_52_10_76_100_86_100,ExploreTrial,0.5,2,2,13,0,0,,0,0,0.0,0.0,0.0,observe_click,18,41,25,100,,,true,,,,0.29780701754385963,-Ogzn6mDGaxQ1xjCTd4v,,
0,28940,0,0,62,0,59,176253,12,77,91,87,1,,,html-keyboard-response,5,2.1.0,3969507,40,0,0_0_0_0_0_0_0_0_0_0_1_1_1_1_1_1_1_1_1_1_1_2_3_4_5_6_7_8_9_10_11_12_12_12_12_12_12_12_12_12,70_35_36_42_10_46_41_49_44_26_10_51_89_98_69_10_100_100_100_10_14_35_52_10_11_100_10_22_68_44_10_85_35_62_15_10_10_100_29_50,ExploreTrial,0.5,2,2,12,0,0,,0,0,0.0,0.0,0.0,add_card,6,41,7,100,,,true,,,,0.5698369565217392,-Oh-CaMaTjf8z-yX95BO,3,-9
1,23150,0,0,99,0,78,319151,3,60,95,80,0,,,html-keyboard-response,13,2.1.0,4549687,40,0,0_0_0_0_0_0_0_0_0_0_1_1_1_1_1_1_1_1_1_1_2_2_2_2_2_2_2_2_2_2_3_3_3_3_3_3_3_3_3_3,100_10_100_100_10_65_86_100_83_70_20_63_100_24_73_30_100_42_10_36_34_10_24_27_35_40_39_43_66_72_60_10_100_59_42_41_95_10_10_50,ExploreTrial,0.5,2,2,12,0,0,,0,0,0.0,0.0,0.0,add_card,6,41,7,100,,,true,,,,0.4166666666666667,-Oh-CaMaTjf8z-yX95BO,0,-3
2,299293,0,45,63,0,98,116455,0,35,93,35,0,,,html-keyboard-response,21,2.1.0,4767809,40,0,0_0_0_0_0_0_0_0_0_0_0_0_0_0_0_0_0_0_0_0_0_0_0_0_0_0_0_0_0_0_0_0_0_0_0_0_0_0_0_0,11_48_59_100_10_70_54_100_65_10_10_57_42_10_10_10_49_77_12_10_10_78_10_28_34_21_100_10_10_10_50_10_45_10_87_60_10_10_10_69,ExploreTrial,0.5,2,2,12,0,0,,0,0,0.0,0.0,0.0,add_card,6,41,7,100,,,true,,,,0.0,-Oh-CaMaTjf8z-yX95BO,11,11
3,18959,0,56,30,79,35,261460,11,57,96,96,2,,,html-keyboard-response,34,2.1.0,5780860,40,0,0_0_0_1_1_1_2_2_2_3_3_3_4_4_4_5_5_5_6_6_6_7_7_7_8_8_8_9_9_9_10_10_10_11_11_11_2_2_11_11,69_10_10_40_31_100_100_68_100_42_70_22_16_100_28_30_100_100_52_64_100_69_66_37_13_62_41_28_10_29_10_70_63_100_98_100_40_64_26_10,ExploreTrial,0.5,2,2,12,0,0,,0,0,0.0,0.0,0.0,add_card,6,41,7,100,,,true,,,,0.36763392857142857,-Oh-CaMaTjf8z-yX95BO,3,-8
4,24169,0,0,98,0,97,192655,3,81,97,81,0,,,html-keyboard-response,42,2.1.0,6042708,40,0,0_0_0_0_1_1_1_1_2_2_2_2_3_3_3_3_3_3_3_3_3_3_2_2_2_2_1_1_1_1_1_1_0_0_0_0_0_0_2_2,100_100_85_100_62_69_100_100_55_64_36_52_10_24_64_100_31_77_44_10_14_41_12_100_100_89_88_100_81_19_20_55_100_100_56_10_100_100_87_38,ExploreTrial,0.5,2,2,12,0,0,,0,0,0.0,0.0,0.0,add_card,6,41,7,100,,,true,,,,0.4166666666666667,-Oh-CaMaTjf8z-yX95BO,4,1
5,10074,0,0,99,0,98,120380,4,59,90,59,1,,,html-keyboard-response,50,2.1.0,6203414,40,0,0_0_0_0_0_0_0_0_0_0_1_1_1_1_1_1_1_1_1_1_2_2_2_2_2_2_2_2_2_2_3_3_3_3_4_4_4_4_4_4,17_54_94_35_41_10_10_100_69_10_100_81_25_10_81_23_88_10_36_33_52_31_57_10_45_74_56_21_10_100_19_36_10_76_50_10_69_10_53_10,ExploreTrial,0.5,2,2,12,0,0,,0,0,0.0,0.0,0.0,add_card,6,41,7,100,,,true,,,,0.45606060606060606,-Oh-CaMaTjf8z-yX95BO,7,3
6,11215,58,38,44,0,38,134300,7,78,97,83,1,,,html-keyboard-response,58,2.1.0,6525498,40,0,0_0_0_0_1_1_1_1_1_1_2_2_2_2_2_2_3_3_3_3_4_4_4_4_5_5_5_5_6_6_6_6_7_7_7_7_6_6_1_1,74_52_58_100_94_100_100_96_72_49_70_100_99_100_10_54_15_49_13_10_43_78_78_100_100_10_50_75_27_100_100_66_54_52_10_64_100_10_48_98,ExploreTrial,0.5,2,2,12,0,0,,0,0,0.0,0.0,0.0,add_card,6,41,7,100,,,true,,,,0.3939393939393939,-Oh-CaMaTjf8z-yX95BO,5,-2
7,8130,0,0,97,0,93,140969,5,81,96,86,3,,,html-keyboard-response,66,2.1.0,6708106,40,0,0_0_0_0_1_2_3_4_5_1_2_3_4_5_1_2_3_4_5_1_2_3_4_5_0_0_1_1_3_3_3_3_1_1_0_0_3_3_3_3,100_100_36_54_51_10_100_10_14_48_65_51_57_70_100_33_100_100_65_100_19_93_46_84_100_57_37_100_100_65_63_100_10_77_67_24_100_58_47_87,ExploreTrial,0.5,2,2,12,0,0,,0,0,0.0,0.0,0.0,add_card,6,41,7,100,,,true,,,,0.4090909090909091,-Oh-CaMaTjf8z-yX95BO,13,8
8,7182,0,0,97,0,96,166504,13,75,92,91,0,,,html-keyboard-response,74,2.1.0,6903814,40,0,0_1_2_3_4_5_0_1_2_3_4_5_5_4_3_2_1_0_6_7_8_9_10_6_7_8_9_10_10_9_8_7_6_11_12_11_11_12_12_13,100_53_21_10_93_43_10_56_10_48_25_51_64_10_68_10_79_84_49_95_44_26_10_10_12_64_44_100_19_79_27_57_10_10_26_10_85_72_41_74,ExploreTrial,0.5,2,2,12,0,0,,0,0,0.0,0.0,0.0,add_card,6,41,7,100,,,true,,,,0.3592105263157895,-Oh-CaMaTjf8z-yX95BO,5,-8
9,17719,0,0,98,100,92,193303,5,58,87,84,4,,,html-keyboard-response,82,2.1.0,7131602,40,0,0_0_0_1_2_3_4_5_1_2_3_4_5_5_4_3_2_1_0_1_2_3_4_5_3_4_5_5_4_3_3_4_5_4_5_5_4_4_5_5,42_35_70_19_100_100_100_100_100_49_10_69_100_100_100_100_10_60_10_33_31_21_25_37_10_43_37_64_64_10_18_100_100_89_86_73_100_100_100_32,ExploreTrial,0.5,2,2,12,0,0,,0,0,0.0,0.0,0.0,add_card,6,41,7,100,,,true,,,,0.283984375,-Oh-CaMaTjf8z-yX95BO,5,0
10,12258,0,0,97,99,96,129234,5,69,98,98,3,,,html-keyboard-response,90,2.1.0,7295897,40,0,0_1_2_3_4_5_0_1_2_3_4_5_5_4_3_2_1_0_0_1_2_3_4_5_5_4_3_2_1_0_0_1_2_3_4_5_1_1_3_3,10_73_10_100_10_10_26_100_55_10_40_81_30_69_100_72_79_62_42_100_10_89_10_91_45_10_94_67_90_10_33_100_43_100_62_100_91_49_100_84,ExploreTrial,0.5,2,2,12,0,0,,0,0,0.0,0.0,0.0,add_card,6,41,7,100,,,true,,,,0.3846938775510204,-Oh-CaMaTjf8z-yX95BO,6,1
11,9463,0,0,98,0,97,126348,6,85,92,91,2,,,html-keyboard-response,98,2.1.0,7456220,40,0,0_1_2_3_4_5_0_1_2_3_4_5_5_4_3_2_1_0_0_1_2_3_4_5_5_4_3_2_1_0_0_1_2_3_4_5_6_6_6_6,56_58_92_56_67_49_10_41_95_27_98_100_87_100_100_100_30_10_10_18_100_69_24_10_12_67_54_41_97_26_76_96_100_58_10_34_13_64_100_23,ExploreTrial,0.5,2,2,12,0,0,,0,0,0.0,0.0,0.0,add_card,6,41,7,100,,,true,,,,0.3868421052631579,-Oh-CaMaTjf8z-yX95BO,6,0
12,11011,0,0,98,0,98,151935,6,92,93,92,6,,,html-keyboard-response,106,2.1.0,7655253,40,0,0_1_2_3_4_5_0_1_2_3_4_5_5_4_3_2_1_0_0_1_2_3_4_5_5_4_3_2_1_0_0_2_4_4_2_0_0_2_4_6,75_10_10_80_56_79_100_100_62_50_73_10_10_31_10_100_47_86_42_62_100_56_81_38_98_82_29_76_26_70_29_40_38_40_37_34_59_80_28_100,ExploreTrial,0.5,2,2,13,0,0,,0,0,0.0,0.0,0.0,add_card,6,41,7,100,,,true,,,,0.4073232323232323,-Oh-CaMaTjf8z-yX95BO,,
0,30780,59,13,50,40,40,223444,25,85,93,93,12,,,html-keyboard-response,5,2.1.0,58929076,40,0,0_0_1_2_3_4_5_6_7_8_9_10_11_12_13_14_15_16_17_18_19_1_2_5_5_5_8_12_12_12_17_17_20_21_20_21_22_23_24_25,17_47_100_100_10_56_100_76_24_100_10_24_10_100_87_10_50_10_100_19_10_68_71_100_100_74_86_100_100_100_100_73_100_100_10_97_10_50_10_49,ExploreTrial,0.5,2,2,12,0,0,,0,0,0.0,0.0,0.0,observe_click,28,41,30,44,,,true,,,,0.3682900432900433,-Oh2t1coHEHmRZMisRqJ,27,2
1,18747,72,34,21,57,31,228890,27,70,89,89,20,,,html-keyboard-response,13,2.1.0,59225237,40,0,0_1_2_3_4_5_6_7_8_9_10_11_12_13_14_15_16_17_18_19_20_21_22_23_24_4_7_13_14_15_18_21_23_22_25_26_19_27_27_24,30_10_20_52_100_10_16_100_10_42_10_86_48_100_91_100_62_10_100_80_13_100_90_99_80_14_85_45_61_56_36_65_51_100_46_10_100_100_74_93,ExploreTrial,0.5,2,2,12,0,0,,0,0,0.0,0.0,0.0,observe_click,28,41,30,44,,,true,,,,0.3091880341880342,-Oh2t1coHEHmRZMisRqJ,27,0
2,19984,69,21,26,66,21,219431,27,70,92,92,8,,,html-keyboard-response,21,2.1.0,59483524,40,0,0_1_2_3_4_5_6_7_8_9_10_11_12_13_14_15_16_17_18_19_20_21_22_23_24_25_26_5_9_13_23_24_25_5_9_24_9_20_27_8,10_31_47_38_12_100_35_54_81_100_43_35_10_100_41_11_57_42_10_10_95_70_54_99_100_100_10_100_100_62_12_100_46_73_82_41_10_82_80_100,ExploreTrial,0.5,2,2,12,0,0,,0,0,0.0,0.0,0.0,observe_click,28,41,30,44,,,true,,,,0.33215579710144927,-Oh2t1coHEHmRZMisRqJ,27,0
3,21452,57,15,25,41,22,221143,27,62,91,91,12,,,html-keyboard-response,34,2.1.0,59777821,40,0,0_1_2_3_4_5_6_7_8_9_10_11_12_13_14_15_16_17_18_19_20_21_22_23_24_4_0_8_14_21_23_12_21_12_3_25_26_27_27_16,88_10_10_79_98_10_10_10_87_10_59_27_80_10_92_47_65_61_12_10_38_100_46_100_10_18_53_26_10_100_34_89_64_61_41_34_10_100_54_52,ExploreTrial,0.5,2,2,12,0,0,,0,0,0.0,0.0,0.0,observe_click,28,41,30,44,,,true,,,,0.3472634508348794,-Oh2t1coHEHmRZMisRqJ,25,-2
4,28995,53,22,33,72,42,210049,25,79,97,97,20,,,html-keyboard-response,42,2.1.0,60024007,40,0,0_1_2_3_4_5_6_7_8_9_10_11_12_13_14_15_16_17_18_19_20_21_22_23_24_0_2_6_5_8_16_16_20_20_22_23_21_16_25_20,100_10_100_17_64_88_100_48_100_33_26_32_61_73_54_54_100_29_10_43_100_91_96_98_10_84_55_58_46_38_46_86_100_70_79_70_65_100_37_78,ExploreTrial,0.5,2,2,12,0,0,,0,0,0.0,0.0,0.0,observe_click,28,41,30,44,,,true,,,,0.33576923076923076,-Oh2t1coHEHmRZMisRqJ,25,0
5,21940,48,11,78,32,66,143536,25,92,95,95,16,,,html-keyboard-response,50,2.1.0,60217309,40,0,0_1_2_3_4_5_6_7_8_9_10_11_12_13_14_15_16_17_18_19_0_1_4_6_7_8_13_16_18_18_17_16_16_20_21_22_23_7_24_25,79_67_10_25_100_56_77_68_100_63_10_20_28_100_10_11_100_91_99_42_50_100_88_92_68_39_10_100_61_10_100_100_100_10_10_12_67_80_10_10,ExploreTrial,0.5,2,2,12,0,0,,0,0,0.0,0.0,0.0,observe_click,28,41,30,44,,,true,,,,0.3481991525423729,-Oh2t1coHEHmRZMisRqJ,25,0
6,21860,56,59,49,70,32,175661,25,83,95,89,18,,,html-keyboard-response,58,2.1.0,60433081,40,0,0_1_2_3_4_5_6_7_8_9_10_11_12_13_14_15_16_17_18_19_20_21_22_23_24_2_6_6_10_12_22_18_21_2_2_21_18_25_15_17,34_70_95_52_10_10_89_48_37_68_92_36_84_10_41_75_34_75_85_10_48_89_100_50_57_100_10_10_10_83_10_100_100_10_17_10_47_37_71_77,ExploreTrial,0.5,2,2,12,0,0,,0,0,0.0,0.0,0.0,observe_click,28,41,30,44,,,true,,,,0.34401408450704224,-Oh2t1coHEHmRZMisRqJ,27,2
7,27320,87,11,55,31,49,162622,27,62,81,81,2,,,html-keyboard-response,66,2.1.0,60650926,40,0,0_1_2_3_4_5_6_7_8_9_10_11_12_13_14_15_16_17_18_19_20_21_22_23_24_25_26_27_0_2_5_6_14_12_17_0_2_6_2_6,100_76_100_62_33_100_100_15_11_37_76_38_91_13_100_44_10_89_44_58_43_50_85_27_10_14_44_10_100_100_35_88_10_12_49_23_100_93_100_54,ExploreTrial,0.5,2,2,12,0,0,,0,0,0.0,0.0,0.0,observe_click,28,41,30,44,,,true,,,,0.4131111111111111,-Oh2t1coHEHmRZMisRqJ,28,1
8,16851,86,14,45,59,71,145454,28,86,95,95,25,,,html-keyboard-response,74,2.1.0,60842727,40,0,0_1_2_3_4_5_6_7_8_9_10_11_12_13_14_15_16_17_18_19_20_21_22_23_24_25_26_27_28_5_14_14_23_24_25_10_15_27_25_27,84_29_33_54_36_100_10_56_16_10_93_46_32_38_100_93_10_46_63_21_80_64_11_100_100_93_62_92_84_10_30_50_55_100_100_46_10_93_63_62,ExploreTrial,0.5,2,2,12,0,0,,0,0,0.0,0.0,0.0,observe_click,28,41,30,44,,,true,,,,0.31353658536585366,-Oh2t1coHEHmRZMisRqJ,25,-3
9,21440,32,67,38,51,31,150642,25,78,90,88,19,,,html-keyboard-response,82,2.1.0,61031210,40,0,0_1_2_3_4_5_6_7_8_9_10_11_12_13_14_15_16_17_18_19_20_21_22_23_5_6_7_8_13_15_16_19_13_19_1_24_25_25_25_19,58_100_73_97_32_100_100_100_100_75_21_31_29_100_10_92_100_66_39_100_10_28_14_46_32_48_61_49_100_52_54_100_38_94_49_54_100_91_67_100,ExploreTrial,0.5,2,2,12,0,0,,0,0,0.0,0.0,0.0,observe_click,28,41,30,44,,,true,,,,0.3307170542635659,-Oh2t1coHEHmRZMisRqJ,27,2
10,18557,82,76,62,73,34,155672,27,77,92,90,17,,,html-keyboard-response,90,2.1.0,61237986,40,0,0_1_2_3_4_5_6_7_8_9_10_11_12_13_14_15_16_17_18_19_20_21_22_23_24_25_26_27_1_9_12_14_16_17_23_24_16_17_23_14,26_100_72_53_39_10_78_62_86_100_74_23_100_20_100_23_100_100_44_19_92_13_42_100_100_10_10_43_78_100_10_100_100_100_100_44_44_98_10_41,ExploreTrial,0.5,2,2,12,0,0,,0,0,0.0,0.0,0.0,observe_click,28,41,30,44,,,true,,,,0.3098404255319149,-Oh2t1coHEHmRZMisRqJ,27,0
11,21002,25,19,52,21,71,168667,27,80,84,84,9,,,html-keyboard-response,98,2.1.0,61445555,40,0,0_1_2_3_4_5_6_7_8_9_10_11_12_13_14_15_16_17_18_19_20_21_22_23_24_25_26_27_4_5_9_10_11_13_14_24_9_24_9_19,67_77_60_22_100_100_10_10_69_100_100_100_100_100_100_55_57_10_60_82_82_10_51_66_100_10_54_70_26_58_100_10_78_14_41_100_86_67_100_41,ExploreTrial,0.5,2,2,12,0,0,,0,0,0.0,0.0,0.0,observe_click,28,41,30,44,,,true,,,,0.3305765595463138,-Oh2t1coHEHmRZMisRqJ,29,2
12,17990,76,79,33,80,26,166744,29,66,94,92,28,,,html-keyboard-response,106,2.1.0,61655151,40,0,0_1_2_3_4_5_6_7_8_9_10_11_12_13_14_15_16_17_18_19_20_21_22_23_24_25_26_27_28_29_0_28_17_5_5_28_1_5_4_28,100_86_72_67_84_89_45_20_78_10_23_10_60_61_41_10_28_90_84_59_10_10_37_10_13_21_47_11_100_10_10_100_64_39_87_78_75_18_27_44,ExploreTrial,0.5,2,2,13,0,0,,0,0,0.0,0.0,0.0,observe_click,28,41,30,44,,,true,,,,0.38965827338129494,-Oh2t1coHEHmRZMisRqJ,,
0,19437,59,78,20,80,0,231263,23,74,92,81,16,,,html-keyboard-response,5,2.1.0,71267960,40,0,0_1_2_3_4_5_6_7_8_9_10_11_12_13_14_15_0_3_7_0_0_0_16_17_18_19_20_21_22_23_16_16_16_16_20_20_20_20_23_23,83_33_10_100_41_10_48_100_10_68_10_55_70_41_80_19_100_10_79_100_48_54_100_62_10_36_100_10_10_83_87_63_73_82_88_100_34_28_55_100,ExploreTrial,0.5,2,2,12,0,0,,0,0,0.0,0.0,0.0,observe_click,4,41,6,74,,,true,,,,0.3720588235294118,-Oh38cKnRBtCA5nnCZBY,27,4
1,21136,0,0,41,78,0,187793,27,82,95,95,27,,,html-keyboard-response,13,2.1.0,71491893,40,0,0_1_2_3_4_5_6_7_8_9_10_11_12_13_14_15_16_17_18_19_20_21_22_23_24_17_10_18_10_18_17_17_18_25_26_27_26_27_27_27,14_68_78_43_71_30_65_33_34_10_79_10_39_74_38_10_66_94_79_42_58_45_47_10_45_89_100_99_48_78_73_63_87_35_100_81_11_76_100_100,ExploreTrial,0.5,2,2,12,0,0,,0,0,0.0,0.0,0.0,observe_click,4,41,6,74,,,true,,,,0.29860655737704916,-Oh38cKnRBtCA5nnCZBY,21,-6
2,13770,0,0,0,99,0,134579,21,78,92,92,10,,,html-keyboard-response,21,2.1.0,71663885,40,0,0_1_2_3_4_5_6_7_8_9_10_11_12_13_14_15_16_17_18_19_1_1_1_1_13_13_13_10_10_10_10_8_8_10_16_16_16_20_21_21,30_91_59_73_82_81_63_45_100_64_100_59_58_100_10_10_99_53_63_41_100_100_17_66_55_100_28_100_100_87_87_26_40_100_100_10_50_51_100_100,ExploreTrial,0.5,2,2,12,0,0,,0,0,0.0,0.0,0.0,observe_click,4,41,6,74,,,true,,,,0.3397921760391198,-Oh38cKnRBtCA5nnCZBY,22,1
3,18563,0,41,40,79,40,164403,22,75,89,75,22,,,html-keyboard-response,34,2.1.0,71878661,40,0,0_1_2_3_4_5_6_7_8_9_10_11_12_13_14_2_4_5_13_14_10_8_15_16_17_18_19_19_16_2_13_19_20_21_22_22_22_22_22_22,10_26_64_27_64_85_52_10_97_29_67_14_17_61_69_68_67_56_86_10_36_10_29_73_45_10_100_73_57_88_10_37_40_10_100_100_100_80_42_39,ExploreTrial,0.5,2,2,12,0,0,,0,0,0.0,0.0,0.0,observe_click,4,41,6,74,,,true,,,,0.3320696721311475,-Oh38cKnRBtCA5nnCZBY,22,0
4,12893,0,41,0,79,0,132979,22,73,91,81,7,,,html-keyboard-response,42,2.1.0,72048389,40,0,0_1_2_3_4_5_6_7_8_9_10_11_12_13_14_15_16_17_18_19_1_1_6_6_7_7_6_7_17_10_10_10_11_11_11_7_7_20_21_22,16_62_20_10_46_10_64_100_24_10_100_99_47_84_51_16_47_58_30_30_35_19_70_100_87_56_10_100_10_10_77_59_39_35_53_100_10_25_30_100,ExploreTrial,0.5,2,2,12,0,0,,0,0,0.0,0.0,0.0,observe_click,4,41,6,74,,,true,,,,0.33698453608247425,-Oh38cKnRBtCA5nnCZBY,20,-2
5,17675,0,0,60,79,0,103002,20,57,94,94,17,,,html-keyboard-response,50,2.1.0,72178067,40,0,0_1_2_3_4_5_6_7_8_9_10_11_12_13_14_15_16_17_18_19_0_0_4_4_5_5_6_6_13_13_15_15_17_17_17_18_18_17_17_20,100_47_30_10_93_95_82_15_10_10_47_10_10_69_62_100_20_100_100_40_79_74_10_37_100_26_76_88_68_93_15_89_100_100_100_42_25_10_72_86,ExploreTrial,0.5,2,2,12,0,0,,0,0,0.0,0.0,0.0,observe_click,4,41,6,74,,,true,,,,0.34154676258992805,-Oh38cKnRBtCA5nnCZBY,19,-1
6,14409,0,21,0,79,0,96800,19,44,97,78,6,,,html-keyboard-response,58,2.1.0,72327006,40,0,0_0_1_2_3_4_5_6_7_8_9_10_11_12_13_14_15_16_17_18_19_6_6_6_10_10_18_18_18_9_9_6_6_6_6_6_6_6_6_6,81_10_60_10_59_10_20_100_64_10_80_95_62_62_15_25_100_37_16_100_10_100_77_78_73_10_62_55_50_80_47_32_97_89_10_73_45_72_63_10,ExploreTrial,0.5,2,2,12,0,0,,0,0,0.0,0.0,0.0,observe_click,4,41,6,74,,,true,,,,0.3283898305084746,-Oh38cKnRBtCA5nnCZBY,0,-19
7,20459,0,0,77,0,21,17572,0,58,94,58,0,,,html-keyboard-response,66,2.1.0,72373142,40,0,0_0_0_0_0_0_0_0_0_0_0_0_0_0_0_0_0_0_0_0_0_0_0_0_0_0_0_0_0_0_0_0_0_0_0_0_0_0_0_0,37_10_10_45_25_68_55_47_64_89_81_88_50_48_77_14_10_96_56_10_37_20_51_57_10_36_100_83_57_84_54_63_10_49_54_21_62_12_70_66,ExploreTrial,0.5,2,2,12,0,0,,0,0,0.0,0.0,0.0,observe_click,4,41,6,74,,,true,,,,0.0,-Oh38cKnRBtCA5nnCZBY,0,0
8,11613,0,0,78,0,60,16275,0,80,89,80,0,,,html-keyboard-response,74,2.1.0,72422367,40,0,0_0_0_0_0_0_0_0_0_0_0_0_0_0_0_0_0_0_0_0_0_0_0_0_0_0_0_0_0_0_0_0_0_0_0_0_0_0_0_0,100_42_100_84_100_51_100_89_69_10_13_54_52_100_31_25_48_21_100_100_62_83_100_100_40_100_56_16_100_63_20_56_57_100_77_24_10_100_100_75,ExploreTrial,0.5,2,2,12,0,0,,0,0,0.0,0.0,0.0,observe_click,4,41,6,74,,,true,,,,0.0,-Oh38cKnRBtCA5nnCZBY,15,15
9,9250,0,0,0,21,80,97459,15,91,95,91,10,,,html-keyboard-response,82,2.1.0,72545833,40,0,0_1_2_3_4_5_5_6_7_7_7_8_9_9_9_9_10_10_10_10_10_10_10_11_12_13_14_15_13_13_13_14_14_14_15_15_15_10_10_10,16_42_10_24_33_83_10_32_83_79_12_10_100_40_63_33_100_100_100_61_100_100_100_10_10_97_100_90_81_61_10_29_43_75_44_10_22_100_56_53,ExploreTrial,0.5,2,2,12,0,0,,0,0,0.0,0.0,0.0,observe_click,4,41,6,74,,,true,,,,0.23049738219895288,-Oh38cKnRBtCA5nnCZBY,17,2
10,14506,0,0,79,0,78,98874,17,90,90,90,8,,,html-keyboard-response,90,2.1.0,72665133,40,0,0_0_0_0_0_1_2_3_4_5_5_5_5_5_5_6_7_8_9_10_8_8_8_8_10_10_8_8_8_8_11_12_13_14_15_16_17_17_17_8,82_100_60_80_94_56_10_10_53_100_100_93_10_59_100_60_66_100_56_74_100_93_100_100_74_100_77_100_100_100_25_60_56_10_52_58_100_34_36_100,ExploreTrial,0.5,2,2,12,0,0,,0,0,0.0,0.0,0.0,observe_click,4,41,6,74,,,true,,,,0.3603618421052632,-Oh38cKnRBtCA5nnCZBY,15,-2
11,9177,0,0,79,0,78,81805,15,93,94,93,7,,,html-keyboard-response,98,2.1.0,72770806,40,0,0_0_0_0_1_2_3_4_5_1_3_6_7_8_9_10_6_7_7_11_12_13_13_13_13_14_15_15_15_15_15_15_15_7_7_7_7_7_7_7,100_70_10_64_62_35_68_30_57_13_45_78_100_57_28_10_28_67_68_50_36_100_67_10_27_35_94_91_100_55_47_44_100_90_100_100_67_71_68_75,ExploreTrial,0.5,2,2,12,0,0,,0,0,0.0,0.0,0.0,observe_click,4,41,6,74,,,true,,,,0.35062111801242235,-Oh38cKnRBtCA5nnCZBY,5,-10
12,15668,0,0,40,60,20,37389,5,77,91,77,4,,,html-keyboard-response,106,2.1.0,72828301,40,0,0_0_0_1_2_3_4_5_4_4_4_4_4_4_4_4_4_4_4_4_4_4_4_4_4_4_4_4_4_4_4_4_4_4_4_4_4_4_4_4,86_60_10_41_24_45_100_10_54_100_62_100_100_100_100_56_100_100_34_76_36_100_71_52_100_44_83_93_93_84_65_100_86_73_92_100_81_72_71_74,ExploreTrial,0.5,2,2,13,0,0,,0,0,0.0,0.0,0.0,observe_click,4,41,6,74,,,true,,,,0.11765734265734265,-Oh38cKnRBtCA5nnCZBY,,
0,21319,22,0,96,93,19,197496,25,62,92,92,22,,,html-keyboard-response,5,2.1.0,2557349,40,0,0_0_1_1_2_2_3_3_3_4_4_5_6_7_8_9_9_9_10_11_12_12_13_14_14_15_16_17_17_18_19_20_21_21_22_22_23_23_24_25,78_100_100_41_100_10_100_10_10_43_25_10_10_10_23_42_81_52_13_34_100_90_18_91_10_14_10_84_86_63_53_58_100_84_100_100_100_10_50_32,ExploreTrial,0.5,2,2,12,0,0,,0,0,0.0,0.0,0.0,observe_click,24,41,25,100,,,true,,,,0.38370967741935486,-Oh3BrUqTvL_nZ8QMjv6,30,5
1,26061,0,0,99,100,77,171984,30,80,81,81,10,,,html-keyboard-response,13,2.1.0,2778867,40,0,0_1_2_2_3_3_4_5_6_7_7_8_9_9_10_10_10_11_11_12_13_14_15_16_17_18_18_19_20_21_22_23_24_23_25_26_27_28_29_30,32_10_41_47_73_81_28_58_54_100_27_60_97_10_95_78_100_100_59_60_54_24_73_60_71_81_10_22_45_62_10_82_60_62_10_25_70_39_10_10,ExploreTrial,0.5,2,2,12,0,0,,0,0,0.0,0.0,0.0,observe_click,24,41,25,100,,,true,,,,0.35609318996415773,-Oh3BrUqTvL_nZ8QMjv6,25,-5
2,19766,0,79,98,100,41,192160,25,86,99,86,1,,,html-keyboard-response,21,2.1.0,3023923,40,0,0_0_0_1_1_2_3_4_4_5_6_6_7_8_9_9_10_11_11_12_12_13_14_15_15_16_17_18_18_19_20_21_21_22_23_24_25_18_1_1,100_100_10_100_56_42_10_100_16_45_100_10_69_23_100_10_10_100_29_100_38_43_30_88_46_10_58_100_62_78_66_100_51_10_53_10_77_84_100_60,ExploreTrial,0.5,2,2,12,0,0,,0,0,0.0,0.0,0.0,observe_click,24,41,25,100,,,true,,,,0.3996606334841629,-Oh3BrUqTvL_nZ8QMjv6,28,3
3,16009,81,0,78,98,40,164694,28,64,92,92,14,,,html-keyboard-response,34,2.1.0,3328898,40,0,0_1_1_2_3_3_4_5_6_6_7_8_9_10_11_11_12_13_14_14_15_16_17_18_19_20_21_22_23_24_24_25_26_27_27_28_28_16_16_14,39_100_10_50_100_40_10_62_100_17_54_54_10_17_97_10_15_11_95_40_13_74_50_60_48_10_70_33_64_95_49_33_56_96_10_86_25_100_10_100,ExploreTrial,0.5,2,2,12,0,0,,0,0,0.0,0.0,0.0,observe_click,24,41,25,100,,,true,,,,0.34452296819787986,-Oh3BrUqTvL_nZ8QMjv6,23,-5
4,11204,21,0,97,98,59,181852,23,58,93,93,14,,,html-keyboard-response,42,2.1.0,3554812,40,0,0_1_2_3_4_5_6_6_7_8_8_9_10_11_11_12_12_13_13_14_14_15_15_16_17_17_18_18_19_20_21_21_22_23_23_14_21_21_14_11,41_68_52_10_26_44_84_29_32_96_10_61_57_94_67_86_61_88_10_100_59_84_10_14_69_33_84_10_10_22_100_37_36_71_32_65_100_10_59_100,ExploreTrial,0.5,2,2,12,0,0,,0,0,0.0,0.0,0.0,observe_click,24,41,25,100,,,true,,,,0.28354368932038837,-Oh3BrUqTvL_nZ8QMjv6,16,-7
5,15842,0,77,39,98,60,171373,16,74,89,74,10,,,html-keyboard-response,50,2.1.0,3754783,40,0,0_0_1_1_2_2_3_3_4_4_5_5_6_6_7_7_8_8_9_9_10_10_10_10_11_11_12_12_13_13_13_14_14_15_15_16_16_5_9_9,35_77_10_96_65_40_51_32_21_10_54_100_54_56_52_10_29_39_10_100_100_54_100_67_29_13_60_25_71_72_27_10_36_94_10_38_10_60_100_31,ExploreTrial,0.5,2,2,12,0,0,,0,0,0.0,0.0,0.0,observe_click,24,41,25,100,,,true,,,,0.3246951219512195,-Oh3BrUqTvL_nZ8QMjv6,25,9
6,16224,0,0,100,97,80,164730,25,79,94,94,3,,,html-keyboard-response,58,2.1.0,3952594,40,0,0_0_1_1_2_3_3_4_5_6_7_7_8_9_10_11_12_13_13_14_15_16_17_18_19_20_21_21_22_23_24_25_25_25_3_3_7_7_13_25,93_10_100_44_42_100_90_70_62_56_100_48_52_10_78_25_55_100_79_19_86_10_55_59_30_66_100_11_46_58_10_96_84_57_100_37_89_10_10_10,ExploreTrial,0.5,2,2,12,0,0,,0,0,0.0,0.0,0.0,observe_click,24,41,25,100,,,true,,,,0.3901673640167364,-Oh3BrUqTvL_nZ8QMjv6,26,1
7,23743,20,13,100,97,79,156354,26,69,90,89,26,,,html-keyboard-response,66,2.1.0,4151295,40,0,0_1_1_2_3_4_5_5_6_7_8_9_10_11_11_12_12_12_13_13_14_15_16_16_16_17_18_19_20_21_21_22_23_23_24_25_26_26_26_26,43_100_36_16_21_10_100_40_77_81_19_10_44_100_49_100_100_57_90_63_10_23_94_70_18_14_51_37_10_100_10_10_100_24_58_10_100_100_100_100,ExploreTrial,0.5,2,2,12,0,0,,0,0,0.0,0.0,0.0,observe_click,24,41,25,100,,,true,,,,0.3257155635062612,-Oh3BrUqTvL_nZ8QMjv6,18,-8
8,13435,0,40,97,97,78,168881,18,89,95,89,14,,,html-keyboard-response,74,2.1.0,4376876,40,0,0_1_1_2_2_3_3_4_5_6_6_7_7_8_8_9_9_10_11_12_13_14_14_15_15_16_16_16_9_14_14_16_17_17_18_18_16_14_14_16,26_100_12_100_57_87_27_64_10_87_81_100_32_100_26_95_100_34_41_57_10_100_81_81_71_100_100_87_43_100_77_100_88_78_82_73_49_68_92_30,ExploreTrial,0.5,2,2,12,0,0,,0,0,0.0,0.0,0.0,observe_click,24,41,25,100,,,true,,,,0.2993990384615385,-Oh3BrUqTvL_nZ8QMjv6,27,9
9,10239,0,0,99,0,100,133654,27,88,88,88,0,,,html-keyboard-response,82,2.1.0,4539705,40,0,0_0_0_1_2_3_4_5_6_7_8_9_9_10_10_10_0_0_11_12_12_13_13_14_14_15_16_17_18_19_20_21_22_22_23_24_24_25_26_27,100_100_100_57_78_10_10_41_80_57_17_100_10_88_80_100_100_100_15_100_34_100_41_88_25_48_69_50_55_58_10_38_91_10_34_100_10_86_100_100,ExploreTrial,0.5,2,2,12,0,0,,0,0,0.0,0.0,0.0,observe_click,24,41,25,100,,,true,,,,0.38597560975609757,-Oh3BrUqTvL_nZ8QMjv6,25,-2
10,18976,0,23,21,100,21,135820,25,82,92,88,15,,,html-keyboard-response,90,2.1.0,4702101,40,0,0_1_2_3_4_5_6_7_8_9_10_11_12_13_14_15_16_17_18_19_20_21_22_23_5_8_14_2_2_12_15_17_23_17_15_24_24_25_25_25,33_50_94_40_33_100_74_10_100_56_43_60_86_16_100_79_10_100_50_27_12_16_57_100_41_61_72_64_72_10_100_90_50_41_70_100_50_96_40_56,ExploreTrial,0.5,2,2,12,0,0,,0,0,0.0,0.0,0.0,observe_click,24,41,25,100,,,true,,,,0.33350661625708883,-Oh3BrUqTvL_nZ8QMjv6,26,1
11,14155,0,0,100,0,100,116003,26,98,98,98,15,,,html-keyboard-response,98,2.1.0,4855710,40,0,0_1_2_3_4_5_6_7_8_9_10_11_12_12_12_13_14_15_15_16_16_16_17_18_17_17_17_17_15_15_19_20_21_21_22_23_22_24_25_26,66_10_25_32_60_78_54_47_32_53_76_30_100_97_17_28_66_90_100_95_100_10_100_45_100_100_62_67_100_100_79_65_100_33_100_10_43_10_100_10,ExploreTrial,0.5,2,2,12,0,0,,0,0,0.0,0.0,0.0,observe_click,24,41,25,100,,,true,,,,0.272246891651865,-Oh3BrUqTvL_nZ8QMjv6,24,-2
12,12355,21,0,79,100,39,114918,24,69,94,88,24,,,html-keyboard-response,106,2.1.0,4997741,40,0,0_0_1_2_3_4_4_4_5_6_6_7_8_9_10_11_12_12_12_13_13_14_15_16_16_17_18_18_19_19_19_20_21_21_22_23_24_24_24_24,96_36_31_73_22_100_75_73_10_100_43_26_10_42_39_11_83_89_88_100_60_56_59_84_18_10_78_51_100_100_10_31_100_14_19_71_100_100_80_100,ExploreTrial,0.5,2,2,13,0,0,,0,0,0.0,0.0,0.0,observe_click,24,41,25,100,,,true,,,,0.33372093023255817,-Oh3BrUqTvL_nZ8QMjv6,,
0,29353,0,100,20,39,59,41923,0,33,97,33,0,,,html-keyboard-response,5,2.1.0,14690311,40,0,0_0_0_0_0_0_0_0_0_0_0_0_0_0_0_0_0_0_0_0_0_0_0_0_0_0_0_0_0_0_0_0_0_0_0_0_0_0_0_0,29_10_10_14_59_94_10_77_10_41_54_44_27_10_10_23_10_63_55_100_100_100_38_24_26_10_66_14_60_54_10_54_12_10_10_88_30_10_10_40,ExploreTrial,0.5,2,2,12,0,0,,0,0,0.0,0.0,0.0,observe_click,13,41,20,47,,,true,,,,0.0,-Oh48a2Zd_B73r1omwCS,39,39
1,17512,100,0,22,21,21,21255,39,60,98,98,31,,,html-keyboard-response,13,2.1.0,14771916,40,0,0_1_2_3_4_5_6_7_8_9_10_11_12_13_14_15_16_17_18_19_20_21_22_23_24_25_26_27_28_29_30_31_32_33_34_35_36_37_38_39,96_61_33_40_15_10_29_25_53_100_100_10_63_13_95_64_46_10_84_37_26_63_53_79_100_51_10_48_74_33_45_100_100_64_100_82_88_100_85_100,ExploreTrial,0.5,2,2,12,0,0,,0,0,0.0,0.0,0.0,observe_click,13,41,20,47,,,true,,,,0.3416666666666667,-Oh48a2Zd_B73r1omwCS,19,-20
2,23512,0,0,100,0,100,114593,19,91,91,91,7,,,html-keyboard-response,21,2.1.0,14947074,40,0,0_1_2_3_4_5_6_7_8_9_10_11_12_13_14_15_16_17_18_19_0_1_2_3_4_5_6_7_8_9_10_11_12_13_14_15_16_17_18_19,16_100_83_24_33_49_10_100_96_72_52_32_84_86_35_17_14_66_100_10_11_10_41_34_100_63_10_100_82_58_62_19_95_76_11_70_95_41_79_57,ExploreTrial,0.5,2,2,12,0,0,,0,0,0.0,0.0,0.0,observe_click,13,41,20,47,,,true,,,,0.35,-Oh48a2Zd_B73r1omwCS,19,0
3,42905,20,0,40,32,10,75150,19,79,95,91,7,,,html-keyboard-response,34,2.1.0,15130188,40,0,0_1_2_3_4_5_6_7_8_9_10_11_12_13_14_15_16_17_18_19_0_1_2_3_4_5_6_7_8_9_10_11_12_13_14_15_16_17_18_19,69_64_100_100_12_100_30_100_53_100_80_100_17_31_100_63_46_69_10_10_79_20_58_10_57_67_35_100_100_82_30_100_51_54_10_67_77_65_61_92,ExploreTrial,0.5,2,2,12,0,0,,0,0,0.0,0.0,0.0,observe_click,13,41,20,47,,,true,,,,0.35,-Oh48a2Zd_B73r1omwCS,19,0
4,34716,0,0,100,0,100,241961,19,86,86,86,18,,,html-keyboard-response,42,2.1.0,15539166,40,0,0_1_2_3_4_5_6_7_8_9_10_11_12_13_14_15_16_17_18_19_6_8_12_12_12_15_15_1_14_14_11_1_12_14_14_7_1_12_8_18,53_90_58_10_10_10_100_69_100_38_62_77_100_21_87_92_43_10_66_21_43_58_100_39_10_100_22_71_100_26_52_55_10_33_10_10_20_10_43_68,ExploreTrial,0.5,2,2,12,0,0,,0,0,0.0,0.0,0.0,observe_click,13,41,20,47,,,true,,,,0.30636020151133503,-Oh48a2Zd_B73r1omwCS,19,0
5,18342,11,0,77,40,61,106744,19,91,96,96,11,,,html-keyboard-response,50,2.1.0,15689193,40,0,0_1_2_3_4_5_6_7_8_9_10_11_12_13_14_15_16_17_18_19_3_10_11_13_11_11_11_11_11_11_11_11_11_11_11_11_11_11_11_11,23_10_53_100_66_77_10_48_82_47_100_100_86_100_38_29_75_10_49_55_10_30_96_40_100_100_100_52_39_100_38_74_94_100_41_60_100_94_46_100,ExploreTrial,0.5,2,2,12,0,0,,0,0,0.0,0.0,0.0,observe_click,13,41,20,47,,,true,,,,0.2248759305210918,-Oh48a2Zd_B73r1omwCS,19,0
6,17131,0,0,100,0,100,109264,19,90,90,90,2,,,html-keyboard-response,58,2.1.0,15833997,40,0,0_1_2_3_4_5_6_7_8_9_10_11_12_13_14_15_16_17_18_19_2_2_3_4_8_19_19_3_3_2_2_2_2_2_2_2_2_2_2_2,50_77_100_100_100_10_24_36_100_17_68_44_75_64_72_61_77_10_10_100_91_91_100_63_58_100_66_100_69_100_100_85_100_100_100_88_100_34_46_17,ExploreTrial,0.5,2,2,12,0,0,,0,0,0.0,0.0,0.0,observe_click,13,41,20,47,,,true,,,,0.4682727272727273,-Oh48a2Zd_B73r1omwCS,19,0
7,17088,0,0,100,0,100,121831,19,92,92,92,6,,,html-keyboard-response,66,2.1.0,15993478,40,0,0_1_2_3_4_5_6_7_8_9_10_11_12_13_14_15_16_17_18_19_2_2_6_6_9_18_18_18_19_6_6_6_6_18_18_18_6_6_6_6,24_24_100_60_16_86_100_14_10_100_90_49_10_39_31_10_82_10_100_100_100_20_100_99_30_100_100_65_27_100_30_72_100_66_45_14_69_100_100_100,ExploreTrial,0.5,2,2,12,0,0,,0,0,0.0,0.0,0.0,observe_click,13,41,20,47,,,true,,,,0.3432051282051282,-Oh48a2Zd_B73r1omwCS,19,0
8,18599,0,0,100,0,100,87484,19,95,95,95,19,,,html-keyboard-response,74,2.1.0,16105193,40,0,0_0_1_2_3_4_5_6_7_8_9_10_11_12_13_14_15_16_17_18_19_6_6_6_19_19_19_19_19_19_19_19_19_19_19_19_19_19_19_19,57_10_82_10_72_22_37_100_10_55_77_10_49_10_75_10_36_10_20_79_100_58_97_51_88_100_49_100_100_100_94_100_50_100_43_100_33_41_76_100,ExploreTrial,0.5,2,2,12,0,0,,0,0,0.0,0.0,0.0,observe_click,13,41,20,47,,,true,,,,0.28525390625,-Oh48a2Zd_B73r1omwCS,19,0
9,15339,14,0,59,27,60,114295,19,70,91,83,3,,,html-keyboard-response,82,2.1.0,16245778,40,0,0_1_2_3_4_5_6_7_8_9_10_11_12_13_14_15_16_17_18_19_2_2_2_2_2_2_3_3_3_3_19_19_19_19_19_19_6_7_3_3,21_78_100_100_10_30_97_96_50_10_10_51_76_93_10_40_47_64_65_100_89_100_63_82_10_79_79_10_56_100_76_68_100_100_10_84_30_70_100_82,ExploreTrial,0.5,2,2,12,0,0,,0,0,0.0,0.0,0.0,observe_click,13,41,20,47,,,true,,,,0.42845821325648414,-Oh48a2Zd_B73r1omwCS,19,0
10,17366,7,19,75,26,25,112683,19,70,95,74,13,,,html-keyboard-response,90,2.1.0,16384137,40,0,0_1_2_3_4_5_6_7_8_9_10_11_12_13_14_15_16_17_18_19_4_13_13_13_13_13_13_13_4_4_4_4_4_4_15_15_15_8_8_8,71_41_49_63_100_57_10_10_77_24_10_39_67_100_65_78_11_29_43_10_56_100_57_83_70_36_100_100_100_34_100_83_10_50_80_60_31_100_40_75,ExploreTrial,0.5,2,2,12,0,0,,0,0,0.0,0.0,0.0,observe_click,13,41,20,47,,,true,,,,0.30992063492063493,-Oh48a2Zd_B73r1omwCS,19,0
11,13927,11,0,72,19,50,121617,19,84,97,87,9,,,html-keyboard-response,98,2.1.0,16537667,40,0,0_1_2_3_4_5_6_7_8_9_10_11_12_13_14_15_16_17_18_19_2_2_2_5_5_9_9_9_10_10_10_10_10_14_14_14_16_16_16_9,52_91_100_10_10_100_26_20_57_100_100_39_90_86_100_16_100_60_26_11_100_96_75_54_10_100_62_88_95_19_97_84_27_81_88_52_100_75_54_85,ExploreTrial,0.5,2,2,12,0,0,,0,0,0.0,0.0,0.0,observe_click,13,41,20,47,,,true,,,,0.30850785340314135,-Oh48a2Zd_B73r1omwCS,19,0
12,24470,0,0,100,0,100,108396,19,92,92,92,2,,,html-keyboard-response,106,2.1.0,16671246,40,0,0_1_2_3_4_5_6_7_8_9_10_11_12_13_14_15_16_17_18_19_9_9_9_9_12_12_13_13_18_2_2_2_2_2_9_9_9_9_13_13,73_87_97_86_62_15_66_87_78_100_10_10_100_100_35_11_40_90_100_10_100_100_100_56_100_79_100_49_68_100_95_100_80_43_10_10_10_74_40_47,ExploreTrial,0.5,2,2,13,0,0,,0,0,0.0,0.0,0.0,observe_click,13,41,20,47,,,true,,,,0.32172131147540983,-Oh48a2Zd_B73r1omwCS,,
0,28373,41,0,60,63,52,226585,21,73,94,94,13,,,html-keyboard-response,5,2.1.0,13876202,40,0,0_1_2_1_1_1_3_3_4_3_3_5_6_3_7_8_9_10_11_12_13_13_13_13_14_15_15_16_17_17_18_19_20_18_20_13_13_3_21_21,47_100_49_23_100_76_100_100_59_74_100_46_38_90_45_10_10_26_51_54_100_86_100_78_18_100_10_64_100_44_86_32_87_17_10_100_100_66_96_10,ExploreTrial,0.5,2,2,12,0,0,,0,0,0.0,0.0,0.0,observe_click,9,41,14,43,,,true,,,,0.3768518518518518,-Oh4BHuxuHzSv2JA_tRi,18,-3
1,21354,56,0,41,41,33,237571,18,69,96,96,17,,,html-keyboard-response,13,2.1.0,14176214,40,0,0_1_2_3_4_5_6_7_8_9_10_11_12_13_14_15_4_8_9_11_11_4_9_8_8_10_9_11_4_9_8_11_4_16_17_18_17_17_17_17,39_10_10_37_100_53_35_74_90_100_10_100_24_55_71_67_42_10_23_78_20_78_49_100_33_10_81_15_56_18_78_57_15_37_87_10_100_72_100_90,ExploreTrial,0.5,2,2,12,0,0,,0,0,0.0,0.0,0.0,observe_click,9,41,14,43,,,true,,,,0.2919761273209549,-Oh4BHuxuHzSv2JA_tRi,15,-3
2,32722,0,0,100,0,99,243419,15,94,94,94,15,,,html-keyboard-response,21,2.1.0,14460063,40,0,0_1_2_3_4_5_6_7_8_9_1_1_4_6_3_10_11_12_13_11_12_13_14_14_15_3_4_6_11_12_13_14_15_15_4_15_15_4_6_12,33_100_65_77_100_26_88_61_63_58_46_45_85_48_86_39_98_98_91_77_73_38_100_60_85_41_65_100_23_75_74_10_100_60_100_100_100_75_49_100,ExploreTrial,0.5,2,2,12,0,0,,0,0,0.0,0.0,0.0,observe_click,9,41,14,43,,,true,,,,0.3326347305389222,-Oh4BHuxuHzSv2JA_tRi,19,4
3,20167,30,0,60,47,55,125944,19,91,93,93,4,,,html-keyboard-response,34,2.1.0,14668716,40,0,0_1_2_3_4_5_6_7_8_9_10_11_12_13_14_15_4_11_12_13_15_15_15_4_4_11_13_4_4_16_17_4_4_4_4_4_18_18_4_19,40_27_11_22_90_82_12_26_10_30_56_86_82_100_64_94_100_100_81_73_100_62_100_100_100_89_76_100_100_22_60_100_100_100_100_61_100_52_95_15,ExploreTrial,0.5,2,2,12,0,0,,0,0,0.0,0.0,0.0,observe_click,9,41,14,43,,,true,,,,0.3437675070028011,-Oh4BHuxuHzSv2JA_tRi,20,1
4,14281,65,0,7,67,6,167505,20,53,89,86,2,,,html-keyboard-response,42,2.1.0,14867070,40,0,0_1_2_3_4_5_6_7_8_9_3_2_10_11_12_13_14_15_15_3_3_16_17_2_10_18_2_19_2_2_3_3_15_11_5_2_3_2_3_20,14_12_77_100_52_53_50_39_10_46_100_73_73_61_10_47_23_90_10_51_25_24_10_100_66_10_100_35_100_77_100_67_17_15_10_77_100_100_94_80,ExploreTrial,0.5,2,2,12,0,0,,0,0,0.0,0.0,0.0,observe_click,9,41,14,43,,,true,,,,0.4323089700996678,-Oh4BHuxuHzSv2JA_tRi,13,-7
5,22294,0,0,78,7,63,142905,13,90,96,90,9,,,html-keyboard-response,50,2.1.0,15047550,40,0,0_1_2_3_4_5_6_7_8_9_10_8_8_9_9_10_10_11_12_13_11_11_8_9_10_11_8_9_10_11_9_8_8_9_9_9_5_2_11_11,50_62_68_57_46_86_48_50_100_100_90_79_100_69_100_76_19_100_35_53_16_100_100_100_100_92_75_100_25_99_100_100_10_100_82_100_61_36_96_100,ExploreTrial,0.5,2,2,12,0,0,,0,0,0.0,0.0,0.0,observe_click,9,41,14,43,,,true,,,,0.2023148148148148,-Oh4BHuxuHzSv2JA_tRi,11,-2
6,17182,49,0,31,63,8,187192,11,76,97,97,7,,,html-keyboard-response,58,2.1.0,15270817,40,0,0_0_0_0_1_2_3_4_5_6_7_8_9_10_11_2_2_7_7_9_9_11_11_2_2_7_7_9_9_9_2_7_9_2_7_7_9_2_9_7,14_75_76_10_70_100_74_44_43_41_100_10_100_65_88_90_100_38_96_94_70_92_50_73_40_100_89_100_61_100_100_99_61_53_10_100_62_61_10_100,ExploreTrial,0.5,2,2,12,0,0,,0,0,0.0,0.0,0.0,observe_click,9,41,14,43,,,true,,,,0.3428260869565217,-Oh4BHuxuHzSv2JA_tRi,11,0
7,15255,28,32,79,22,48,207353,11,85,96,88,9,,,html-keyboard-response,66,2.1.0,15513777,40,0,0_1_2_3_4_5_6_7_8_9_10_11_2_2_3_3_6_9_9_8_10_6_9_9_2_2_2_9_2_2_9_9_9_2_5_2_9_9_2_9,59_56_100_89_61_82_98_10_74_100_75_55_82_42_27_10_60_100_69_10_45_51_89_76_100_100_99_100_67_10_78_48_100_100_38_100_51_66_75_99,ExploreTrial,0.5,2,2,12,0,0,,0,0,0.0,0.0,0.0,observe_click,9,41,14,43,,,true,,,,0.32654867256637166,-Oh4BHuxuHzSv2JA_tRi,15,4
8,17630,42,0,49,59,23,155253,15,70,89,86,7,,,html-keyboard-response,74,2.1.0,15701950,40,0,0_1_2_3_4_5_6_7_8_9_1_1_6_6_7_7_7_6_1_1_1_6_7_5_5_10_11_12_10_11_11_11_13_14_15_15_15_13_6_7,38_100_10_27_35_54_100_99_10_35_36_100_79_56_100_43_100_100_95_10_10_25_56_93_10_69_77_10_10_97_23_10_74_20_100_16_22_10_76_93,ExploreTrial,0.5,2,2,12,0,0,,0,0,0.0,0.0,0.0,observe_click,9,41,14,43,,,true,,,,0.3456293706293706,-Oh4BHuxuHzSv2JA_tRi,15,0
9,14392,0,0,100,0,100,114074,15,93,93,93,5,,,html-keyboard-response,82,2.1.0,15845323,40,0,0_1_2_3_4_5_6_7_8_9_5_5_5_5_5_5_5_5_8_5_10_11_12_1_11_5_5_13_13_13_13_13_14_15_15_15_15_15_15_5,24_63_61_10_26_100_10_10_86_26_100_100_53_98_100_100_100_10_10_65_29_53_10_52_10_100_100_100_10_10_57_10_10_100_10_98_98_45_37_100,ExploreTrial,0.5,2,2,12,0,0,,0,0,0.0,0.0,0.0,observe_click,9,41,14,43,,,true,,,,0.31674311926605503,-Oh4BHuxuHzSv2JA_tRi,13,-2
10,14001,0,0,100,0,100,134496,13,87,87,87,13,,,html-keyboard-response,90,2.1.0,16002280,40,0,0_1_2_3_4_5_6_7_4_4_7_7_7_4_8_9_10_11_4_7_7_7_4_12_13_12_13_13_13_13_13_13_4_7_13_13_7_7_13_13,67_45_13_10_92_46_77_100_100_96_100_85_91_62_67_36_52_10_77_80_55_69_52_82_92_27_86_100_22_100_71_94_76_82_100_96_84_36_100_93,ExploreTrial,0.5,2,2,12,0,0,,0,0,0.0,0.0,0.0,observe_click,9,41,14,43,,,true,,,,0.278125,-Oh4BHuxuHzSv2JA_tRi,9,-4
11,20760,0,73,39,65,22,249847,9,82,99,82,0,,,html-keyboard-response,98,2.1.0,16272509,40,0,0_1_2_3_4_5_6_7_8_9_0_0_0_3_6_7_8_0_0_7_3_3_3_7_7_7_3_3_0_8_8_6_8_8_8_0_8_3_0_8,100_22_10_100_24_20_100_100_100_10_100_95_78_82_10_75_33_34_82_100_100_39_73_31_28_59_90_84_51_99_58_56_100_87_100_80_37_19_68_67,ExploreTrial,0.5,2,2,12,0,0,,0,0,0.0,0.0,0.0,observe_click,9,41,14,43,,,true,,,,0.3981638418079096,-Oh4BHuxuHzSv2JA_tRi,13,4
12,23860,50,26,5,59,7,169948,13,60,93,85,7,,,html-keyboard-response,106,2.1.0,16473176,40,0,0_1_2_3_4_5_6_7_8_9_1_2_4_8_9_4_8_9_8_9_6_8_8_9_2_2_4_4_10_11_4_7_7_7_2_7_12_13_7_9,32_89_100_37_100_16_72_65_100_75_41_41_73_75_80_45_100_100_96_10_54_37_75_28_100_10_100_93_42_10_10_100_77_77_55_100_50_38_57_43,ExploreTrial,0.5,2,2,13,0,0,,0,0,0.0,0.0,0.0,observe_click,9,41,14,43,,,true,,,,0.2941056910569106,-Oh4BHuxuHzSv2JA_tRi,,
0,24457,30,26,68,33,57,208241,18,89,95,89,8,,,html-keyboard-response,5,2.1.0,2347925,40,0,0_1_1_2_3_4_5_5_6_7_7_8_8_9_10_11_12_13_13_14_15_1_7_8_13_8_13_7_13_16_16_16_16_7_17_18_18_18_8_8,71_100_88_23_10_50_79_51_10_88_80_100_72_63_61_41_40_100_100_52_27_64_100_100_74_100_96_100_10_100_100_65_100_10_10_100_49_78_88_61,ExploreTrial,0.5,2,2,12,0,0,,0,0,0.0,0.0,0.0,observe_click,5,41,30,10,,,true,,,,0.31295811518324607,-Oh4RDp2h2Qa9d8Yr4NQ,26,8
1,25250,46,34,31,46,37,130706,26,71,91,91,9,,,html-keyboard-response,13,2.1.0,2522052,40,0,0_1_2_3_4_5_6_7_8_9_10_11_12_13_14_15_16_17_18_19_4_7_9_0_7_9_20_21_22_9_23_23_23_23_24_24_24_24_25_26,93_52_57_90_100_84_10_100_63_100_38_19_65_49_66_87_61_72_85_75_62_100_100_10_29_100_60_87_10_98_90_100_100_56_100_100_98_47_71_67,ExploreTrial,0.5,2,2,12,0,0,,0,0,0.0,0.0,0.0,observe_click,5,41,30,10,,,true,,,,0.3481843575418994,-Oh4RDp2h2Qa9d8Yr4NQ,31,5
2,22894,47,29,33,44,35,111222,31,62,97,95,13,,,html-keyboard-response,21,2.1.0,2673321,40,0,0_1_2_3_4_5_6_7_8_9_10_11_12_13_14_15_16_17_18_19_10_13_18_19_12_20_21_22_23_24_25_26_27_28_29_30_31_24_10_13,20_69_42_22_10_53_69_35_23_61_100_37_86_100_37_10_54_10_100_100_62_62_31_47_35_27_81_49_10_100_10_10_10_77_21_65_10_23_64_100,ExploreTrial,0.5,2,2,12,0,0,,0,0,0.0,0.0,0.0,observe_click,5,41,30,10,,,true,,,,0.31865853658536586,-Oh4RDp2h2Qa9d8Yr4NQ,27,-4
3,20412,25,15,34,49,41,141386,27,67,88,88,16,,,html-keyboard-response,34,2.1.0,2881307,40,0,0_1_2_3_4_5_6_7_8_9_10_11_12_13_14_15_16_17_18_19_4_6_9_13_16_19_6_19_16_20_21_22_23_23_24_25_26_27_5_5,37_70_15_40_100_85_100_10_28_100_10_10_62_100_10_10_100_10_73_100_53_100_10_45_96_100_55_17_97_10_80_53_100_10_10_10_27_61_77_90,ExploreTrial,0.5,2,2,12,0,0,,0,0,0.0,0.0,0.0,observe_click,5,41,30,10,,,true,,,,0.33964354527938345,-Oh4RDp2h2Qa9d8Yr4NQ,26,-1
4,12564,0,0,93,0,84,101258,26,92,92,92,7,,,html-keyboard-response,42,2.1.0,3018505,40,0,0_1_2_3_4_5_6_7_8_9_10_11_12_13_14_15_16_17_18_19_7_16_20_21_22_23_24_25_26_25_7_16_25_7_16_25_7_16_7_16,10_17_31_27_76_10_10_100_27_10_10_22_74_47_46_10_100_43_10_60_100_94_10_67_10_10_59_100_22_84_50_74_77_100_100_39_100_42_54_10,ExploreTrial,0.5,2,2,12,0,0,,0,0,0.0,0.0,0.0,observe_click,5,41,30,10,,,true,,,,0.32019408502772645,-Oh4RDp2h2Qa9d8Yr4NQ,23,-3
5,12656,0,0,85,0,85,119595,23,86,86,86,12,,,html-keyboard-response,50,2.1.0,3160385,40,0,0_1_2_3_4_5_6_7_8_9_10_11_12_13_14_15_16_17_18_19_2_4_12_17_18_2_4_12_17_18_2_4_12_17_12_17_20_21_22_23,81_38_100_10_100_46_58_17_30_80_16_10_100_72_82_12_62_100_100_57_100_100_81_72_13_88_63_98_95_10_34_71_100_100_77_78_64_100_17_10,ExploreTrial,0.5,2,2,12,0,0,,0,0,0.0,0.0,0.0,observe_click,5,41,30,10,,,true,,,,0.3437219730941704,-Oh4RDp2h2Qa9d8Yr4NQ,19,-4
6,12959,71,14,55,31,35,121819,19,73,95,95,3,,,html-keyboard-response,58,2.1.0,3301549,40,0,0_1_2_3_4_5_6_7_8_9_10_11_12_13_14_15_16_17_18_19_0_3_4_7_8_9_11_12_14_15_19_3_4_9_11_14_15_19_3_11,100_13_80_95_100_38_32_100_89_100_11_100_100_15_100_100_10_13_20_100_42_96_100_33_23_68_74_10_100_100_100_93_35_64_64_10_55_10_100_70,ExploreTrial,0.5,2,2,12,0,0,,0,0,0.0,0.0,0.0,observe_click,5,41,30,10,,,true,,,,0.33681102362204723,-Oh4RDp2h2Qa9d8Yr4NQ,23,4
7,13381,58,0,49,54,30,100803,23,70,95,90,23,,,html-keyboard-response,66,2.1.0,3426487,40,0,0_1_2_3_4_5_6_7_8_9_10_11_12_13_14_15_16_17_18_19_1_2_6_10_14_17_20_21_22_23_20_22_23_2_6_17_20_22_23_7,10_85_100_63_83_26_100_67_40_44_95_23_10_10_93_10_43_100_43_10_10_64_100_29_53_87_100_10_100_96_46_23_100_51_100_12_10_47_69_100,ExploreTrial,0.5,2,2,12,0,0,,0,0,0.0,0.0,0.0,observe_click,5,41,30,10,,,true,,,,0.3495901639344262,-Oh4RDp2h2Qa9d8Yr4NQ,24,1
8,14990,11,57,59,43,55,97914,24,86,95,86,9,,,html-keyboard-response,74,2.1.0,3549162,40,0,0_1_2_3_4_5_6_7_8_9_10_11_12_13_14_15_16_17_18_19_3_9_13_20_21_22_23_21_3_9_13_21_3_9_21_24_24_24_24_24,10_47_77_100_58_10_75_14_49_93_10_46_58_93_86_10_19_70_17_54_45_74_59_73_99_10_27_17_100_100_10_99_39_100_72_100_22_100_73_82,ExploreTrial,0.5,2,2,12,0,0,,0,0,0.0,0.0,0.0,observe_click,5,41,30,10,,,true,,,,0.33795585412667944,-Oh4RDp2h2Qa9d8Yr4NQ,23,-1
9,16930,65,0,46,49,52,100837,23,83,94,94,14,,,html-keyboard-response,82,2.1.0,3687506,40,0,0_1_2_3_4_5_6_7_8_9_10_11_12_13_14_15_16_17_18_19_0_10_14_17_20_21_20_0_10_14_17_22_22_22_0_14_23_23_23_23,100_10_48_79_65_35_10_30_30_43_87_12_55_37_100_43_68_100_39_76_79_73_82_59_100_10_10_77_10_79_10_92_100_17_76_100_86_98_100_17,ExploreTrial,0.5,2,2,12,0,0,,0,0,0.0,0.0,0.0,observe_click,5,41,30,10,,,true,,,,0.34163366336633666,-Oh4RDp2h2Qa9d8Yr4NQ,28,5
10,14630,34,12,58,29,31,100575,28,69,91,91,8,,,html-keyboard-response,90,2.1.0,3815586,40,0,0_1_2_3_4_5_6_7_8_9_10_11_12_13_14_15_16_17_18_19_20_21_2_8_16_2_8_16_22_23_24_25_26_2_27_28_28_2_8_16,23_44_95_63_12_23_10_13_100_21_74_59_62_75_15_60_100_70_10_30_36_60_99_93_39_13_100_77_37_10_10_45_10_10_43_90_25_65_100_55,ExploreTrial,0.5,2,2,12,0,0,,0,0,0.0,0.0,0.0,observe_click,5,41,30,10,,,true,,,,0.37811284046692606,-Oh4RDp2h2Qa9d8Yr4NQ,25,-3
11,11902,56,0,48,23,33,110005,25,77,95,95,15,,,html-keyboard-response,98,2.1.0,3953857,40,0,0_1_2_3_4_5_6_7_8_9_10_11_12_13_14_15_16_17_18_19_2_3_4_15_18_20_21_22_23_24_25_24_4_2_15_3_18_24_3_15,10_35_84_93_100_19_67_46_10_46_63_79_28_47_10_91_81_52_85_39_83_24_100_100_29_73_72_10_65_97_46_45_62_34_100_100_65_100_100_100,ExploreTrial,0.5,2,2,12,0,0,,0,0,0.0,0.0,0.0,observe_click,5,41,30,10,,,true,,,,0.37573684210526315,-Oh4RDp2h2Qa9d8Yr4NQ,29,4
12,12445,49,16,47,22,32,87670,29,56,96,96,22,,,html-keyboard-response,106,2.1.0,4064195,40,0,0_1_2_3_4_5_6_7_8_9_10_11_12_13_14_15_16_17_18_19_2_11_20_21_22_22_23_24_25_2_11_22_26_27_28_27_28_29_5_5,60_10_100_72_82_83_41_73_65_48_33_100_10_71_74_26_38_33_10_39_34_10_10_10_100_96_20_10_10_30_10_100_59_86_100_10_16_77_100_10,ExploreTrial,0.5,2,2,13,0,0,,0,0,0.0,0.0,0.0,observe_click,5,41,30,10,,,true,,,,0.36210526315789476,-Oh4RDp2h2Qa9d8Yr4NQ,,
0,49848,59,14,40,78,21,179117,31,55,93,93,22,,,html-keyboard-response,5,2.1.0,3520897,40,0,0_1_1_2_3_4_5_6_7_8_9_10_11_12_13_14_15_16_17_18_19_20_21_22_23_24_25_26_27_28_29_30_31_0_13_15_16_17_22_24,100_10_84_20_86_52_10_10_39_76_82_50_31_62_100_48_100_100_100_51_38_16_10_100_37_100_18_52_10_35_68_41_40_10_10_19_97_69_99_20,ExploreTrial,0.5,2,2,12,0,0,,0,0,0.0,0.0,0.0,observe_click,19,41,20,15,,,true,,,,0.34610927152317883,-Oh4WPdyeU0mciU_dPHE,32,1
1,52088,40,12,12,21,21,196050,32,78,89,89,1,,,html-keyboard-response,13,2.1.0,3796110,40,0,0_1_2_3_4_5_6_7_8_9_10_11_12_13_14_15_16_17_18_19_1_9_9_15_20_21_22_23_24_25_26_27_28_29_30_31_32_1_15_29,43_86_64_51_100_18_10_38_64_76_54_10_47_32_69_91_16_58_30_100_55_100_10_84_68_100_24_10_10_38_100_44_45_99_19_100_100_44_10_20,ExploreTrial,0.5,2,2,12,0,0,,0,0,0.0,0.0,0.0,observe_click,19,41,20,15,,,true,,,,0.36420922570016473,-Oh4WPdyeU0mciU_dPHE,29,-3
2,12773,22,0,13,22,10,256768,29,74,91,91,29,,,html-keyboard-response,21,2.1.0,4121694,40,0,0_1_2_3_4_5_6_7_8_9_10_11_12_13_14_15_16_17_18_19_20_21_22_23_24_25_26_27_28_29_7_11_24_7_11_24_3_21_29_29,11_59_10_97_21_58_79_85_36_41_10_89_56_100_73_48_57_80_10_37_72_96_100_100_83_20_75_10_10_100_92_77_97_31_100_57_47_41_100_100,ExploreTrial,0.5,2,2,12,0,0,,0,0,0.0,0.0,0.0,observe_click,19,41,20,15,,,true,,,,0.3401414309484193,-Oh4WPdyeU0mciU_dPHE,27,-2
3,45133,49,10,11,18,29,134263,27,71,93,93,22,,,html-keyboard-response,36,2.1.0,4341411,40,0,0_1_2_3_4_5_6_7_8_9_10_11_12_13_14_15_16_17_18_19_20_21_22_23_24_25_26_27_1_17_18_21_22_24_22_24_24_22_22_24,24_100_60_73_10_50_47_34_89_10_49_10_91_35_31_13_75_100_100_10_68_100_100_34_100_10_10_79_10_10_62_10_100_100_83_100_62_100_34_58,ExploreTrial,0.5,2,2,12,0,0,,0,0,0.0,0.0,0.0,observe_click,19,41,20,15,,,true,,,,0.29689014539579967,-Oh4WPdyeU0mciU_dPHE,28,1
4,28433,59,0,30,49,49,140819,28,82,91,86,28,,,html-keyboard-response,44,2.1.0,4554343,40,0,0_0_1_2_3_4_5_6_7_8_9_10_11_12_13_14_15_16_17_18_19_19_2_2_19_19_20_21_22_22_23_24_24_25_26_27_28_28_28_28,100_12_10_100_56_10_17_10_44_40_10_10_65_50_70_10_10_10_10_45_77_100_100_10_100_100_45_10_100_10_71_97_46_10_19_10_100_100_100_100,ExploreTrial,0.5,2,2,12,0,0,,0,0,0.0,0.0,0.0,observe_click,19,41,20,15,,,true,,,,0.3497068676716918,-Oh4WPdyeU0mciU_dPHE,20,-8
5,23230,33,0,22,16,32,201668,20,85,95,95,16,,,html-keyboard-response,52,2.1.0,4798394,40,0,0_1_2_3_4_5_6_7_8_9_10_11_12_13_0_3_4_5_9_14_15_16_17_18_14_16_17_3_14_16_3_16_19_20_3_16_16_3_3_16,100_71_52_100_86_99_14_64_64_100_19_57_46_50_35_100_30_10_27_83_67_100_84_42_100_97_73_81_52_100_55_100_71_24_63_100_50_90_34_68,ExploreTrial,0.5,2,2,12,0,0,,0,0,0.0,0.0,0.0,observe_click,19,41,20,15,,,true,,,,0.3620801033591731,-Oh4WPdyeU0mciU_dPHE,20,0
6,24881,0,21,21,30,40,230734,20,91,94,91,10,,,html-keyboard-response,60,2.1.0,5070275,40,0,0_1_2_3_4_5_6_7_8_9_10_11_12_13_14_14_14_11_11_10_10_8_8_15_16_16_16_17_18_19_20_10_14_16_10_14_16_10_16_16,46_51_50_33_10_44_38_70_100_41_96_87_39_70_100_86_100_26_10_66_73_10_10_10_100_28_100_46_32_37_37_77_28_68_100_10_49_65_10_67,ExploreTrial,0.5,2,2,12,0,0,,0,0,0.0,0.0,0.0,observe_click,19,41,20,15,,,true,,,,0.24988888888888888,-Oh4WPdyeU0mciU_dPHE,17,-3
7,24567,20,0,40,42,21,194459,17,71,83,83,3,,,html-keyboard-response,68,2.1.0,5299715,40,0,0_1_2_3_4_5_6_7_8_9_10_11_12_13_14_0_2_3_14_5_0_2_3_5_14_14_0_2_3_15_15_15_16_16_17_16_3_2_3_3,80_44_100_100_10_80_31_74_10_10_52_29_54_29_100_100_100_100_25_41_50_17_57_37_28_10_36_66_85_82_62_39_98_56_10_57_100_43_76_100,ExploreTrial,0.5,2,2,12,0,0,,0,0,0.0,0.0,0.0,observe_click,19,41,20,15,,,true,,,,0.43813993174061433,-Oh4WPdyeU0mciU_dPHE,14,-3
8,17592,41,0,13,42,14,119644,14,82,94,88,11,,,html-keyboard-response,76,2.1.0,5454552,40,0,0_1_2_3_4_5_6_7_8_9_10_11_12_13_14_0_0_1_1_10_10_11_11_12_12_13_13_13_13_13_13_13_13_13_13_11_11_11_11_11,95_100_45_24_55_26_57_34_10_10_82_100_80_100_38_19_72_88_30_44_100_60_100_83_32_100_90_86_100_81_27_100_10_43_51_100_100_100_100_69,ExploreTrial,0.5,2,2,12,0,0,,0,0,0.0,0.0,0.0,observe_click,19,41,20,15,,,true,,,,0.2717877094972067,-Oh4WPdyeU0mciU_dPHE,19,5
9,24531,40,0,13,11,30,117622,19,82,89,89,12,,,html-keyboard-response,84,2.1.0,5597783,40,0,0_1_2_3_4_5_6_7_8_9_10_11_12_13_14_15_16_17_18_19_0_0_2_2_6_6_7_7_8_8_13_13_15_15_12_12_17_17_6_0,100_15_100_34_51_45_100_96_100_26_15_58_96_100_34_100_35_100_10_40_100_100_11_41_100_100_29_100_40_100_53_43_10_82_100_100_10_10_100_28,ExploreTrial,0.5,2,2,12,0,0,,0,0,0.0,0.0,0.0,observe_click,19,41,20,15,,,true,,,,0.3678370786516854,-Oh4WPdyeU0mciU_dPHE,19,0
10,21790,28,31,20,18,58,207079,19,87,92,89,6,,,html-keyboard-response,92,2.1.0,5835646,40,0,0_1_2_3_4_5_6_7_8_9_10_11_12_13_14_15_16_17_18_19_3_4_6_8_12_13_14_16_12_8_3_6_14_13_16_6_13_3_3_6,10_68_47_100_90_74_90_60_93_29_74_18_100_90_90_38_100_41_10_70_72_10_93_100_100_56_60_24_19_10_25_100_10_68_40_79_10_100_100_59,ExploreTrial,0.5,2,2,12,0,0,,0,0,0.0,0.0,0.0,observe_click,19,41,20,15,,,true,,,,0.32432249322493223,-Oh4WPdyeU0mciU_dPHE,23,4
11,16910,21,0,22,39,22,108938,23,87,98,98,9,,,html-keyboard-response,100,2.1.0,5975812,40,0,0_1_2_3_4_5_6_7_8_9_10_11_12_13_14_15_16_17_18_19_1_9_10_11_1_9_1_9_9_1_9_20_21_22_23_23_23_23_9_23,50_100_85_52_46_41_10_10_75_100_100_100_10_66_53_10_46_10_10_52_88_100_52_51_100_100_74_100_100_89_100_58_10_61_100_100_79_54_84_55,ExploreTrial,0.5,2,2,12,0,0,,0,0,0.0,0.0,0.0,observe_click,19,41,20,15,,,true,,,,0.3738814317673378,-Oh4WPdyeU0mciU_dPHE,19,-4
12,15387,30,34,10,40,20,142221,19,67,92,87,1,,,html-keyboard-response,108,2.1.0,6142122,40,0,0_1_2_3_4_5_6_7_8_9_10_11_12_13_14_15_16_17_18_19_0_1_4_2_7_8_10_18_19_0_1_2_18_19_2_0_0_1_1_19,100_100_80_25_100_69_43_100_100_88_100_76_92_62_10_10_10_42_100_100_86_75_56_100_57_10_10_77_100_66_72_89_41_58_37_99_10_50_59_15,ExploreTrial,0.5,2,2,13,0,0,,0,0,0.0,0.0,0.0,observe_click,19,41,20,15,,,true,,,,0.4777950310559006,-Oh4WPdyeU0mciU_dPHE,,
0,22752,0,0,100,19,100,148132,21,75,94,91,8,,,html-keyboard-response,5,2.1.0,68874692,40,0,0_1_1_2_3_4_4_5_6_7_8_8_8_9_10_10_10_10_11_11_11_11_12_13_13_13_13_14_14_14_15_16_16_17_18_18_19_19_20_21,10_71_44_53_34_94_29_10_54_61_72_65_77_10_100_82_10_94_89_100_45_10_12_100_100_76_27_100_61_10_30_83_40_25_100_10_91_28_61_55,ExploreTrial,0.5,2,2,12,0,0,,0,0,0.0,0.0,0.0,observe_click,2,41,19,19,,,true,,,,0.29063218390804596,-Oh8i9ZvfY2A99dqy09w,10,-11
1,13779,0,0,100,0,100,108015,10,66,86,79,10,,,html-keyboard-response,13,2.1.0,69023438,40,0,0_1_2_3_4_5_5_6_6_7_7_8_8_8_8_8_9_10_10_10_10_10_8_10_8_8_10_10_10_8_8_8_10_10_10_10_8_8_8_8,10_60_38_63_10_100_46_73_10_87_10_100_83_58_92_73_10_70_80_92_91_32_26_49_24_75_27_85_100_100_31_97_61_69_61_100_37_61_35_100,ExploreTrial,0.5,2,2,12,0,0,,0,0,0.0,0.0,0.0,observe_click,2,41,19,19,,,true,,,,0.1712295081967213,-Oh8i9ZvfY2A99dqy09w,18,8
2,36523,0,0,100,0,100,54651,18,90,95,90,18,,,html-keyboard-response,21,2.1.0,69101458,40,0,0_1_2_3_4_5_6_7_8_9_8_8_8_8_10_11_12_13_14_15_16_15_15_15_16_16_16_15_15_15_17_17_17_17_17_17_17_18_18_18,10_41_69_49_52_38_64_57_76_21_62_32_100_10_10_46_15_17_31_100_100_73_36_74_78_17_10_100_18_10_97_58_55_11_17_10_31_100_73_44,ExploreTrial,0.5,2,2,12,0,0,,0,0,0.0,0.0,0.0,observe_click,2,41,19,19,,,true,,,,0.24378914405010438,-Oh8i9ZvfY2A99dqy09w,21,3
3,14006,0,0,100,0,100,89361,21,37,89,89,1,,,html-keyboard-response,34,2.1.0,69281175,40,0,0_1_1_1_1_2_2_2_2_2_3_4_5_6_7_8_7_8_9_9_10_11_11_12_13_14_14_14_15_16_17_18_19_20_21_21_21_17_17_17,51_88_100_54_100_100_100_32_83_42_53_51_64_42_100_88_47_10_70_10_10_80_10_53_17_100_55_10_55_10_74_46_53_32_100_81_15_62_53_100,ExploreTrial,0.5,2,2,12,0,0,,0,0,0.0,0.0,0.0,observe_click,2,41,19,19,,,true,,,,0.38957286432160804,-Oh8i9ZvfY2A99dqy09w,18,-3
4,9749,0,0,100,0,100,101361,18,35,85,82,9,,,html-keyboard-response,42,2.1.0,69409214,40,0,0_0_1_2_2_3_3_3_4_5_6_7_5_8_9_9_9_9_10_10_10_10_10_11_11_11_11_11_12_13_14_13_14_14_15_16_17_18_18_18,86_36_62_88_59_96_100_43_10_70_10_57_22_10_81_80_56_52_86_71_83_73_10_100_68_48_54_30_28_100_100_13_57_13_47_37_40_69_37_44,ExploreTrial,0.5,2,2,12,0,0,,0,0,0.0,0.0,0.0,observe_click,2,41,19,19,,,true,,,,0.31061827956989246,-Oh8i9ZvfY2A99dqy09w,22,4
5,12167,0,0,100,0,100,99690,22,38,91,91,10,,,html-keyboard-response,50,2.1.0,69537471,40,0,0_0_0_1_2_2_3_4_5_6_6_7_8_9_8_10_10_10_11_12_13_14_15_14_16_17_17_18_18_19_20_19_19_19_21_22_22_22_0_0,77_100_100_10_71_12_21_29_61_68_10_54_69_65_10_100_71_52_42_32_47_75_29_39_25_90_59_100_36_67_11_71_68_32_19_75_55_21_65_10,ExploreTrial,0.5,2,2,12,0,0,,0,0,0.0,0.0,0.0,observe_click,2,41,19,19,,,true,,,,0.3830865603644647,-Oh8i9ZvfY2A99dqy09w,18,-4
6,11587,0,0,100,0,100,90971,18,94,94,94,0,,,html-keyboard-response,58,2.1.0,69659637,40,0,0_0_0_0_0_1_1_1_1_2_2_2_3_3_4_5_6_7_8_9_9_10_11_11_12_13_14_15_14_14_14_14_14_14_0_16_17_17_17_18,100_100_52_100_100_100_100_24_100_73_63_47_73_10_22_56_65_53_39_100_16_16_98_43_49_10_78_55_100_100_100_43_98_19_77_48_84_47_84_54,ExploreTrial,0.5,2,2,12,0,0,,0,0,0.0,0.0,0.0,observe_click,2,41,19,19,,,true,,,,0.44192789968652035,-Oh8i9ZvfY2A99dqy09w,20,2
7,8693,0,0,100,0,100,81935,20,94,96,96,2,,,html-keyboard-response,66,2.1.0,69761290,40,0,0_1_2_2_2_2_3_4_5_6_5_5_5_5_7_7_7_8_8_9_10_11_12_13_14_15_14_15_16_16_17_17_18_18_18_18_19_20_20_2,23_10_100_100_99_100_32_48_82_10_100_68_66_51_84_76_18_97_10_31_10_52_15_12_100_84_44_22_75_10_95_10_91_100_100_39_43_89_10_100,ExploreTrial,0.5,2,2,12,0,0,,0,0,0.0,0.0,0.0,observe_click,2,41,19,19,,,true,,,,0.3616161616161616,-Oh8i9ZvfY2A99dqy09w,25,5
8,9487,0,0,100,0,100,90451,25,70,86,86,7,,,html-keyboard-response,74,2.1.0,69875461,40,0,0_1_2_3_4_2_5_6_6_7_7_8_9_10_11_12_11_11_13_14_15_16_17_18_17_19_20_20_21_22_6_7_8_23_24_24_24_24_25_0,62_50_77_38_37_10_10_100_74_100_73_72_10_10_89_10_72_23_10_54_10_55_100_50_53_22_85_10_10_43_27_48_39_38_100_100_48_48_39_51,ExploreTrial,0.5,2,2,12,0,0,,0,0,0.0,0.0,0.0,observe_click,2,41,19,19,,,true,,,,0.3595528455284553,-Oh8i9ZvfY2A99dqy09w,18,-7
9,8944,0,0,100,0,100,95850,18,92,93,93,5,,,html-keyboard-response,82,2.1.0,70007379,40,0,0_0_1_2_3_4_5_4_5_5_6_7_8_9_10_9_11_11_12_13_14_13_13_14_14_14_13_13_13_14_14_5_5_5_5_15_16_17_18_18,77_60_20_10_29_83_100_55_75_100_10_10_64_79_10_10_85_61_58_83_72_100_89_100_100_100_100_100_35_47_34_98_100_84_87_10_10_10_100_51,ExploreTrial,0.5,2,2,12,0,0,,0,0,0.0,0.0,0.0,observe_click,2,41,19,19,,,true,,,,0.30833333333333335,-Oh8i9ZvfY2A99dqy09w,17,-1
10,8587,0,0,100,0,100,86911,17,90,97,97,5,,,html-keyboard-response,90,2.1.0,70113478,40,0,0_0_1_1_2_2_3_4_5_4_4_5_5_6_6_6_7_8_9_10_10_10_11_12_13_13_14_15_16_17_5_5_5_5_5_5_5_5_5_5,100_11_87_60_81_54_68_71_82_100_10_100_100_100_67_39_10_33_70_100_100_31_10_45_94_29_40_10_59_43_100_100_100_100_63_95_49_100_100_100,ExploreTrial,0.5,2,2,12,0,0,,0,0,0.0,0.0,0.0,observe_click,2,41,19,19,,,true,,,,0.35102230483271374,-Oh8i9ZvfY2A99dqy09w,9,-8
11,9963,0,0,100,0,100,82823,9,82,96,82,0,,,html-keyboard-response,98,2.1.0,70215004,40,0,0_0_1_1_2_3_4_5_6_5_5_6_6_7_8_8_8_8_8_8_8_8_0_0_0_0_0_0_0_0_0_8_8_8_8_8_9_0_0_0,81_73_84_65_28_14_69_78_100_76_68_100_10_10_100_100_100_100_49_94_79_84_61_99_80_100_93_86_100_82_100_100_100_91_10_49_60_56_49_100,ExploreTrial,0.5,2,2,12,0,0,,0,0,0.0,0.0,0.0,observe_click,2,41,19,19,,,true,,,,0.473780487804878,-Oh8i9ZvfY2A99dqy09w,18,9
12,14722,0,0,100,0,100,121279,18,48,85,85,9,,,html-keyboard-response,106,2.1.0,70355095,40,0,0_1_1_2_3_3_3_4_4_5_5_5_6_6_7_8_9_9_10_10_10_10_11_12_13_14_15_16_17_17_17_5_3_9_4_4_3_4_18_2,10_86_10_66_100_79_75_78_55_100_100_91_100_38_19_53_93_61_100_100_96_10_43_29_42_34_42_28_79_100_10_22_58_50_45_49_10_10_10_19,ExploreTrial,0.5,2,2,13,0,0,,0,0,0.0,0.0,0.0,observe_click,2,41,19,19,,,true,,,,0.37516393442622953,-Oh8i9ZvfY2A99dqy09w,,
0,21132,40,0,40,20,0,310508,24,63,94,94,18,,,html-keyboard-response,5,2.1.0,70433700,40,0,0_1_2_3_4_5_6_7_8_9_0_8_5_9_6_7_10_10_11_11_12_12_13_13_14_14_15_16_16_17_17_18_19_19_20_21_22_23_24_19,10_63_43_46_23_10_10_65_90_82_42_33_10_10_100_15_59_64_98_46_96_45_90_63_94_79_62_77_10_87_10_19_78_100_33_46_15_64_42_41,ExploreTrial,0.5,2,2,12,0,0,,0,0,0.0,0.0,0.0,observe_click,9,41,10,39,,,true,,,,0.3240343347639485,-Oh8oG7TFsdwM0cayZ1D,22,-2
1,10913,0,0,0,0,40,164967,22,96,96,96,4,,,html-keyboard-response,13,2.1.0,70661608,40,0,0_1_2_3_4_5_6_7_8_9_3_4_4_9_9_4_9_4_10_11_12_13_13_14_15_16_17_17_17_17_18_19_20_20_20_20_20_21_22_22,35_60_60_100_100_44_10_10_48_100_31_100_100_85_100_100_10_66_48_28_11_70_10_45_58_17_100_96_29_10_54_10_100_100_100_10_17_55_96_10,ExploreTrial,0.5,2,2,12,0,0,,0,0,0.0,0.0,0.0,observe_click,9,41,10,39,,,true,,,,0.33338709677419354,-Oh8oG7TFsdwM0cayZ1D,20,-2
2,36587,20,0,0,20,0,140810,20,86,98,98,7,,,html-keyboard-response,21,2.1.0,70821242,40,0,0_1_2_3_4_5_6_7_8_9_3_3_6_6_8_10_11_12_7_7_11_7_13_14_14_14_14_15_15_15_15_16_16_17_18_18_19_20_20_20,56_10_13_100_26_27_80_52_78_24_100_14_10_10_49_10_52_10_100_100_50_100_28_99_100_10_10_100_100_51_24_60_40_39_67_37_10_81_85_10,ExploreTrial,0.5,2,2,12,0,0,,0,0,0.0,0.0,0.0,observe_click,9,41,10,39,,,true,,,,0.30903263403263403,-Oh8oG7TFsdwM0cayZ1D,12,-8
3,11049,20,0,20,20,0,351052,12,88,90,90,1,,,html-keyboard-response,34,2.1.0,71267087,40,0,0_1_2_3_4_5_6_7_8_9_1_3_8_9_1_4_3_8_9_1_4_8_9_6_8_10_10_10_10_1_1_8_9_11_1_12_12_9_8_1,22_80_10_100_75_10_46_10_75_100_91_10_82_37_70_70_27_98_100_21_10_91_85_23_84_100_10_54_10_100_100_10_39_10_94_10_16_58_73_100,ExploreTrial,0.5,2,2,12,0,0,,0,0,0.0,0.0,0.0,observe_click,9,41,10,39,,,true,,,,0.345,-Oh8oG7TFsdwM0cayZ1D,10,-2
4,21165,20,20,0,20,0,267106,10,72,81,79,4,,,html-keyboard-response,42,2.1.0,71567832,40,0,0_1_2_3_4_5_6_7_8_9_0_1_2_3_4_5_6_7_8_9_0_1_3_4_5_6_9_10_10_10_1_3_4_6_9_10_1_4_9_10,18_71_10_75_68_74_22_11_10_100_85_10_10_69_100_24_100_10_14_43_45_79_10_53_10_44_78_79_66_85_77_10_100_31_27_29_100_56_98_10,ExploreTrial,0.5,2,2,12,0,0,,0,0,0.0,0.0,0.0,observe_click,9,41,10,39,,,true,,,,0.36597560975609755,-Oh8oG7TFsdwM0cayZ1D,9,-1
5,8725,40,0,0,20,0,186933,9,78,97,97,3,,,html-keyboard-response,50,2.1.0,71789870,40,0,0_1_2_3_4_5_6_7_8_9_0_1_2_3_4_5_6_7_8_9_0_1_2_3_4_5_6_7_8_9_0_3_5_6_7_8_9_9_3_3,100_65_45_100_73_71_36_37_100_100_100_45_10_74_20_85_100_100_10_83_37_73_85_79_10_10_74_60_100_79_63_100_70_84_20_10_82_100_100_95,ExploreTrial,0.5,2,2,12,0,0,,0,0,0.0,0.0,0.0,observe_click,9,41,10,39,,,true,,,,0.3529255319148936,-Oh8oG7TFsdwM0cayZ1D,7,-2
6,11200,0,20,0,20,0,286415,7,72,96,88,3,,,html-keyboard-response,58,2.1.0,72101281,40,0,0_1_2_3_4_5_6_7_0_1_2_3_4_5_6_7_0_2_3_4_5_6_7_0_2_3_4_5_7_0_2_3_7_5_0_3_5_0_3_0,100_18_17_65_100_85_78_100_45_11_87_100_95_10_51_100_87_100_74_11_56_10_41_94_70_100_48_100_10_100_10_72_35_49_32_58_66_10_10_84,ExploreTrial,0.5,2,2,12,0,0,,0,0,0.0,0.0,0.0,observe_click,9,41,10,39,,,true,,,,0.4018939393939394,-Oh8oG7TFsdwM0cayZ1D,11,4
7,13643,20,20,0,20,0,251021,11,56,97,80,3,,,html-keyboard-response,66,2.1.0,72373969,40,0,0_1_2_3_4_5_6_7_8_9_0_1_2_3_4_5_6_7_8_9_2_3_10_10_10_11_11_2_3_7_7_0_4_2_3_10_7_7_6_6,22_13_86_41_42_10_40_35_61_58_87_10_100_100_67_61_48_100_10_10_36_56_34_95_61_15_79_100_68_100_10_19_37_16_48_14_100_14_100_42,ExploreTrial,0.5,2,2,12,0,0,,0,0,0.0,0.0,0.0,observe_click,9,41,10,39,,,true,,,,0.3527251184834123,-Oh8oG7TFsdwM0cayZ1D,10,-1
8,8328,40,0,0,20,0,233174,10,73,89,89,8,,,html-keyboard-response,74,2.1.0,72641282,40,0,0_1_2_3_4_5_6_7_8_9_0_1_2_3_4_5_6_7_8_9_10_10_6_8_10_6_5_4_8_8_6_6_8_6_8_6_8_6_8_6,77_47_10_88_65_25_100_57_95_10_10_29_10_35_77_100_100_10_100_45_65_100_100_100_70_100_13_15_100_100_48_100_96_50_65_100_38_100_48_38,ExploreTrial,0.5,2,2,12,0,0,,0,0,0.0,0.0,0.0,observe_click,9,41,10,39,,,true,,,,0.25718884120171676,-Oh8oG7TFsdwM0cayZ1D,11,1
9,9746,0,40,0,20,0,143617,11,64,95,64,8,,,html-keyboard-response,82,2.1.0,72803186,40,0,0_0_0_1_1_2_2_2_3_3_4_4_5_5_6_6_7_7_8_8_9_9_10_10_11_11_0_1_3_4_7_8_11_7_8_0_1_9_8_1,85_68_93_45_100_10_10_58_100_64_85_10_44_28_10_36_10_80_100_41_46_39_64_10_50_39_53_73_19_31_80_100_21_36_69_10_100_14_30_10,ExploreTrial,0.5,2,2,12,0,0,,0,0,0.0,0.0,0.0,observe_click,9,41,10,39,,,true,,,,0.4074257425742574,-Oh8oG7TFsdwM0cayZ1D,11,0
10,10903,0,20,20,20,0,191979,11,84,87,84,11,,,html-keyboard-response,90,2.1.0,73018290,40,0,0_0_1_1_2_2_3_3_4_4_5_5_6_6_7_7_8_8_5_6_7_9_9_3_5_10_10_4_5_0_8_11_11_11_11_11_5_11_11_5,73_10_44_10_50_31_10_100_10_82_62_100_18_87_10_100_10_71_100_10_47_56_10_20_14_16_62_58_64_48_10_100_11_82_100_10_100_74_92_16,ExploreTrial,0.5,2,2,12,0,0,,0,0,0.0,0.0,0.0,observe_click,9,41,10,39,,,true,,,,0.3283333333333333,-Oh8oG7TFsdwM0cayZ1D,13,2
11,10162,0,0,40,0,40,144995,13,97,97,97,8,,,html-keyboard-response,98,2.1.0,73187072,40,0,0_0_1_1_2_2_3_3_4_4_5_5_6_6_7_7_8_8_9_9_1_6_8_9_1_8_9_10_10_11_11_11_12_12_13_13_13_8_9_11,17_23_64_89_56_35_10_10_10_42_10_62_39_100_10_19_79_73_100_10_10_21_59_72_16_86_40_11_10_99_60_43_10_28_100_61_10_100_23_60,ExploreTrial,0.5,2,2,12,0,0,,0,0,0.0,0.0,0.0,observe_click,9,41,10,39,,,true,,,,0.32554347826086955,-Oh8oG7TFsdwM0cayZ1D,9,-4
12,9744,0,40,0,20,0,164074,9,88,99,88,8,,,html-keyboard-response,106,2.1.0,73368618,40,0,0_0_1_1_2_2_3_3_4_4_5_5_6_6_7_7_8_8_9_9_0_1_2_3_5_6_8_9_8_2_9_8_2_2_8_2_8_2_8_9,100_28_68_56_75_54_57_100_24_40_68_45_100_21_15_55_34_100_59_54_32_13_93_10_61_38_100_91_99_100_10_95_100_100_100_100_77_51_88_39,ExploreTrial,0.5,2,2,13,0,0,,0,0,0.0,0.0,0.0,observe_click,9,41,10,39,,,true,,,,0.36015625,-Oh8oG7TFsdwM0cayZ1D,,
0,28086,0,30,0,30,60,174642,29,80,88,80,11,,,html-keyboard-response,5,2.1.0,1866646,40,0,0_1_0_0_2_3_4_5_6_7_8_9_10_11_12_13_14_15_16_17_18_19_1_2_7_11_3_20_21_22_23_24_25_25_26_27_27_28_29_29,53_100_71_21_100_84_57_53_10_100_10_33_10_100_10_12_31_26_64_10_49_79_62_45_74_83_75_55_45_10_10_47_81_41_37_98_45_16_100_71,ExploreTrial,0.5,2,2,12,0,0,,0,0,0.0,0.0,0.0,add_card,31,41,32,55,,,true,,,,0.4064814814814815,-Oh8ufzScrtFpoKDuhZz,33,4
1,15331,90,0,0,100,0,80962,33,85,98,98,7,,,html-keyboard-response,13,2.1.0,1999234,40,0,0_1_2_3_4_5_6_7_8_9_10_11_12_13_14_15_16_17_18_19_0_6_16_7_20_21_22_23_24_25_26_27_28_29_30_31_32_32_33_33,100_69_13_52_43_82_100_94_66_90_54_50_57_12_52_68_100_82_10_60_10_49_55_100_10_57_53_33_68_59_79_13_87_10_32_47_100_65_94_58,ExploreTrial,0.5,2,2,12,0,0,,0,0,0.0,0.0,0.0,add_card,31,41,32,55,,,true,,,,0.36316793893129773,-Oh8ufzScrtFpoKDuhZz,31,-2
2,24393,81,1,50,51,45,75710,31,88,96,96,31,,,html-keyboard-response,21,2.1.0,2102520,40,0,0_1_2_3_4_5_6_7_8_9_10_11_12_13_14_15_16_17_18_19_12_20_21_22_23_12_22_22_24_25_26_27_28_29_30_28_31_31_31_31,46_23_84_26_78_52_44_50_31_10_10_50_100_87_10_26_65_10_89_43_100_21_65_94_74_89_100_49_71_10_42_70_91_86_10_48_100_100_100_100,ExploreTrial,0.5,2,2,12,0,0,,0,0,0.0,0.0,0.0,add_card,31,41,32,55,,,true,,,,0.31930656934306567,-Oh8ufzScrtFpoKDuhZz,25,-6
3,13790,80,0,20,36,41,97351,25,76,94,94,0,,,html-keyboard-response,34,2.1.0,2263484,40,0,0_1_2_3_4_5_6_7_8_9_10_11_12_13_14_15_16_17_18_19_0_0_0_7_11_12_12_13_13_13_16_20_21_21_22_23_23_23_24_25,100_69_77_77_45_10_72_100_41_58_10_100_100_100_45_77_100_29_10_83_100_100_91_10_91_100_92_100_100_47_10_81_100_73_14_100_100_26_20_88,ExploreTrial,0.5,2,2,12,0,0,,0,0,0.0,0.0,0.0,add_card,31,41,32,55,,,true,,,,0.3534253578732106,-Oh8ufzScrtFpoKDuhZz,32,7
4,14244,0,0,30,98,0,78773,32,67,96,96,10,,,html-keyboard-response,42,2.1.0,2371290,40,0,0_1_2_3_4_5_6_7_8_9_10_11_12_13_14_15_16_17_18_19_0_19_20_21_22_23_24_22_22_23_18_25_25_26_27_28_29_30_31_32,96_25_21_70_44_10_65_34_10_10_79_10_39_14_30_10_55_10_96_100_39_44_53_67_100_100_12_100_10_10_10_95_59_30_62_26_63_52_61_70,ExploreTrial,0.5,2,2,12,0,0,,0,0,0.0,0.0,0.0,add_card,31,41,32,55,,,true,,,,0.3247716894977169,-Oh8ufzScrtFpoKDuhZz,30,-2
5,21942,30,80,0,0,80,66945,30,69,90,89,23,,,html-keyboard-response,50,2.1.0,2492857,40,0,0_1_2_3_4_5_6_7_8_9_10_11_12_13_14_15_16_17_18_19_3_3_18_20_21_22_23_24_21_23_24_24_23_25_26_27_28_29_30_30,32_32_50_100_42_10_23_27_56_64_10_10_54_52_70_66_23_93_100_71_100_39_27_75_99_78_100_100_39_68_100_41_75_20_58_34_44_29_100_10,ExploreTrial,0.5,2,2,12,0,0,,0,0,0.0,0.0,0.0,add_card,31,41,32,55,,,true,,,,0.3287854889589905,-Oh8ufzScrtFpoKDuhZz,23,-7
6,10981,0,0,100,0,100,75741,23,93,93,93,19,,,html-keyboard-response,58,2.1.0,2602256,40,0,0_1_2_3_4_5_6_7_8_9_10_11_12_13_14_15_16_17_18_19_4_5_6_6_7_9_9_17_17_19_19_19_19_20_21_22_23_18_23_23,39_98_10_56_100_100_100_100_78_100_15_90_10_10_36_10_37_100_98_100_24_78_100_10_24_98_30_100_85_100_100_100_81_10_10_51_100_10_100_100,ExploreTrial,0.5,2,2,12,0,0,,0,0,0.0,0.0,0.0,add_card,31,41,32,55,,,true,,,,0.31875,-Oh8ufzScrtFpoKDuhZz,30,7
7,15241,0,0,60,60,0,77098,30,67,93,93,26,,,html-keyboard-response,66,2.1.0,2700004,40,0,0_1_2_3_4_5_6_7_8_9_10_11_12_13_14_15_16_17_18_19_10_8_20_21_13_22_23_22_22_24_25_25_26_26_27_28_29_29_29_30,57_56_10_32_50_69_33_11_93_32_100_10_29_91_55_10_62_47_59_10_10_10_10_34_10_100_10_100_10_39_100_53_100_60_31_58_100_75_59_100,ExploreTrial,0.5,2,2,12,0,0,,0,0,0.0,0.0,0.0,add_card,31,41,32,55,,,true,,,,0.31775808936825883,-Oh8ufzScrtFpoKDuhZz,30,0
8,13745,0,0,100,0,100,63460,30,96,96,96,23,,,html-keyboard-response,74,2.1.0,2797978,40,0,0_1_2_3_4_5_6_7_8_9_10_11_12_13_14_15_16_17_18_19_12_20_21_22_23_24_23_23_23_25_26_27_26_27_27_26_28_29_26_30,74_37_56_80_69_17_10_67_71_86_47_47_100_72_60_56_73_55_50_43_11_28_88_76_98_80_100_100_51_76_100_100_53_100_30_80_21_35_15_10,ExploreTrial,0.5,2,2,12,0,0,,0,0,0.0,0.0,0.0,add_card,31,41,32,55,,,true,,,,0.2999262536873156,-Oh8ufzScrtFpoKDuhZz,24,-6
9,15116,0,0,0,100,80,98403,24,82,88,88,1,,,html-keyboard-response,82,2.1.0,2918922,40,0,0_1_2_3_4_5_6_7_8_9_10_1_1_1_1_11_12_13_14_15_16_17_16_16_7_12_12_6_18_18_19_19_20_21_22_23_23_20_24_24,43_100_10_10_48_29_82_94_15_12_64_85_100_100_100_68_84_71_10_30_100_10_82_10_65_100_48_64_100_66_97_10_83_33_48_100_41_46_97_85,ExploreTrial,0.5,2,2,12,0,0,,0,0,0.0,0.0,0.0,add_card,31,41,32,55,,,true,,,,0.365146750524109,-Oh8ufzScrtFpoKDuhZz,23,-1
10,15014,0,0,70,100,0,86539,23,71,91,89,6,,,html-keyboard-response,90,2.1.0,3032069,40,0,0_1_2_3_4_5_6_7_8_9_0_0_1_1_1_1_3_5_5_6_6_5_6_10_9_10_11_12_13_14_15_16_17_18_19_20_21_22_23_6,100_100_39_100_10_100_100_66_10_100_97_62_100_100_44_16_51_83_100_96_100_77_80_100_10_43_45_78_52_51_19_10_76_84_10_10_24_39_85_100,ExploreTrial,0.5,2,2,12,0,0,,0,0,0.0,0.0,0.0,add_card,31,41,32,55,,,true,,,,0.44479472140762466,-Oh8ufzScrtFpoKDuhZz,34,11
11,18679,0,100,0,0,0,59422,34,53,87,86,11,,,html-keyboard-response,98,2.1.0,3116849,40,0,0_1_2_3_4_5_6_7_8_9_10_11_12_13_14_15_16_17_18_19_20_21_22_23_24_25_24_16_11_11_26_27_28_27_29_30_31_32_33_34,18_10_22_37_38_58_16_10_44_10_68_92_10_37_14_33_99_27_21_63_74_68_49_70_100_62_15_13_69_65_48_72_10_58_10_10_10_51_52_100,ExploreTrial,0.5,2,2,12,0,0,,0,0,0.0,0.0,0.0,add_card,31,41,32,55,,,true,,,,0.3282894736842105,-Oh8ufzScrtFpoKDuhZz,31,-3
12,10624,0,0,100,0,100,62907,31,91,91,91,5,,,html-keyboard-response,106,2.1.0,3213509,40,0,0_1_2_3_4_5_6_7_4_5_8_9_10_11_12_13_14_15_16_17_18_19_20_21_22_23_24_22_5_4_5_25_26_27_28_26_27_29_30_31,10_37_66_29_100_100_10_48_100_77_10_42_20_53_17_23_10_73_54_10_54_54_47_10_100_77_38_10_88_10_100_10_100_72_27_10_23_12_35_55,ExploreTrial,0.5,2,2,13,0,0,,0,0,0.0,0.0,0.0,add_card,31,41,32,55,,,true,,,,0.36632996632996634,-Oh8ufzScrtFpoKDuhZz,,
0,25000,0,80,80,0,51,115727,9,83,96,87,1,,,html-keyboard-response,5,2.1.0,1125853,40,0,0_1_2_3_4_5_6_7_8_9_9_3_3_5_5_6_0_1_1_1_5_5_3_3_4_4_2_2_7_7_7_8_8_8_1_1_1_1_1_1,100_100_89_37_78_100_100_70_64_52_80_75_28_100_95_19_54_100_100_19_10_67_30_10_60_90_10_100_70_68_43_70_98_43_73_21_48_60_100_23,ExploreTrial,0.5,2,2,12,0,0,,0,0,0.0,0.0,0.0,observe_click,13,41,17,84,,,true,,,,0.39462025316455696,-Oh9-0YO_POI8WeRPbh-,20,11
1,22852,60,0,51,21,22,73501,20,71,82,82,3,,,html-keyboard-response,13,2.1.0,1235983,40,0,0_1_2_3_4_5_6_7_8_9_10_11_12_13_14_15_10_3_5_13_14_5_13_3_10_3_3_3_3_3_16_17_18_19_20_18_18_18_18_18,48_10_10_100_10_100_13_47_19_66_100_64_76_100_100_10_100_100_100_100_24_10_23_100_10_89_56_100_100_10_49_10_80_10_41_45_49_43_46_36,ExploreTrial,0.5,2,2,12,0,0,,0,0,0.0,0.0,0.0,observe_click,13,41,17,84,,,true,,,,0.35914322250639386,-Oh9-0YO_POI8WeRPbh-,12,-8
2,15277,0,0,100,0,100,91024,12,96,96,96,5,,,html-keyboard-response,21,2.1.0,1357783,40,0,0_0_0_1_2_3_4_5_6_7_8_9_10_11_12_0_1_2_3_4_5_6_7_8_9_10_11_12_8_8_2_2_2_5_5_5_5_5_5_5,13_10_27_37_67_67_27_100_100_27_100_10_71_14_44_21_10_100_51_10_100_77_10_87_91_66_10_66_78_100_100_91_51_64_100_100_100_53_10_100,ExploreTrial,0.5,2,2,12,0,0,,0,0,0.0,0.0,0.0,observe_click,13,41,17,84,,,true,,,,0.3705399061032864,-Oh9-0YO_POI8WeRPbh-,14,2
3,19414,79,0,40,21,59,142949,14,84,86,85,10,,,html-keyboard-response,34,2.1.0,1550493,40,0,0_1_2_3_4_5_6_7_8_9_10_11_12_13_14_0_1_2_3_4_5_6_7_8_9_10_11_12_13_14_9_10_9_10_9_10_0_1_9_10,100_10_38_68_74_31_24_10_10_83_100_12_29_10_100_10_100_65_57_10_90_10_10_10_100_95_23_24_100_49_94_91_61_100_92_10_40_10_47_100,ExploreTrial,0.5,2,2,12,0,0,,0,0,0.0,0.0,0.0,observe_click,13,41,17,84,,,true,,,,0.33057491289198604,-Oh9-0YO_POI8WeRPbh-,16,2
4,13418,0,0,100,0,100,164061,16,84,84,84,16,,,html-keyboard-response,42,2.1.0,1741554,40,0,0_1_2_3_4_5_6_7_8_9_10_11_12_13_14_0_1_2_3_5_4_6_7_8_9_10_11_12_14_13_0_14_15_16_16_16_16_0_14_16,100_60_18_89_47_31_82_10_61_15_30_63_49_39_55_99_10_67_10_57_10_10_84_98_13_15_10_10_100_36_52_92_58_100_100_39_100_100_15_100,ExploreTrial,0.5,2,2,12,0,0,,0,0,0.0,0.0,0.0,observe_click,13,41,17,84,,,true,,,,0.3710960960960961,-Oh9-0YO_POI8WeRPbh-,14,-2
5,21718,0,0,100,0,100,129875,14,93,93,93,5,,,html-keyboard-response,50,2.1.0,1893039,40,0,0_1_2_3_4_5_6_7_8_9_10_11_12_13_14_0_1_2_3_4_5_6_7_8_9_10_11_12_13_14_0_1_5_14_5_14_5_14_5_14,100_86_11_13_10_100_10_58_84_20_16_17_70_10_100_48_100_81_13_56_46_14_10_81_39_10_68_64_84_83_10_56_100_100_100_79_100_64_79_98,ExploreTrial,0.5,2,2,12,0,0,,0,0,0.0,0.0,0.0,observe_click,13,41,17,84,,,true,,,,0.3695993031358885,-Oh9-0YO_POI8WeRPbh-,14,0
6,19621,0,90,60,59,40,128330,14,89,96,89,14,,,html-keyboard-response,58,2.1.0,2050761,40,0,0_1_2_3_4_5_6_7_8_9_10_11_12_13_14_0_1_2_3_4_5_6_7_9_8_10_11_12_13_14_14_10_9_12_0_1_12_14_0_14,100_45_27_10_67_58_30_15_73_100_100_94_100_10_100_55_100_57_10_10_20_55_20_65_10_99_57_69_10_100_100_38_16_63_10_58_49_78_59_100,ExploreTrial,0.5,2,2,12,0,0,,0,0,0.0,0.0,0.0,observe_click,13,41,17,84,,,true,,,,0.3672297297297297,-Oh9-0YO_POI8WeRPbh-,19,5
7,14849,100,0,13,100,0,114633,19,79,88,88,9,,,html-keyboard-response,66,2.1.0,2191843,40,0,0_1_2_3_4_5_6_7_8_9_10_11_12_13_14_15_16_17_18_19_1_9_5_6_4_3_10_9_3_6_3_9_3_9_9_3_6_6_6_9,10_100_10_85_94_100_100_23_10_100_87_30_17_13_59_49_22_46_10_10_32_100_10_100_10_99_69_88_90_21_92_100_60_100_72_69_100_64_100_100,ExploreTrial,0.5,2,2,12,0,0,,0,0,0.0,0.0,0.0,observe_click,13,41,17,84,,,true,,,,0.3497572815533981,-Oh9-0YO_POI8WeRPbh-,17,-2
8,14795,0,0,80,0,60,133793,17,83,86,86,12,,,html-keyboard-response,74,2.1.0,2347676,40,0,0_1_2_3_4_5_6_7_8_9_10_11_12_13_14_1_3_9_10_11_12_13_2_1_10_12_13_3_15_16_17_17_17_3_12_1_10_12_13_12,20_100_83_100_10_21_37_10_63_100_100_100_100_100_10_76_100_56_96_10_100_95_66_32_23_100_40_69_25_61_89_29_10_30_100_20_87_50_75_56,ExploreTrial,0.5,2,2,12,0,0,,0,0,0.0,0.0,0.0,observe_click,13,41,17,84,,,true,,,,0.3345714285714286,-Oh9-0YO_POI8WeRPbh-,16,-1
9,31328,60,100,0,100,0,112744,16,35,100,92,4,,,html-keyboard-response,82,2.1.0,2486204,40,0,0_1_2_3_4_5_6_7_8_9_10_11_12_13_14_0_1_2_3_4_5_6_7_8_9_10_11_12_13_14_2_3_4_5_15_16_16_16_4_3,10_14_100_55_100_74_10_69_100_10_14_10_54_83_85_20_57_55_100_100_92_64_33_10_38_21_10_37_38_63_62_43_74_13_10_74_100_47_70_38,ExploreTrial,0.5,2,2,12,0,0,,0,0,0.0,0.0,0.0,observe_click,13,41,17,84,,,true,,,,0.3772108843537415,-Oh9-0YO_POI8WeRPbh-,19,3
10,23742,100,40,20,80,0,125228,19,84,96,93,2,,,html-keyboard-response,90,2.1.0,2651857,40,0,0_1_2_3_4_5_6_7_8_9_10_11_12_13_14_15_16_17_18_19_0_2_4_19_9_0_19_4_2_9_9_2_19_2_2_19_2_19_19_2,75_56_88_10_69_15_22_26_37_74_39_40_10_29_40_47_10_55_10_100_100_52_91_87_62_10_65_27_100_99_55_100_78_100_74_100_98_100_53_100,ExploreTrial,0.5,2,2,12,0,0,,0,0,0.0,0.0,0.0,observe_click,13,41,17,84,,,true,,,,0.4325070821529745,-Oh9-0YO_POI8WeRPbh-,14,-5
11,14930,60,0,80,10,60,101462,14,89,92,92,14,,,html-keyboard-response,98,2.1.0,2783944,40,0,0_1_2_3_4_5_6_7_8_9_10_11_12_13_14_0_1_2_3_4_5_6_7_8_9_10_11_12_13_14_2_9_4_14_5_4_5_14_5_14,30_34_100_54_92_79_64_53_12_55_10_58_10_40_100_29_33_90_56_64_69_12_10_86_100_10_23_10_64_100_23_10_40_72_100_97_49_100_99_72,ExploreTrial,0.5,2,2,12,0,0,,0,0,0.0,0.0,0.0,observe_click,13,41,17,84,,,true,,,,0.3506993006993007,-Oh9-0YO_POI8WeRPbh-,16,2
12,13351,60,100,0,100,0,114403,16,53,93,87,13,,,html-keyboard-response,106,2.1.0,2918962,40,0,0_1_2_3_4_5_6_7_8_9_10_11_12_13_14_0_1_2_3_4_5_6_7_8_9_10_11_12_13_14_6_5_13_2_3_15_16_16_16_13,11_77_89_100_10_100_65_15_67_31_62_65_50_100_20_82_41_53_66_82_51_94_10_24_73_40_22_19_100_93_37_10_62_23_63_10_100_10_85_84,ExploreTrial,0.5,2,2,13,0,0,,0,0,0.0,0.0,0.0,observe_click,13,41,17,84,,,true,,,,0.3569047619047619,-Oh9-0YO_POI8WeRPbh-,,
0,34035,12,0,92,9,40,174102,39,90,90,90,14,,,html-keyboard-response,5,2.1.0,44136483,40,0,0_1_2_3_4_5_6_7_8_9_10_11_12_13_14_15_16_17_18_19_20_21_22_23_24_25_26_27_28_29_30_31_32_33_34_35_36_37_38_39,50_10_75_91_66_46_61_10_10_10_10_96_98_98_100_100_79_10_15_76_44_64_19_10_42_100_91_10_100_10_100_100_75_100_10_100_53_81_10_38,ExploreTrial,0.5,2,2,12,0,0,,0,0,0.0,0.0,0.0,observe_click,13,41,20,40,,,true,,,,0.3416666666666667,-Oh99kHAx8BqNRQJsu0V,15,-24
1,39000,0,22,50,87,12,258571,15,76,98,98,4,,,html-keyboard-response,13,2.1.0,44474799,40,0,0_1_2_3_4_0_1_1_2_3_4_0_1_2_3_4_0_1_2_3_4_5_5_6_6_7_7_8_9_9_10_11_12_12_12_13_14_13_13_15,94_100_95_56_100_10_100_61_10_100_100_82_73_35_49_82_56_100_18_76_100_100_50_77_77_74_89_48_100_17_24_17_99_100_61_10_66_10_84_72,ExploreTrial,0.5,2,2,12,0,0,,0,0,0.0,0.0,0.0,observe_click,13,41,20,40,,,true,,,,0.45416666666666666,-Oh99kHAx8BqNRQJsu0V,25,10
2,25098,0,14,97,0,77,222396,25,92,92,92,24,,,html-keyboard-response,21,2.1.0,44796448,40,0,0_1_2_3_4_5_6_7_0_1_2_5_6_8_9_10_10_11_11_12_13_14_15_16_17_18_18_19_20_21_22_22_23_24_24_24_25_5_24_5,91_10_100_10_66_100_95_10_10_50_70_83_27_40_47_100_33_70_57_51_58_41_63_10_18_74_43_67_59_56_100_66_17_100_100_90_10_100_100_100,ExploreTrial,0.5,2,2,12,0,0,,0,0,0.0,0.0,0.0,observe_click,13,41,20,40,,,true,,,,0.38340248962655604,-Oh99kHAx8BqNRQJsu0V,25,0
3,28433,31,22,62,70,32,191083,25,94,98,95,14,,,html-keyboard-response,34,2.1.0,45081896,40,0,0_1_2_3_4_0_1_2_5_6_7_5_6_8_9_9_10_11_11_12_13_14_14_15_15_16_16_17_17_14_18_19_20_21_22_14_23_24_25_25,98_100_87_10_41_85_62_36_80_80_10_16_42_63_100_65_61_100_23_41_73_100_95_84_100_79_56_75_97_100_22_33_68_75_10_100_29_23_100_61,ExploreTrial,0.5,2,2,12,0,0,,0,0,0.0,0.0,0.0,observe_click,13,41,20,40,,,true,,,,0.35632911392405064,-Oh99kHAx8BqNRQJsu0V,28,3
4,31024,12,3,41,88,33,170420,28,84,94,94,21,,,html-keyboard-response,42,2.1.0,45337501,40,0,0_1_2_3_4_0_4_5_6_7_8_9_10_11_12_12_13_14_15_14_14_4_16_17_18_19_19_20_21_22_23_24_21_24_21_25_26_27_27_28,79_16_38_10_100_60_100_46_20_10_33_10_10_10_100_27_10_100_10_100_84_86_57_10_10_76_64_49_100_76_66_100_100_59_99_91_87_100_57_85,ExploreTrial,0.5,2,2,12,0,0,,0,0,0.0,0.0,0.0,observe_click,13,41,20,40,,,true,,,,0.3418727915194346,-Oh99kHAx8BqNRQJsu0V,26,-2
5,28158,6,5,68,91,15,191659,26,60,90,90,6,,,html-keyboard-response,50,2.1.0,45601290,40,0,0_1_2_3_4_5_6_7_5_6_7_8_9_10_11_12_13_14_15_12_13_15_16_17_18_19_16_19_7_5_6_20_21_22_23_5_6_24_25_26,24_34_56_18_50_100_100_100_96_94_100_46_52_10_14_100_75_41_75_10_100_12_96_10_36_100_85_26_71_66_100_83_45_36_14_10_100_66_81_10,ExploreTrial,0.5,2,2,12,0,0,,0,0,0.0,0.0,0.0,observe_click,13,41,20,40,,,true,,,,0.3450845665961945,-Oh99kHAx8BqNRQJsu0V,23,-3
6,24376,0,18,89,0,78,232126,23,97,97,97,9,,,html-keyboard-response,58,2.1.0,45903375,40,0,0_1_2_3_4_5_6_7_0_1_5_7_8_9_10_11_9_11_12_13_14_15_16_17_18_19_16_18_19_9_18_20_21_22_20_22_23_7_16_16,100_72_24_39_10_78_70_95_53_44_10_80_66_100_10_81_91_82_20_10_57_10_97_11_90_100_85_100_77_76_19_100_37_100_78_25_73_90_97_10,ExploreTrial,0.5,2,2,12,0,0,,0,0,0.0,0.0,0.0,observe_click,13,41,20,40,,,true,,,,0.3345744680851064,-Oh99kHAx8BqNRQJsu0V,24,1
7,29931,0,0,85,0,91,276678,24,91,91,91,3,,,html-keyboard-response,66,2.1.0,46278707,40,0,0_1_2_3_4_5_6_7_0_3_4_8_9_10_11_8_12_13_14_15_12_13_16_17_18_19_3_8_20_21_22_23_22_23_23_3_24_23_23_3,93_57_10_90_77_10_10_10_62_100_73_83_13_38_64_100_93_94_15_31_62_42_62_20_20_10_75_36_10_10_74_100_31_100_64_100_50_100_31_70,ExploreTrial,0.5,2,2,12,0,0,,0,0,0.0,0.0,0.0,observe_click,13,41,20,40,,,true,,,,0.38052016985138004,-Oh99kHAx8BqNRQJsu0V,20,-4
8,29757,60,31,8,90,8,304402,20,89,94,93,3,,,html-keyboard-response,74,2.1.0,46656519,40,0,0_1_2_3_4_5_6_7_1_2_3_5_6_8_9_10_11_8_10_12_13_14_15_13_16_17_18_19_17_13_17_3_5_5_13_20_20_3_13_3,10_100_94_99_12_99_100_10_10_22_89_81_10_84_11_81_26_47_97_65_100_10_32_100_10_100_28_53_100_80_43_84_100_11_100_100_52_100_10_39,ExploreTrial,0.5,2,2,12,0,0,,0,0,0.0,0.0,0.0,observe_click,13,41,20,40,,,true,,,,0.3683783783783784,-Oh99kHAx8BqNRQJsu0V,23,3
9,24198,45,42,14,93,5,336281,23,58,96,87,3,,,html-keyboard-response,82,2.1.0,47065831,40,0,0_1_2_3_4_5_6_7_2_3_4_5_6_8_9_10_11_8_12_13_14_15_12_14_16_17_18_19_18_5_12_8_20_21_22_23_12_14_5_3,60_10_82_85_100_100_100_10_32_80_34_83_10_80_52_10_48_100_100_36_100_17_100_75_10_43_100_26_22_75_70_45_10_44_10_73_10_71_85_100,ExploreTrial,0.5,2,2,12,0,0,,0,0,0.0,0.0,0.0,observe_click,13,41,20,40,,,true,,,,0.3562039312039312,-Oh99kHAx8BqNRQJsu0V,27,4
10,26428,31,30,29,88,7,307438,27,75,97,81,16,,,html-keyboard-response,90,2.1.0,47422500,40,0,0_1_2_3_4_5_6_7_8_9_10_11_12_13_14_15_6_8_16_17_18_19_16_8_16_20_21_22_23_23_23_24_25_26_27_23_8_16_23_16,12_19_53_10_45_64_98_50_99_44_10_46_20_10_38_10_10_100_100_10_10_68_100_59_28_25_10_21_93_100_76_69_64_65_26_28_45_100_30_64,ExploreTrial,0.5,2,2,12,0,0,,0,0,0.0,0.0,0.0,observe_click,13,41,20,40,,,true,,,,0.31196808510638296,-Oh99kHAx8BqNRQJsu0V,23,-4
11,17546,61,0,9,95,0,293894,23,64,99,99,4,,,html-keyboard-response,98,2.1.0,47778008,40,0,0_1_2_3_4_5_6_7_8_9_10_11_12_13_14_15_1_2_6_8_12_13_16_17_18_19_20_21_20_21_22_23_4_14_4_14_4_14_4_4,10_71_69_27_67_59_79_10_75_44_10_57_87_100_78_28_52_54_47_10_57_10_11_10_10_20_100_85_10_51_38_30_100_100_97_93_81_45_100_43,ExploreTrial,0.5,2,2,12,0,0,,0,0,0.0,0.0,0.0,observe_click,13,41,20,40,,,true,,,,0.36716152019002374,-Oh99kHAx8BqNRQJsu0V,19,-4
12,16385,41,0,7,78,7,173923,19,73,96,96,16,,,html-keyboard-response,106,2.1.0,47996997,40,0,0_1_2_3_4_5_6_7_0_1_3_6_7_8_9_10_11_8_9_11_12_13_14_15_13_14_16_17_18_19_16_17_19_8_16_19_13_16_8_13,77_97_35_85_18_10_100_82_10_24_10_10_83_97_94_35_100_100_92_60_77_86_89_42_75_28_100_100_23_90_100_80_100_10_65_10_82_100_10_40,ExploreTrial,0.5,2,2,13,0,0,,0,0,0.0,0.0,0.0,observe_click,13,41,20,40,,,true,,,,0.3216830466830467,-Oh99kHAx8BqNRQJsu0V,,
